machine_id,machine,second,minute,tcp_new,udp_new,tcp_end,udp_end,tcp_net_connections,tcp_concurrent,udp_net_connections,udp_concurrent
mb_cap,1,1,1,0,0,1,0,-1,-1,0,0
mb_cap,1,2,1,0,2,0,0,0,-1,2,2
mb_cap,1,3,1,0,0,1,0,-1,-2,0,2
mb_cap,1,4,1,2,0,0,0,2,0,0,2
mb_cap,1,5,1,0,0,1,0,-1,-1,0,2
mb_cap,1,6,1,0,0,0,0,0,-1,0,2
mb_cap,1,7,1,0,0,1,0,-1,-2,0,2
mb_cap,1,8,1,2,0,0,0,2,0,0,2
mb_cap,1,9,1,0,0,1,0,-1,-1,0,2
mb_cap,1,10,1,0,0,0,0,0,-1,0,2
mb_cap,1,11,1,0,0,1,0,-1,-2,0,2
mb_cap,1,12,1,3,1,1,0,2,0,1,3
mb_cap,1,13,1,1,0,0,0,1,1,0,3
mb_cap,1,14,1,0,0,1,0,-1,0,0,3
mb_cap,1,15,1,2,0,1,0,1,1,0,3
mb_cap,1,16,1,0,0,0,0,0,1,0,3
mb_cap,1,17,1,0,1,0,0,0,1,1,4
mb_cap,1,18,1,0,0,1,1,-1,0,-1,3
mb_cap,1,19,1,0,0,0,0,0,0,0,3
mb_cap,1,20,1,3,0,1,0,2,2,0,3
mb_cap,1,21,1,2,3,0,3,2,4,0,3
mb_cap,1,22,1,0,0,0,0,0,4,0,3
mb_cap,1,23,1,0,0,1,0,-1,3,0,3
mb_cap,1,24,1,1,0,1,0,0,3,0,3
mb_cap,1,25,1,1,0,1,0,0,3,0,3
mb_cap,1,26,1,1,2,0,1,1,4,1,4
mb_cap,1,27,1,0,0,1,0,-1,3,0,4
mb_cap,1,28,1,3,1,1,0,2,5,1,5
mb_cap,1,29,1,0,0,1,0,-1,4,0,5
mb_cap,1,30,1,0,0,0,0,0,4,0,5
mb_cap,1,31,1,0,0,1,0,-1,3,0,5
mb_cap,1,32,1,2,0,0,0,2,5,0,5
mb_cap,1,33,1,0,0,2,0,-2,3,0,5
mb_cap,1,34,1,0,0,0,0,0,3,0,5
mb_cap,1,35,1,1,0,2,0,-1,2,0,5
mb_cap,1,36,1,2,0,0,0,2,4,0,5
mb_cap,1,37,1,0,0,1,0,-1,3,0,5
mb_cap,1,38,1,1,3,0,3,1,4,0,5
mb_cap,1,39,1,0,3,2,2,-2,2,1,6
mb_cap,1,40,1,3,0,0,0,3,5,0,6
mb_cap,1,41,1,0,0,1,0,-1,4,0,6
mb_cap,1,42,1,0,6,0,2,0,4,4,10
mb_cap,1,43,1,5,6,1,6,4,8,0,10
mb_cap,1,44,1,4,4,1,3,3,11,1,11
mb_cap,1,45,1,2,2,3,2,-1,10,0,11
mb_cap,1,46,1,1,0,0,0,1,11,0,11
mb_cap,1,47,1,1,0,2,0,-1,10,0,11
mb_cap,1,48,1,2,0,0,0,2,12,0,11
mb_cap,1,49,1,0,0,1,1,-1,11,-1,10
mb_cap,1,50,1,0,0,0,0,0,11,0,10
mb_cap,1,51,1,0,0,1,0,-1,10,0,10
mb_cap,1,52,1,2,0,0,0,2,12,0,10
mb_cap,1,53,1,2,0,2,0,0,12,0,10
mb_cap,1,54,1,4,2,4,2,0,12,0,10
mb_cap,1,55,1,0,0,2,0,-2,10,0,10
mb_cap,1,56,1,3,0,0,0,3,13,0,10
mb_cap,1,57,1,0,0,1,0,-1,12,0,10
mb_cap,1,58,1,0,0,0,0,0,12,0,10
mb_cap,1,59,1,1,0,3,0,-2,10,0,10
mb_cap,1,60,1,2,0,0,0,2,12,0,10
mb_cap,1,61,2,0,0,1,0,-1,11,0,10
mb_cap,1,62,2,1,3,0,1,1,12,2,12
mb_cap,1,63,2,0,0,2,0,-2,10,0,12
mb_cap,1,64,2,2,4,0,3,2,12,1,13
mb_cap,1,65,2,0,0,0,0,0,12,0,13
mb_cap,1,66,2,0,0,0,0,0,12,0,13
mb_cap,1,67,2,1,6,1,6,0,12,0,13
mb_cap,1,68,2,2,0,2,0,0,12,0,13
mb_cap,1,69,2,0,0,1,0,-1,11,0,13
mb_cap,1,70,2,0,0,0,0,0,11,0,13
mb_cap,1,71,2,1,0,2,0,-1,10,0,13
mb_cap,1,72,2,3,0,0,0,3,13,0,13
mb_cap,1,73,2,3,2,1,1,2,15,1,14
mb_cap,1,74,2,0,0,1,0,-1,14,0,14
mb_cap,1,75,2,0,0,1,0,-1,13,0,14
mb_cap,1,76,2,3,0,1,0,2,15,0,14
mb_cap,1,77,2,0,0,1,0,-1,14,0,14
mb_cap,1,78,2,0,4,0,2,0,14,2,16
mb_cap,1,79,2,0,0,0,0,0,14,0,16
mb_cap,1,80,2,2,0,0,0,2,16,0,16
mb_cap,1,81,2,0,0,0,0,0,16,0,16
mb_cap,1,82,2,0,0,0,0,0,16,0,16
mb_cap,1,83,2,1,3,2,3,-1,15,0,16
mb_cap,1,84,2,2,0,0,0,2,17,0,16
mb_cap,1,85,2,0,0,1,0,-1,16,0,16
mb_cap,1,86,2,0,0,0,0,0,16,0,16
mb_cap,1,87,2,0,0,1,0,-1,15,0,16
mb_cap,1,88,2,2,0,0,0,2,17,0,16
mb_cap,1,89,2,0,0,1,0,-1,16,0,16
mb_cap,1,90,2,0,0,0,1,0,16,-1,15
mb_cap,1,91,2,0,0,1,0,-1,15,0,15
mb_cap,1,92,2,2,0,0,0,2,17,0,15
mb_cap,1,93,2,0,0,3,0,-3,14,0,15
mb_cap,1,94,2,0,0,0,0,0,14,0,15
mb_cap,1,95,2,1,0,2,0,-1,13,0,15
mb_cap,1,96,2,2,0,0,0,2,15,0,15
mb_cap,1,97,2,2,2,1,3,1,16,-1,14
mb_cap,1,98,2,5,2,2,1,3,19,1,15
mb_cap,1,99,2,0,0,1,0,-1,18,0,15
mb_cap,1,100,2,2,0,0,0,2,20,0,15
mb_cap,1,101,2,1,2,2,2,-1,19,0,15
mb_cap,1,102,2,0,0,0,0,0,19,0,15
mb_cap,1,103,2,0,0,1,0,-1,18,0,15
mb_cap,1,104,2,3,0,0,0,3,21,0,15
mb_cap,1,105,2,0,0,1,0,-1,20,0,15
mb_cap,1,106,2,0,0,0,0,0,20,0,15
mb_cap,1,107,2,2,0,3,0,-1,19,0,15
mb_cap,1,108,2,2,0,0,0,2,21,0,15
mb_cap,1,109,2,1,2,2,1,-1,20,1,16
mb_cap,1,110,2,1,4,0,2,1,21,2,18
mb_cap,1,111,2,1,3,1,2,0,21,1,19
mb_cap,1,112,2,2,0,0,0,2,23,0,19
mb_cap,1,113,2,17,15,2,9,15,38,6,25
mb_cap,1,114,2,0,0,0,0,0,38,0,25
mb_cap,1,115,2,0,0,1,0,-1,37,0,25
mb_cap,1,116,2,2,0,0,0,2,39,0,25
mb_cap,1,117,2,5,4,1,6,4,43,-2,23
mb_cap,1,118,2,3,4,1,5,2,45,-1,22
mb_cap,1,119,2,1,0,1,0,0,45,0,22
mb_cap,1,120,2,2,1,1,1,1,46,0,22
mb_cap,1,121,3,0,0,1,0,-1,45,0,22
mb_cap,1,122,3,0,0,0,0,0,45,0,22
mb_cap,1,123,3,0,0,1,0,-1,44,0,22
mb_cap,1,124,3,4,2,0,1,4,48,1,23
mb_cap,1,125,3,0,0,1,0,-1,47,0,23
mb_cap,1,126,3,0,3,0,3,0,47,0,23
mb_cap,1,127,3,0,1,1,1,-1,46,0,23
mb_cap,1,128,3,2,4,0,3,2,48,1,24
mb_cap,1,129,3,0,16,1,11,-1,47,5,29
mb_cap,1,130,3,0,0,0,1,0,47,-1,28
mb_cap,1,131,3,1,0,2,0,-1,46,0,28
mb_cap,1,132,3,2,0,0,0,2,48,0,28
mb_cap,1,133,3,0,0,0,0,0,48,0,28
mb_cap,1,134,3,0,0,0,0,0,48,0,28
mb_cap,1,135,3,0,0,1,1,-1,47,-1,27
mb_cap,1,136,3,2,7,0,5,2,49,2,29
mb_cap,1,137,3,0,2,1,1,-1,48,1,30
mb_cap,1,138,3,0,0,1,0,-1,47,0,30
mb_cap,1,139,3,2,0,1,0,1,48,0,30
mb_cap,1,140,3,0,0,0,0,0,48,0,30
mb_cap,1,141,3,0,0,0,0,0,48,0,30
mb_cap,1,142,3,0,4,1,4,-1,47,0,30
mb_cap,1,143,3,2,0,2,1,0,47,-1,29
mb_cap,1,144,3,1,0,1,0,0,47,0,29
mb_cap,1,145,3,0,0,0,0,0,47,0,29
mb_cap,1,146,3,1,2,1,1,0,47,1,30
mb_cap,1,147,3,4,4,3,4,1,48,0,30
mb_cap,1,148,3,4,2,0,1,4,52,1,31
mb_cap,1,149,3,0,0,0,0,0,52,0,31
mb_cap,1,150,3,0,0,0,0,0,52,0,31
mb_cap,1,151,3,0,0,1,0,-1,51,0,31
mb_cap,1,152,3,0,0,0,0,0,51,0,31
mb_cap,1,153,3,1,0,1,0,0,51,0,31
mb_cap,1,154,3,0,0,0,0,0,51,0,31
mb_cap,1,155,3,1,0,2,0,-1,50,0,31
mb_cap,1,156,3,2,0,1,0,1,51,0,31
mb_cap,1,157,3,0,0,1,0,-1,50,0,31
mb_cap,1,158,3,0,0,0,0,0,50,0,31
mb_cap,1,159,3,0,0,1,0,-1,49,0,31
mb_cap,1,160,3,2,0,0,0,2,51,0,31
mb_cap,1,161,3,0,0,1,0,-1,50,0,31
mb_cap,1,162,3,0,0,0,0,0,50,0,31
mb_cap,1,163,3,2,5,1,5,1,51,0,31
mb_cap,1,164,3,2,0,0,0,2,53,0,31
mb_cap,1,165,3,0,0,1,1,-1,52,-1,30
mb_cap,1,166,3,0,0,1,0,-1,51,0,30
mb_cap,1,167,3,1,0,2,0,-1,50,0,30
mb_cap,1,168,3,5,6,1,2,4,54,4,34
mb_cap,1,169,3,2,2,3,2,-1,53,0,34
mb_cap,1,170,3,0,0,0,0,0,53,0,34
mb_cap,1,171,3,0,0,1,0,-1,52,0,34
mb_cap,1,172,3,2,0,0,0,2,54,0,34
mb_cap,1,173,3,0,0,7,0,-7,47,0,34
mb_cap,1,174,3,0,0,0,0,0,47,0,34
mb_cap,1,175,3,0,0,1,0,-1,46,0,34
mb_cap,1,176,3,2,0,0,0,2,48,0,34
mb_cap,1,177,3,0,0,1,0,-1,47,0,34
mb_cap,1,178,3,0,0,0,0,0,47,0,34
mb_cap,1,179,3,1,0,2,0,-1,46,0,34
mb_cap,1,180,3,2,1,0,0,2,48,1,35
mb_cap,1,181,4,0,0,1,0,-1,47,0,35
mb_cap,1,182,4,0,0,0,0,0,47,0,35
mb_cap,1,183,4,0,0,1,0,-1,46,0,35
mb_cap,1,184,4,2,3,0,3,2,48,0,35
mb_cap,1,185,4,0,4,1,3,-1,47,1,36
mb_cap,1,186,4,0,0,0,0,0,47,0,36
mb_cap,1,187,4,0,0,1,0,-1,46,0,36
mb_cap,1,188,4,2,0,0,0,2,48,0,36
mb_cap,1,189,4,0,0,1,0,-1,47,0,36
mb_cap,1,190,4,0,0,0,0,0,47,0,36
mb_cap,1,191,4,1,0,2,0,-1,46,0,36
mb_cap,1,192,4,2,0,0,0,2,48,0,36
mb_cap,1,193,4,0,1,2,1,-2,46,0,36
mb_cap,1,194,4,0,0,0,0,0,46,0,36
mb_cap,1,195,4,2,14,1,12,1,47,2,38
mb_cap,1,196,4,7,30,0,21,7,54,9,47
mb_cap,1,197,4,15,30,1,22,14,68,8,55
mb_cap,1,198,4,2,4,0,4,2,70,0,55
mb_cap,1,199,4,1,7,1,8,0,70,-1,54
mb_cap,1,200,4,5,1,1,0,4,74,1,55
mb_cap,1,201,4,0,0,1,0,-1,73,0,55
mb_cap,1,202,4,0,0,0,0,0,73,0,55
mb_cap,1,203,4,2,0,2,0,0,73,0,55
mb_cap,1,204,4,2,0,0,0,2,75,0,55
mb_cap,1,205,4,0,0,1,0,-1,74,0,55
mb_cap,1,206,4,0,0,0,0,0,74,0,55
mb_cap,1,207,4,0,0,1,0,-1,73,0,55
mb_cap,1,208,4,2,4,1,2,1,74,2,57
mb_cap,1,209,4,1,0,1,0,0,74,0,57
mb_cap,1,210,4,0,0,2,0,-2,72,0,57
mb_cap,1,211,4,0,0,1,0,-1,71,0,57
mb_cap,1,212,4,2,0,0,0,2,73,0,57
mb_cap,1,213,4,1,2,1,2,0,73,0,57
mb_cap,1,214,4,0,0,0,0,0,73,0,57
mb_cap,1,215,4,1,0,2,0,-1,72,0,57
mb_cap,1,216,4,2,0,0,0,2,74,0,57
mb_cap,1,217,4,0,0,1,0,-1,73,0,57
mb_cap,1,218,4,0,0,0,1,0,73,-1,56
mb_cap,1,219,4,0,0,1,0,-1,72,0,56
mb_cap,1,220,4,3,0,0,2,3,75,-2,54
mb_cap,1,221,4,1,0,0,0,1,76,0,54
mb_cap,1,222,4,0,0,0,2,0,76,-2,52
mb_cap,1,223,4,2,10,1,8,1,77,2,54
mb_cap,1,224,4,2,0,2,1,0,77,-1,53
mb_cap,1,225,4,0,0,1,0,-1,76,0,53
mb_cap,1,226,4,0,0,0,1,0,76,-1,52
mb_cap,1,227,4,1,0,2,0,-1,75,0,52
mb_cap,1,228,4,2,0,0,0,2,77,0,52
mb_cap,1,229,4,0,0,1,0,-1,76,0,52
mb_cap,1,230,4,0,0,0,0,0,76,0,52
mb_cap,1,231,4,0,0,1,0,-1,75,0,52
mb_cap,1,232,4,3,0,1,0,2,77,0,52
mb_cap,1,233,4,0,0,1,0,-1,76,0,52
mb_cap,1,234,4,0,0,0,0,0,76,0,52
mb_cap,1,235,4,0,0,0,0,0,76,0,52
mb_cap,1,236,4,2,0,0,0,2,78,0,52
mb_cap,1,237,4,0,0,2,0,-2,76,0,52
mb_cap,1,238,4,0,0,0,0,0,76,0,52
mb_cap,1,239,4,1,0,2,0,-1,75,0,52
mb_cap,1,240,4,2,0,0,0,2,77,0,52
mb_cap,1,241,5,0,0,1,1,-1,76,-1,51
mb_cap,1,242,5,0,5,0,3,0,76,2,53
mb_cap,1,243,5,0,0,1,0,-1,75,0,53
mb_cap,1,244,5,2,0,0,0,2,77,0,53
mb_cap,1,245,5,0,0,0,0,0,77,0,53
mb_cap,1,246,5,0,0,0,0,0,77,0,53
mb_cap,1,247,5,0,0,1,0,-1,76,0,53
mb_cap,1,248,5,2,0,0,0,2,78,0,53
mb_cap,1,249,5,0,0,1,0,-1,77,0,53
mb_cap,1,250,5,0,0,0,0,0,77,0,53
mb_cap,1,251,5,1,0,2,0,-1,76,0,53
mb_cap,1,252,5,2,4,0,4,2,78,0,53
mb_cap,1,253,5,2,0,1,0,1,79,0,53
mb_cap,1,254,5,0,0,0,0,0,79,0,53
mb_cap,1,255,5,0,0,1,0,-1,78,0,53
mb_cap,1,256,5,2,0,0,0,2,80,0,53
mb_cap,1,257,5,0,1,1,1,-1,79,0,53
mb_cap,1,258,5,0,0,17,0,-17,62,0,53
mb_cap,1,259,5,0,0,1,0,-1,61,0,53
mb_cap,1,260,5,2,0,0,0,2,63,0,53
mb_cap,1,261,5,0,0,1,0,-1,62,0,53
mb_cap,1,262,5,0,0,1,0,-1,61,0,53
mb_cap,1,263,5,2,0,3,0,-1,60,0,53
mb_cap,1,264,5,2,10,0,7,2,62,3,56
mb_cap,1,265,5,1,1,1,1,0,62,0,56
mb_cap,1,266,5,0,0,0,1,0,62,-1,55
mb_cap,1,267,5,0,0,1,1,-1,61,-1,54
mb_cap,1,268,5,2,2,0,2,2,63,0,54
mb_cap,1,269,5,2,2,2,3,0,63,-1,53
mb_cap,1,270,5,1,1,0,1,1,64,0,53
mb_cap,1,271,5,0,0,1,0,-1,63,0,53
mb_cap,1,272,5,2,0,1,0,1,64,0,53
mb_cap,1,273,5,0,0,1,0,-1,63,0,53
mb_cap,1,274,5,0,0,0,0,0,63,0,53
mb_cap,1,275,5,1,0,2,0,-1,62,0,53
mb_cap,1,276,5,2,0,0,0,2,64,0,53
mb_cap,1,277,5,0,0,1,0,-1,63,0,53
mb_cap,1,278,5,0,0,0,0,0,63,0,53
mb_cap,1,279,5,1,1,0,0,1,64,1,54
mb_cap,1,280,5,2,0,0,0,2,66,0,54
mb_cap,1,281,5,0,0,1,1,-1,65,-1,53
mb_cap,1,282,5,0,0,0,0,0,65,0,53
mb_cap,1,283,5,0,0,0,0,0,65,0,53
mb_cap,1,284,5,2,0,0,0,2,67,0,53
mb_cap,1,285,5,0,0,1,0,-1,66,0,53
mb_cap,1,286,5,0,0,2,0,-2,64,0,53
mb_cap,1,287,5,1,0,1,0,0,64,0,53
mb_cap,1,288,5,2,0,0,0,2,66,0,53
mb_cap,1,289,5,0,0,2,0,-2,64,0,53
mb_cap,1,290,5,0,0,0,0,0,64,0,53
mb_cap,1,291,5,1,2,1,2,0,64,0,53
mb_cap,1,292,5,2,0,1,0,1,65,0,53
mb_cap,1,293,5,0,0,0,0,0,65,0,53
mb_cap,1,294,5,0,0,0,0,0,65,0,53
mb_cap,1,295,5,1,0,2,0,-1,64,0,53
mb_cap,1,296,5,2,0,0,0,2,66,0,53
mb_cap,1,297,5,0,1,0,1,0,66,0,53
mb_cap,1,298,5,0,0,2,0,-2,64,0,53
mb_cap,1,299,5,0,0,1,0,-1,63,0,53
mb_cap,1,300,5,3,0,1,0,2,65,0,53
mb_cap,1,301,6,0,0,0,0,0,65,0,53
mb_cap,1,302,6,0,0,0,0,0,65,0,53
mb_cap,1,303,6,0,0,1,0,-1,64,0,53
mb_cap,1,304,6,0,0,1,0,-1,63,0,53
mb_cap,1,305,6,1,0,0,0,1,64,0,53
mb_cap,1,306,6,0,0,0,0,0,64,0,53
mb_cap,1,307,6,0,0,1,0,-1,63,0,53
mb_cap,1,308,6,2,0,0,0,2,65,0,53
mb_cap,1,309,6,0,0,1,0,-1,64,0,53
mb_cap,1,310,6,0,0,1,0,-1,63,0,53
mb_cap,1,311,6,2,0,1,0,1,64,0,53
mb_cap,1,312,6,0,0,0,0,0,64,0,53
mb_cap,1,313,6,0,0,0,0,0,64,0,53
mb_cap,1,314,6,0,0,0,0,0,64,0,53
mb_cap,1,315,6,0,0,0,0,0,64,0,53
mb_cap,1,316,6,3,0,1,0,2,66,0,53
mb_cap,1,317,6,0,4,0,2,0,66,2,55
mb_cap,1,318,6,1,3,0,3,1,67,0,55
mb_cap,1,319,6,0,0,1,0,-1,66,0,55
mb_cap,1,320,6,0,5,1,5,-1,65,0,55
mb_cap,1,321,6,2,1,3,0,-1,64,1,56
mb_cap,1,322,6,0,0,0,0,0,64,0,56
mb_cap,1,323,6,0,0,1,0,-1,63,0,56
mb_cap,1,324,6,2,0,0,0,2,65,0,56
mb_cap,1,325,6,0,0,1,0,-1,64,0,56
mb_cap,1,326,6,0,0,2,0,-2,62,0,56
mb_cap,1,327,6,2,0,1,0,1,63,0,56
mb_cap,1,328,6,0,7,1,5,-1,62,2,58
mb_cap,1,329,6,1,0,0,1,1,63,-1,57
mb_cap,1,330,6,0,0,2,0,-2,61,0,57
mb_cap,1,331,6,0,0,0,0,0,61,0,57
mb_cap,1,332,6,3,0,0,0,3,64,0,57
mb_cap,1,333,6,0,0,1,0,-1,63,0,57
mb_cap,1,334,6,0,0,0,0,0,63,0,57
mb_cap,1,335,6,0,0,1,0,-1,62,0,57
mb_cap,1,336,6,2,0,0,0,2,64,0,57
mb_cap,1,337,6,0,0,1,0,-1,63,0,57
mb_cap,1,338,6,0,0,0,0,0,63,0,57
mb_cap,1,339,6,0,0,1,0,-1,62,0,57
mb_cap,1,340,6,2,0,0,0,2,64,0,57
mb_cap,1,341,6,0,0,1,0,-1,63,0,57
mb_cap,1,342,6,0,6,0,6,0,63,0,57
mb_cap,1,343,6,6,8,2,5,4,67,3,60
mb_cap,1,344,6,8,2,5,2,3,70,0,60
mb_cap,1,345,6,2,2,4,1,-2,68,1,61
mb_cap,1,346,6,3,6,0,6,3,71,0,61
mb_cap,1,347,6,1,2,1,1,0,71,1,62
mb_cap,1,348,6,5,7,0,7,5,76,0,62
mb_cap,1,349,6,2,4,1,4,1,77,0,62
mb_cap,1,350,6,3,4,1,4,2,79,0,62
mb_cap,1,351,6,0,0,1,0,-1,78,0,62
mb_cap,1,352,6,2,0,0,0,2,80,0,62
mb_cap,1,353,6,2,0,3,0,-1,79,0,62
mb_cap,1,354,6,3,2,3,1,0,79,1,63
mb_cap,1,355,6,2,2,3,2,-1,78,0,63
mb_cap,1,356,6,3,0,2,0,1,79,0,63
mb_cap,1,357,6,1,0,2,0,-1,78,0,63
mb_cap,1,358,6,1,5,0,4,1,79,1,64
mb_cap,1,359,6,0,0,2,0,-2,77,0,64
mb_cap,1,360,6,4,3,1,3,3,80,0,64
mb_cap,1,361,7,3,0,2,0,1,81,0,64
mb_cap,1,362,7,1,0,1,0,0,81,0,64
mb_cap,1,363,7,2,0,3,0,-1,80,0,64
mb_cap,1,364,7,3,2,2,2,1,81,0,64
mb_cap,1,365,7,2,2,3,1,-1,80,1,65
mb_cap,1,366,7,1,0,0,0,1,81,0,65
mb_cap,1,367,7,7,9,4,8,3,84,1,66
mb_cap,1,368,7,4,3,1,1,3,87,2,68
mb_cap,1,369,7,0,0,3,0,-3,84,0,68
mb_cap,1,370,7,0,0,1,0,-1,83,0,68
mb_cap,1,371,7,1,2,1,2,0,83,0,68
mb_cap,1,372,7,2,0,0,0,2,85,0,68
mb_cap,1,373,7,0,0,2,0,-2,83,0,68
mb_cap,1,374,7,0,0,0,0,0,83,0,68
mb_cap,1,375,7,1,1,2,1,-1,82,0,68
mb_cap,1,376,7,2,0,0,0,2,84,0,68
mb_cap,1,377,7,0,1,2,1,-2,82,0,68
mb_cap,1,378,7,0,0,0,0,0,82,0,68
mb_cap,1,379,7,0,0,2,0,-2,80,0,68
mb_cap,1,380,7,3,0,1,0,2,82,0,68
mb_cap,1,381,7,0,0,1,0,-1,81,0,68
mb_cap,1,382,7,0,11,0,7,0,81,4,72
mb_cap,1,383,7,1,17,1,13,0,81,4,76
mb_cap,1,384,7,2,1,0,1,2,83,0,76
mb_cap,1,385,7,0,0,1,0,-1,82,0,76
mb_cap,1,386,7,0,3,0,2,0,82,1,77
mb_cap,1,387,7,0,0,1,0,-1,81,0,77
mb_cap,1,388,7,3,0,1,0,2,83,0,77
mb_cap,1,389,7,0,3,1,3,-1,82,0,77
mb_cap,1,390,7,0,0,0,0,0,82,0,77
mb_cap,1,391,7,0,0,2,0,-2,80,0,77
mb_cap,1,392,7,3,0,1,0,2,82,0,77
mb_cap,1,393,7,0,0,1,0,-1,81,0,77
mb_cap,1,394,7,0,0,0,0,0,81,0,77
mb_cap,1,395,7,0,0,1,0,-1,80,0,77
mb_cap,1,396,7,3,3,1,2,2,82,1,78
mb_cap,1,397,7,1,0,1,0,0,82,0,78
mb_cap,1,398,7,0,0,0,0,0,82,0,78
mb_cap,1,399,7,0,0,1,0,-1,81,0,78
mb_cap,1,400,7,2,0,0,0,2,83,0,78
mb_cap,1,401,7,0,3,2,4,-2,81,-1,77
mb_cap,1,402,7,0,6,0,4,0,81,2,79
mb_cap,1,403,7,3,1,1,2,2,83,-1,78
mb_cap,1,404,7,3,0,0,0,3,86,0,78
mb_cap,1,405,7,0,0,1,0,-1,85,0,78
mb_cap,1,406,7,0,0,2,0,-2,83,0,78
mb_cap,1,407,7,0,0,1,0,-1,82,0,78
mb_cap,1,408,7,2,0,0,0,2,84,0,78
mb_cap,1,409,7,0,0,1,0,-1,83,0,78
mb_cap,1,410,7,0,0,0,0,0,83,0,78
mb_cap,1,411,7,0,0,1,0,-1,82,0,78
mb_cap,1,412,7,1,0,0,0,1,83,0,78
mb_cap,1,413,7,1,2,0,2,1,84,0,78
mb_cap,1,414,7,1,1,2,1,-1,83,0,78
mb_cap,1,415,7,0,0,13,0,-13,70,0,78
mb_cap,1,416,7,3,0,1,0,2,72,0,78
mb_cap,1,417,7,1,2,1,2,0,72,0,78
mb_cap,1,418,7,0,5,1,4,-1,71,1,79
mb_cap,1,419,7,0,0,7,1,-7,64,-1,78
mb_cap,1,420,7,3,0,1,0,2,66,0,78
mb_cap,1,421,8,0,0,1,0,-1,65,0,78
mb_cap,1,422,8,0,0,0,0,0,65,0,78
mb_cap,1,423,8,0,0,1,0,-1,64,0,78
mb_cap,1,424,8,2,0,0,0,2,66,0,78
mb_cap,1,425,8,0,0,1,0,-1,65,0,78
mb_cap,1,426,8,0,0,0,0,0,65,0,78
mb_cap,1,427,8,0,0,1,0,-1,64,0,78
mb_cap,1,428,8,3,0,1,0,2,66,0,78
mb_cap,1,429,8,0,0,1,0,-1,65,0,78
mb_cap,1,430,8,0,3,0,0,0,65,3,81
mb_cap,1,431,8,0,3,1,4,-1,64,-1,80
mb_cap,1,432,8,3,0,0,0,3,67,0,80
mb_cap,1,433,8,0,0,1,0,-1,66,0,80
mb_cap,1,434,8,0,0,0,0,0,66,0,80
mb_cap,1,435,8,0,0,0,1,0,66,-1,79
mb_cap,1,436,8,2,0,0,0,2,68,0,79
mb_cap,1,437,8,0,4,0,3,0,68,1,80
mb_cap,1,438,8,1,3,2,3,-1,67,0,80
mb_cap,1,439,8,1,0,1,0,0,67,0,80
mb_cap,1,440,8,3,0,1,0,2,69,0,80
mb_cap,1,441,8,0,0,1,0,-1,68,0,80
mb_cap,1,442,8,0,0,0,0,0,68,0,80
mb_cap,1,443,8,1,7,1,5,0,68,2,82
mb_cap,1,444,8,3,0,3,3,0,68,-3,79
mb_cap,1,445,8,0,0,1,0,-1,67,0,79
mb_cap,1,446,8,0,0,0,1,0,67,-1,78
mb_cap,1,447,8,0,0,1,0,-1,66,0,78
mb_cap,1,448,8,3,0,0,0,3,69,0,78
mb_cap,1,449,8,0,0,1,0,-1,68,0,78
mb_cap,1,450,8,0,0,0,0,0,68,0,78
mb_cap,1,451,8,1,5,2,5,-1,67,0,78
mb_cap,1,452,8,4,0,1,0,3,70,0,78
mb_cap,1,453,8,0,0,1,0,-1,69,0,78
mb_cap,1,454,8,0,0,0,0,0,69,0,78
mb_cap,1,455,8,0,0,1,0,-1,68,0,78
mb_cap,1,456,8,3,0,0,0,3,71,0,78
mb_cap,1,457,8,0,1,1,1,-1,70,0,78
mb_cap,1,458,8,0,0,0,0,0,70,0,78
mb_cap,1,459,8,0,0,1,0,-1,69,0,78
mb_cap,1,460,8,2,0,0,0,2,71,0,78
mb_cap,1,461,8,0,0,1,0,-1,70,0,78
mb_cap,1,462,8,0,0,0,0,0,70,0,78
mb_cap,1,463,8,0,0,3,0,-3,67,0,78
mb_cap,1,464,8,3,0,1,0,2,69,0,78
mb_cap,1,465,8,0,0,1,0,-1,68,0,78
mb_cap,1,466,8,0,0,0,0,0,68,0,78
mb_cap,1,467,8,0,0,1,0,-1,67,0,78
mb_cap,1,468,8,2,1,0,0,2,69,1,79
mb_cap,1,469,8,3,4,3,3,0,69,1,80
mb_cap,1,470,8,0,0,0,0,0,69,0,80
mb_cap,1,471,8,0,0,2,0,-2,67,0,80
mb_cap,1,472,8,2,0,0,0,2,69,0,80
mb_cap,1,473,8,0,16,1,12,-1,68,4,84
mb_cap,1,474,8,1,8,0,5,1,69,3,87
mb_cap,1,475,8,0,4,2,1,-2,67,3,90
mb_cap,1,476,8,3,0,1,0,2,69,0,90
mb_cap,1,477,8,1,0,2,0,-1,68,0,90
mb_cap,1,478,8,0,6,0,5,0,68,1,91
mb_cap,1,479,8,3,7,2,5,1,69,2,93
mb_cap,1,480,8,6,27,0,19,6,75,8,101
mb_cap,1,481,9,1,2,1,2,0,75,0,101
mb_cap,1,482,9,0,0,1,0,-1,74,0,101
mb_cap,1,483,9,2,4,1,0,1,75,4,105
mb_cap,1,484,9,0,0,0,0,0,75,0,105
mb_cap,1,485,9,0,0,0,0,0,75,0,105
mb_cap,1,486,9,0,0,1,0,-1,74,0,105
mb_cap,1,487,9,0,0,0,1,0,74,-1,104
mb_cap,1,488,9,5,4,2,3,3,77,1,105
mb_cap,1,489,9,0,0,0,3,0,77,-3,102
mb_cap,1,490,9,0,0,0,0,0,77,0,102
mb_cap,1,491,9,1,1,2,1,-1,76,0,102
mb_cap,1,492,9,0,0,0,0,0,76,0,102
mb_cap,1,493,9,1,0,1,0,0,76,0,102
mb_cap,1,494,9,0,0,0,0,0,76,0,102
mb_cap,1,495,9,0,0,1,0,-1,75,0,102
mb_cap,1,496,9,2,0,1,0,1,76,0,102
mb_cap,1,497,9,0,1,1,1,-1,75,0,102
mb_cap,1,498,9,1,3,0,3,1,76,0,102
mb_cap,1,499,9,0,0,1,0,-1,75,0,102
mb_cap,1,500,9,3,0,1,0,2,77,0,102
mb_cap,1,501,9,0,0,1,0,-1,76,0,102
mb_cap,1,502,9,0,3,0,2,0,76,1,103
mb_cap,1,503,9,0,0,1,0,-1,75,0,103
mb_cap,1,504,9,2,0,0,1,2,77,-1,102
mb_cap,1,505,9,0,0,1,0,-1,76,0,102
mb_cap,1,506,9,0,0,0,0,0,76,0,102
mb_cap,1,507,9,0,0,1,0,-1,75,0,102
mb_cap,1,508,9,2,0,0,1,2,77,-1,101
mb_cap,1,509,9,0,0,1,0,-1,76,0,101
mb_cap,1,510,9,0,0,0,0,0,76,0,101
mb_cap,1,511,9,0,7,1,7,-1,75,0,101
mb_cap,1,512,9,3,0,1,0,2,77,0,101
mb_cap,1,513,9,2,2,2,2,0,77,0,101
mb_cap,1,514,9,0,0,0,0,0,77,0,101
mb_cap,1,515,9,0,0,1,0,-1,76,0,101
mb_cap,1,516,9,2,0,1,0,1,77,0,101
mb_cap,1,517,9,0,0,1,0,-1,76,0,101
mb_cap,1,518,9,0,0,0,0,0,76,0,101
mb_cap,1,519,9,0,0,1,0,-1,75,0,101
mb_cap,1,520,9,2,0,0,0,2,77,0,101
mb_cap,1,521,9,0,0,1,0,-1,76,0,101
mb_cap,1,522,9,0,0,0,0,0,76,0,101
mb_cap,1,523,9,0,0,1,0,-1,75,0,101
mb_cap,1,524,9,3,0,0,0,3,78,0,101
mb_cap,1,525,9,0,0,1,0,-1,77,0,101
mb_cap,1,526,9,0,0,0,0,0,77,0,101
mb_cap,1,527,9,0,0,1,0,-1,76,0,101
mb_cap,1,528,9,2,0,0,0,2,78,0,101
mb_cap,1,529,9,0,0,0,0,0,78,0,101
mb_cap,1,530,9,0,0,0,0,0,78,0,101
mb_cap,1,531,9,0,1,1,0,-1,77,1,102
mb_cap,1,532,9,2,0,0,0,2,79,0,102
mb_cap,1,533,9,0,0,1,0,-1,78,0,102
mb_cap,1,534,9,0,0,0,0,0,78,0,102
mb_cap,1,535,9,1,2,1,2,0,78,0,102
mb_cap,1,536,9,4,2,1,1,3,81,1,103
mb_cap,1,537,9,1,3,2,1,-1,80,2,105
mb_cap,1,538,9,0,0,0,0,0,80,0,105
mb_cap,1,539,9,1,4,1,3,0,80,1,106
mb_cap,1,540,9,2,3,0,1,2,82,2,108
mb_cap,1,541,10,0,3,1,3,-1,81,0,108
mb_cap,1,542,10,2,4,1,3,1,82,1,109
mb_cap,1,543,10,0,0,1,0,-1,81,0,109
mb_cap,1,544,10,3,0,1,0,2,83,0,109
mb_cap,1,545,10,0,0,1,0,-1,82,0,109
mb_cap,1,546,10,0,0,0,0,0,82,0,109
mb_cap,1,547,10,0,1,1,1,-1,81,0,109
mb_cap,1,548,10,3,0,1,0,2,83,0,109
mb_cap,1,549,10,0,0,1,0,-1,82,0,109
mb_cap,1,550,10,0,0,0,0,0,82,0,109
mb_cap,1,551,10,1,0,1,0,0,82,0,109
mb_cap,1,552,10,2,0,1,0,1,83,0,109
mb_cap,1,553,10,0,0,1,0,-1,82,0,109
mb_cap,1,554,10,2,0,1,0,1,83,0,109
mb_cap,1,555,10,0,0,1,0,-1,82,0,109
mb_cap,1,556,10,2,0,0,0,2,84,0,109
mb_cap,1,557,10,0,4,1,4,-1,83,0,109
mb_cap,1,558,10,0,0,0,0,0,83,0,109
mb_cap,1,559,10,0,0,1,0,-1,82,0,109
mb_cap,1,560,10,3,0,1,0,2,84,0,109
mb_cap,1,561,10,0,0,1,0,-1,83,0,109
mb_cap,1,562,10,0,6,0,6,0,83,0,109
mb_cap,1,563,10,0,0,1,0,-1,82,0,109
mb_cap,1,564,10,2,0,0,0,2,84,0,109
mb_cap,1,565,10,0,0,1,0,-1,83,0,109
mb_cap,1,566,10,0,0,0,0,0,83,0,109
mb_cap,1,567,10,0,0,1,1,-1,82,-1,108
mb_cap,1,568,10,2,0,0,0,2,84,0,108
mb_cap,1,569,10,0,0,1,0,-1,83,0,108
mb_cap,1,570,10,0,0,0,0,0,83,0,108
mb_cap,1,571,10,0,0,1,0,-1,82,0,108
mb_cap,1,572,10,3,0,0,0,3,85,0,108
mb_cap,1,573,10,0,0,1,0,-1,84,0,108
mb_cap,1,574,10,0,0,0,0,0,84,0,108
mb_cap,1,575,10,0,0,1,0,-1,83,0,108
mb_cap,1,576,10,3,0,1,0,2,85,0,108
mb_cap,1,577,10,0,0,1,0,-1,84,0,108
mb_cap,1,578,10,0,0,0,0,0,84,0,108
mb_cap,1,579,10,0,0,1,0,-1,83,0,108
mb_cap,1,580,10,2,0,0,0,2,85,0,108
mb_cap,1,581,10,0,0,1,0,-1,84,0,108
mb_cap,1,582,10,0,0,0,0,0,84,0,108
mb_cap,1,583,10,0,0,1,0,-1,83,0,108
mb_cap,1,584,10,3,0,1,0,2,85,0,108
mb_cap,1,585,10,0,0,1,0,-1,84,0,108
mb_cap,1,586,10,1,4,0,4,1,85,0,108
mb_cap,1,587,10,1,3,1,3,0,85,0,108
mb_cap,1,588,10,2,0,0,0,2,87,0,108
mb_cap,1,589,10,0,0,2,0,-2,85,0,108
mb_cap,1,590,10,0,0,0,0,0,85,0,108
mb_cap,1,591,10,0,7,1,6,-1,84,1,109
mb_cap,1,592,10,4,0,0,0,4,88,0,109
mb_cap,1,593,10,6,2,3,2,3,91,0,109
mb_cap,1,594,10,0,0,2,0,-2,89,0,109
mb_cap,1,595,10,16,22,1,17,15,104,5,114
mb_cap,1,596,10,14,8,4,7,10,114,1,115
mb_cap,1,597,10,2,3,2,4,0,114,-1,114
mb_cap,1,598,10,7,8,4,7,3,117,1,115
mb_cap,1,599,10,3,2,4,1,-1,116,1,116
mb_cap,1,600,10,4,2,1,2,3,119,0,116
mb_cap,1,601,11,2,4,3,4,-1,118,0,116
mb_cap,1,602,11,1,4,0,2,1,119,2,118
mb_cap,1,603,11,5,0,1,0,4,123,0,118
mb_cap,1,604,11,2,0,0,0,2,125,0,118
mb_cap,1,605,11,1,0,1,0,0,125,0,118
mb_cap,1,606,11,1,0,1,0,0,125,0,118
mb_cap,1,607,11,1,0,2,0,-1,124,0,118
mb_cap,1,608,11,3,2,3,2,0,124,0,118
mb_cap,1,609,11,9,4,1,2,8,132,2,120
mb_cap,1,610,11,2,0,1,0,1,133,0,120
mb_cap,1,611,11,2,0,2,0,0,133,0,120
mb_cap,1,612,11,2,0,0,0,2,135,0,120
mb_cap,1,613,11,0,0,1,0,-1,134,0,120
mb_cap,1,614,11,0,0,0,0,0,134,0,120
mb_cap,1,615,11,0,0,1,0,-1,133,0,120
mb_cap,1,616,11,2,0,0,0,2,135,0,120
mb_cap,1,617,11,0,0,2,0,-2,133,0,120
mb_cap,1,618,11,1,2,1,2,0,133,0,120
mb_cap,1,619,11,1,0,2,0,-1,132,0,120
mb_cap,1,620,11,2,0,0,0,2,134,0,120
mb_cap,1,621,11,0,0,1,0,-1,133,0,120
mb_cap,1,622,11,0,0,0,0,0,133,0,120
mb_cap,1,623,11,0,0,0,1,0,133,-1,119
mb_cap,1,624,11,2,0,0,0,2,135,0,119
mb_cap,1,625,11,0,0,1,0,-1,134,0,119
mb_cap,1,626,11,1,2,0,0,1,135,2,121
mb_cap,1,627,11,1,2,2,2,-1,134,0,121
mb_cap,1,628,11,3,2,0,2,3,137,0,121
mb_cap,1,629,11,0,0,1,0,-1,136,0,121
mb_cap,1,630,11,0,0,1,0,-1,135,0,121
mb_cap,1,631,11,1,0,1,0,0,135,0,121
mb_cap,1,632,11,2,0,0,0,2,137,0,121
mb_cap,1,633,11,0,0,1,0,-1,136,0,121
mb_cap,1,634,11,2,0,0,0,2,138,0,121
mb_cap,1,635,11,1,0,3,0,-2,136,0,121
mb_cap,1,636,11,4,0,2,0,2,138,0,121
mb_cap,1,637,11,2,0,2,0,0,138,0,121
mb_cap,1,638,11,1,0,3,0,-2,136,0,121
mb_cap,1,639,11,2,0,3,0,-1,135,0,121
mb_cap,1,640,11,2,0,0,0,2,137,0,121
mb_cap,1,641,11,0,0,1,0,-1,136,0,121
mb_cap,1,642,11,1,0,1,0,0,136,0,121
mb_cap,1,643,11,1,0,1,0,0,136,0,121
mb_cap,1,644,11,2,0,0,0,2,138,0,121
mb_cap,1,645,11,3,11,2,7,1,139,4,125
mb_cap,1,646,11,2,0,0,0,2,141,0,125
mb_cap,1,647,11,0,0,1,0,-1,140,0,125
mb_cap,1,648,11,2,0,1,0,1,141,0,125
mb_cap,1,649,11,0,0,0,0,0,141,0,125
mb_cap,1,650,11,1,0,1,0,0,141,0,125
mb_cap,1,651,11,0,0,1,0,-1,140,0,125
mb_cap,1,652,11,2,0,0,0,2,142,0,125
mb_cap,1,653,11,2,0,2,0,0,142,0,125
mb_cap,1,654,11,4,2,5,2,-1,141,0,125
mb_cap,1,655,11,1,0,3,0,-2,139,0,125
mb_cap,1,656,11,0,0,0,0,0,139,0,125
mb_cap,1,657,11,3,0,1,0,2,141,0,125
mb_cap,1,658,11,0,0,0,0,0,141,0,125
mb_cap,1,659,11,0,0,0,0,0,141,0,125
mb_cap,1,660,11,1,0,1,0,0,141,0,125
mb_cap,1,661,12,0,0,0,0,0,141,0,125
mb_cap,1,662,12,1,0,3,0,-2,139,0,125
mb_cap,1,663,12,0,5,0,4,0,139,1,126
mb_cap,1,664,12,1,0,1,0,0,139,0,126
mb_cap,1,665,12,1,0,0,0,1,140,0,126
mb_cap,1,666,12,2,5,1,4,1,141,1,127
mb_cap,1,667,12,3,2,1,1,2,143,1,128
mb_cap,1,668,12,2,0,2,0,0,143,0,128
mb_cap,1,669,12,0,0,0,0,0,143,0,128
mb_cap,1,670,12,1,0,1,0,0,143,0,128
mb_cap,1,671,12,0,0,1,0,-1,142,0,128
mb_cap,1,672,12,0,0,0,0,0,142,0,128
mb_cap,1,673,12,3,4,1,3,2,144,1,129
mb_cap,1,674,12,0,0,0,1,0,144,-1,128
mb_cap,1,675,12,0,3,0,2,0,144,1,129
mb_cap,1,676,12,0,0,1,0,-1,143,0,129
mb_cap,1,677,12,0,0,0,0,0,143,0,129
mb_cap,1,678,12,3,3,2,2,1,144,1,130
mb_cap,1,679,12,0,0,0,0,0,144,0,130
mb_cap,1,680,12,0,0,0,0,0,144,0,130
mb_cap,1,681,12,2,0,4,0,-2,142,0,130
mb_cap,1,682,12,0,0,0,0,0,142,0,130
mb_cap,1,683,12,0,0,0,0,0,142,0,130
mb_cap,1,684,12,0,0,1,0,-1,141,0,130
mb_cap,1,685,12,2,0,1,0,1,142,0,130
mb_cap,1,686,12,1,0,1,0,0,142,0,130
mb_cap,1,687,12,2,0,2,0,0,142,0,130
mb_cap,1,688,12,1,0,3,1,-2,140,-1,129
mb_cap,1,689,12,2,0,1,0,1,141,0,129
mb_cap,1,690,12,2,0,3,0,-1,140,0,129
mb_cap,1,691,12,0,0,0,0,0,140,0,129
mb_cap,1,692,12,0,0,1,0,-1,139,0,129
mb_cap,1,693,12,2,0,0,0,2,141,0,129
mb_cap,1,694,12,0,0,1,0,-1,140,0,129
mb_cap,1,695,12,0,0,0,0,0,140,0,129
mb_cap,1,696,12,0,0,1,0,-1,139,0,129
mb_cap,1,697,12,2,0,0,0,2,141,0,129
mb_cap,1,698,12,0,0,1,0,-1,140,0,129
mb_cap,1,699,12,0,0,0,0,0,140,0,129
mb_cap,1,700,12,0,0,1,0,-1,139,0,129
mb_cap,1,701,12,4,0,2,0,2,141,0,129
mb_cap,1,702,12,0,0,1,0,-1,140,0,129
mb_cap,1,703,12,0,0,0,0,0,140,0,129
mb_cap,1,704,12,0,0,10,0,-10,130,0,129
mb_cap,1,705,12,2,0,15,0,-13,117,0,129
mb_cap,1,706,12,0,0,0,0,0,117,0,129
mb_cap,1,707,12,0,0,0,0,0,117,0,129
mb_cap,1,708,12,0,0,1,0,-1,116,0,129
mb_cap,1,709,12,2,0,0,0,2,118,0,129
mb_cap,1,710,12,0,0,1,0,-1,117,0,129
mb_cap,1,711,12,0,0,0,0,0,117,0,129
mb_cap,1,712,12,0,0,1,0,-1,116,0,129
mb_cap,1,713,12,3,0,1,0,2,118,0,129
mb_cap,1,714,12,0,0,1,0,-1,117,0,129
mb_cap,1,715,12,1,2,1,2,0,117,0,129
mb_cap,1,716,12,0,0,0,0,0,117,0,129
mb_cap,1,717,12,2,0,0,0,2,119,0,129
mb_cap,1,718,12,0,0,1,0,-1,118,0,129
mb_cap,1,719,12,0,1,0,1,0,118,0,129
mb_cap,1,720,12,0,0,1,0,-1,117,0,129
mb_cap,1,721,13,2,0,0,0,2,119,0,129
mb_cap,1,722,13,0,0,1,0,-1,118,0,129
mb_cap,1,723,13,0,0,0,0,0,118,0,129
mb_cap,1,724,13,0,0,1,0,-1,117,0,129
mb_cap,1,725,13,3,0,1,0,2,119,0,129
mb_cap,1,726,13,0,0,1,0,-1,118,0,129
mb_cap,1,727,13,0,0,0,0,0,118,0,129
mb_cap,1,728,13,0,0,1,0,-1,117,0,129
mb_cap,1,729,13,2,0,0,0,2,119,0,129
mb_cap,1,730,13,0,0,1,0,-1,118,0,129
mb_cap,1,731,13,0,0,0,0,0,118,0,129
mb_cap,1,732,13,0,0,1,0,-1,117,0,129
mb_cap,1,733,13,3,0,2,0,1,118,0,129
mb_cap,1,734,13,0,0,1,0,-1,117,0,129
mb_cap,1,735,13,0,0,0,0,0,117,0,129
mb_cap,1,736,13,0,0,0,0,0,117,0,129
mb_cap,1,737,13,3,2,2,2,1,118,0,129
mb_cap,1,738,13,0,3,1,3,-1,117,0,129
mb_cap,1,739,13,1,0,0,0,1,118,0,129
mb_cap,1,740,13,0,0,2,0,-2,116,0,129
mb_cap,1,741,13,3,0,1,0,2,118,0,129
mb_cap,1,742,13,0,0,1,0,-1,117,0,129
mb_cap,1,743,13,0,0,0,0,0,117,0,129
mb_cap,1,744,13,0,0,1,0,-1,116,0,129
mb_cap,1,745,13,2,0,0,0,2,118,0,129
mb_cap,1,746,13,0,0,1,0,-1,117,0,129
mb_cap,1,747,13,0,0,0,0,0,117,0,129
mb_cap,1,748,13,0,0,1,0,-1,116,0,129
mb_cap,1,749,13,3,0,1,0,2,118,0,129
mb_cap,1,750,13,0,0,1,0,-1,117,0,129
mb_cap,1,751,13,0,4,0,3,0,117,1,130
mb_cap,1,752,13,0,0,1,1,-1,116,-1,129
mb_cap,1,753,13,1,0,0,0,1,117,0,129
mb_cap,1,754,13,0,0,1,0,-1,116,0,129
mb_cap,1,755,13,6,6,0,5,6,122,1,130
mb_cap,1,756,13,7,2,1,1,6,128,1,131
mb_cap,1,757,13,2,0,0,0,2,130,0,131
mb_cap,1,758,13,0,0,1,0,-1,129,0,131
mb_cap,1,759,13,1,0,0,0,1,130,0,131
mb_cap,1,760,13,0,0,1,0,-1,129,0,131
mb_cap,1,761,13,3,0,1,0,2,131,0,131
mb_cap,1,762,13,6,0,3,0,3,134,0,131
mb_cap,1,763,13,1,0,0,0,1,135,0,131
mb_cap,1,764,13,2,0,2,0,0,135,0,131
mb_cap,1,765,13,4,6,0,6,4,139,0,131
mb_cap,1,766,13,0,0,1,0,-1,138,0,131
mb_cap,1,767,13,1,2,1,2,0,138,0,131
mb_cap,1,768,13,1,2,1,2,0,138,0,131
mb_cap,1,769,13,5,5,3,4,2,140,1,132
mb_cap,1,770,13,0,2,1,1,-1,139,1,133
mb_cap,1,771,13,1,0,0,0,1,140,0,133
mb_cap,1,772,13,0,0,2,0,-2,138,0,133
mb_cap,1,773,13,5,4,1,4,4,142,0,133
mb_cap,1,774,13,1,2,2,1,-1,141,1,134
mb_cap,1,775,13,0,0,0,0,0,141,0,134
mb_cap,1,776,13,0,0,2,0,-2,139,0,134
mb_cap,1,777,13,2,1,0,1,2,141,0,134
mb_cap,1,778,13,1,0,2,0,-1,140,0,134
mb_cap,1,779,13,0,0,0,0,0,140,0,134
mb_cap,1,780,13,0,0,1,0,-1,139,0,134
mb_cap,1,781,14,2,3,0,3,2,141,0,134
mb_cap,1,782,14,0,0,1,0,-1,140,0,134
mb_cap,1,783,14,0,0,0,0,0,140,0,134
mb_cap,1,784,14,0,0,1,0,-1,139,0,134
mb_cap,1,785,14,2,0,1,0,1,140,0,134
mb_cap,1,786,14,0,0,2,0,-2,138,0,134
mb_cap,1,787,14,0,0,1,0,-1,137,0,134
mb_cap,1,788,14,0,0,1,0,-1,136,0,134
mb_cap,1,789,14,4,3,0,3,4,140,0,134
mb_cap,1,790,14,2,2,1,2,1,141,0,134
mb_cap,1,791,14,0,0,1,0,-1,140,0,134
mb_cap,1,792,14,0,0,1,0,-1,139,0,134
mb_cap,1,793,14,2,0,1,0,1,140,0,134
mb_cap,1,794,14,0,3,1,3,-1,139,0,134
mb_cap,1,795,14,1,0,1,0,0,139,0,134
mb_cap,1,796,14,2,1,2,1,0,139,0,134
mb_cap,1,797,14,3,0,1,0,2,141,0,134
mb_cap,1,798,14,0,0,0,0,0,141,0,134
mb_cap,1,799,14,0,0,1,0,-1,140,0,134
mb_cap,1,800,14,1,2,0,1,1,141,1,135
mb_cap,1,801,14,1,0,1,0,0,141,0,135
mb_cap,1,802,14,0,0,0,0,0,141,0,135
mb_cap,1,803,14,0,4,1,2,-1,140,2,137
mb_cap,1,804,14,0,0,0,1,0,140,-1,136
mb_cap,1,805,14,3,0,1,0,2,142,0,136
mb_cap,1,806,14,0,0,0,0,0,142,0,136
mb_cap,1,807,14,0,0,0,0,0,142,0,136
mb_cap,1,808,14,0,0,1,0,-1,141,0,136
mb_cap,1,809,14,1,0,2,0,-1,140,0,136
mb_cap,1,810,14,1,0,1,0,0,140,0,136
mb_cap,1,811,14,0,0,1,0,-1,139,0,136
mb_cap,1,812,14,0,0,2,0,-2,137,0,136
mb_cap,1,813,14,1,0,2,0,-1,136,0,136
mb_cap,1,814,14,0,0,1,0,-1,135,0,136
mb_cap,1,815,14,0,0,3,0,-3,132,0,136
mb_cap,1,816,14,0,0,1,0,-1,131,0,136
mb_cap,1,817,14,2,0,0,0,2,133,0,136
mb_cap,1,818,14,0,0,1,0,-1,132,0,136
mb_cap,1,819,14,0,0,0,0,0,132,0,136
mb_cap,1,820,14,1,0,2,0,-1,131,0,136
mb_cap,1,821,14,2,0,0,0,2,133,0,136
mb_cap,1,822,14,0,0,1,0,-1,132,0,136
mb_cap,1,823,14,0,0,0,0,0,132,0,136
mb_cap,1,824,14,0,0,1,0,-1,131,0,136
mb_cap,1,825,14,2,0,0,0,2,133,0,136
mb_cap,1,826,14,0,0,1,0,-1,132,0,136
mb_cap,1,827,14,0,0,1,0,-1,131,0,136
mb_cap,1,828,14,2,0,1,0,1,132,0,136
mb_cap,1,829,14,0,0,0,0,0,132,0,136
mb_cap,1,830,14,0,0,0,0,0,132,0,136
mb_cap,1,831,14,0,0,1,0,-1,131,0,136
mb_cap,1,832,14,2,0,1,0,1,132,0,136
mb_cap,1,833,14,1,0,1,0,0,132,0,136
mb_cap,1,834,14,0,0,0,0,0,132,0,136
mb_cap,1,835,14,0,0,1,0,-1,131,0,136
mb_cap,1,836,14,0,0,0,0,0,131,0,136
mb_cap,1,837,14,4,2,1,1,3,134,1,137
mb_cap,1,838,14,1,0,2,0,-1,133,0,137
mb_cap,1,839,14,0,0,0,0,0,133,0,137
mb_cap,1,840,14,0,0,1,0,-1,132,0,137
mb_cap,1,841,15,0,0,0,0,0,132,0,137
mb_cap,1,842,15,1,4,1,3,0,132,1,138
mb_cap,1,843,15,1,3,0,1,1,133,2,140
mb_cap,1,844,15,2,1,2,2,0,133,-1,139
mb_cap,1,845,15,3,0,1,0,2,135,0,139
mb_cap,1,846,15,0,0,2,0,-2,133,0,139
mb_cap,1,847,15,0,0,0,0,0,133,0,139
mb_cap,1,848,15,0,0,1,0,-1,132,0,139
mb_cap,1,849,15,2,0,0,0,2,134,0,139
mb_cap,1,850,15,0,0,1,0,-1,133,0,139
mb_cap,1,851,15,0,7,0,7,0,133,0,139
mb_cap,1,852,15,0,0,1,2,-1,132,-2,137
mb_cap,1,853,15,2,3,0,2,2,134,1,138
mb_cap,1,854,15,2,0,1,0,1,135,0,138
mb_cap,1,855,15,0,0,0,0,0,135,0,138
mb_cap,1,856,15,1,0,2,0,-1,134,0,138
mb_cap,1,857,15,2,0,0,0,2,136,0,138
mb_cap,1,858,15,1,0,2,0,-1,135,0,138
mb_cap,1,859,15,1,1,0,1,1,136,0,138
mb_cap,1,860,15,1,0,1,0,0,136,0,138
mb_cap,1,861,15,2,0,0,0,2,138,0,138
mb_cap,1,862,15,0,0,1,0,-1,137,0,138
mb_cap,1,863,15,0,0,0,0,0,137,0,138
mb_cap,1,864,15,0,0,1,0,-1,136,0,138
mb_cap,1,865,15,2,0,0,0,2,138,0,138
mb_cap,1,866,15,0,0,1,0,-1,137,0,138
mb_cap,1,867,15,0,0,0,1,0,137,-1,137
mb_cap,1,868,15,1,0,2,0,-1,136,0,137
mb_cap,1,869,15,2,0,0,0,2,138,0,137
mb_cap,1,870,15,0,0,1,0,-1,137,0,137
mb_cap,1,871,15,0,0,0,0,0,137,0,137
mb_cap,1,872,15,0,0,1,0,-1,136,0,137
mb_cap,1,873,15,2,0,1,1,1,137,-1,136
mb_cap,1,874,15,1,0,1,0,0,137,0,136
mb_cap,1,875,15,0,0,0,0,0,137,0,136
mb_cap,1,876,15,1,1,1,1,0,137,0,136
mb_cap,1,877,15,2,0,1,0,1,138,0,136
mb_cap,1,878,15,0,0,1,0,-1,137,0,136
mb_cap,1,879,15,0,0,0,0,0,137,0,136
mb_cap,1,880,15,1,0,3,0,-2,135,0,136
mb_cap,1,881,15,2,0,0,0,2,137,0,136
mb_cap,1,882,15,0,0,1,0,-1,136,0,136
mb_cap,1,883,15,0,0,0,0,0,136,0,136
mb_cap,1,884,15,0,0,0,0,0,136,0,136
mb_cap,1,885,15,3,1,0,1,3,139,0,136
mb_cap,1,886,15,0,0,1,0,-1,138,0,136
mb_cap,1,887,15,0,11,0,9,0,138,2,138
mb_cap,1,888,15,0,12,1,9,-1,137,3,141
mb_cap,1,889,15,4,15,1,10,3,140,5,146
mb_cap,1,890,15,0,0,2,0,-2,138,0,146
mb_cap,1,891,15,0,0,0,0,0,138,0,146
mb_cap,1,892,15,1,4,2,4,-1,137,0,146
mb_cap,1,893,15,2,3,0,3,2,139,0,146
mb_cap,1,894,15,3,4,1,3,2,141,1,147
mb_cap,1,895,15,1,3,0,2,1,142,1,148
mb_cap,1,896,15,1,0,2,0,-1,141,0,148
mb_cap,1,897,15,2,5,0,3,2,143,2,150
mb_cap,1,898,15,0,0,2,2,-2,141,-2,148
mb_cap,1,899,15,0,0,1,0,-1,140,0,148
mb_cap,1,900,15,2,0,2,1,0,140,-1,147
mb_cap,1,901,16,3,2,1,2,2,142,0,147
mb_cap,1,902,16,0,5,1,4,-1,141,1,148
mb_cap,1,903,16,2,11,1,10,1,142,1,149
mb_cap,1,904,16,4,5,6,6,-2,140,-1,148
mb_cap,1,905,16,2,0,0,0,2,142,0,148
mb_cap,1,906,16,0,0,1,0,-1,141,0,148
mb_cap,1,907,16,0,0,0,0,0,141,0,148
mb_cap,1,908,16,3,6,2,5,1,142,1,149
mb_cap,1,909,16,5,1,0,2,5,147,-1,148
mb_cap,1,910,16,1,0,2,0,-1,146,0,148
mb_cap,1,911,16,1,0,1,1,0,146,-1,147
mb_cap,1,912,16,1,0,1,3,0,146,-3,144
mb_cap,1,913,16,2,0,0,0,2,148,0,144
mb_cap,1,914,16,2,0,1,0,1,149,0,144
mb_cap,1,915,16,6,11,0,7,6,155,4,148
mb_cap,1,916,16,11,5,1,5,10,165,0,148
mb_cap,1,917,16,2,0,0,0,2,167,0,148
mb_cap,1,918,16,4,6,0,5,4,171,1,149
mb_cap,1,919,16,8,6,1,5,7,178,1,150
mb_cap,1,920,16,1,0,2,0,-1,177,0,150
mb_cap,1,921,16,3,0,1,0,2,179,0,150
mb_cap,1,922,16,0,0,1,0,-1,178,0,150
mb_cap,1,923,16,0,0,0,0,0,178,0,150
mb_cap,1,924,16,5,6,10,4,-5,173,2,152
mb_cap,1,925,16,8,3,1,3,7,180,0,152
mb_cap,1,926,16,2,2,3,1,-1,179,1,153
mb_cap,1,927,16,4,3,4,3,0,179,0,153
mb_cap,1,928,16,1,0,3,0,-2,177,0,153
mb_cap,1,929,16,2,0,6,0,-4,173,0,153
mb_cap,1,930,16,0,0,1,1,-1,172,-1,152
mb_cap,1,931,16,0,0,0,0,0,172,0,152
mb_cap,1,932,16,0,0,1,0,-1,171,0,152
mb_cap,1,933,16,2,0,0,0,2,173,0,152
mb_cap,1,934,16,0,0,2,0,-2,171,0,152
mb_cap,1,935,16,0,0,4,0,-4,167,0,152
mb_cap,1,936,16,0,0,1,0,-1,166,0,152
mb_cap,1,937,16,3,1,3,1,0,166,0,152
mb_cap,1,938,16,11,8,1,7,10,176,1,153
mb_cap,1,939,16,10,7,0,8,10,186,-1,152
mb_cap,1,940,16,13,9,2,9,11,197,0,152
mb_cap,1,941,16,4,0,0,0,4,201,0,152
mb_cap,1,942,16,0,0,1,0,-1,200,0,152
mb_cap,1,943,16,0,0,0,0,0,200,0,152
mb_cap,1,944,16,0,0,1,0,-1,199,0,152
mb_cap,1,945,16,2,0,0,1,2,201,-1,151
mb_cap,1,946,16,0,0,1,0,-1,200,0,151
mb_cap,1,947,16,0,0,0,0,0,200,0,151
mb_cap,1,948,16,0,0,5,0,-5,195,0,151
mb_cap,1,949,16,4,1,5,1,-1,194,0,151
mb_cap,1,950,16,0,0,6,0,-6,188,0,151
mb_cap,1,951,16,0,0,2,0,-2,186,0,151
mb_cap,1,952,16,3,0,2,0,1,187,0,151
mb_cap,1,953,16,2,0,1,0,1,188,0,151
mb_cap,1,954,16,3,4,5,3,-2,186,1,152
mb_cap,1,955,16,14,8,2,8,12,198,0,152
mb_cap,1,956,16,1,0,0,0,1,199,0,152
mb_cap,1,957,16,3,0,2,0,1,200,0,152
mb_cap,1,958,16,0,0,0,0,0,200,0,152
mb_cap,1,959,16,0,0,0,0,0,200,0,152
mb_cap,1,960,16,1,2,2,2,-1,199,0,152
mb_cap,1,961,17,0,0,1,0,-1,198,0,152
mb_cap,1,962,17,1,0,1,0,0,198,0,152
mb_cap,1,963,17,0,5,0,3,0,198,2,154
mb_cap,1,964,17,2,2,1,2,1,199,0,154
mb_cap,1,965,17,4,4,6,4,-2,197,0,154
mb_cap,1,966,17,1,2,3,2,-2,195,0,154
mb_cap,1,967,17,0,0,0,0,0,195,0,154
mb_cap,1,968,17,0,0,1,0,-1,194,0,154
mb_cap,1,969,17,2,3,0,3,2,196,0,154
mb_cap,1,970,17,4,2,1,2,3,199,0,154
mb_cap,1,971,17,0,0,0,0,0,199,0,154
mb_cap,1,972,17,0,2,1,2,-1,198,0,154
mb_cap,1,973,17,3,0,1,0,2,200,0,154
mb_cap,1,974,17,0,0,0,0,0,200,0,154
mb_cap,1,975,17,0,0,0,0,0,200,0,154
mb_cap,1,976,17,1,0,2,0,-1,199,0,154
mb_cap,1,977,17,2,0,0,0,2,201,0,154
mb_cap,1,978,17,0,0,1,0,-1,200,0,154
mb_cap,1,979,17,0,0,0,0,0,200,0,154
mb_cap,1,980,17,0,0,1,0,-1,199,0,154
mb_cap,1,981,17,2,0,0,0,2,201,0,154
mb_cap,1,982,17,1,0,2,0,-1,200,0,154
mb_cap,1,983,17,0,0,0,0,0,200,0,154
mb_cap,1,984,17,0,1,1,0,-1,199,1,155
mb_cap,1,985,17,2,0,0,1,2,201,-1,154
mb_cap,1,986,17,0,0,1,0,-1,200,0,154
mb_cap,1,987,17,0,0,0,0,0,200,0,154
mb_cap,1,988,17,1,0,2,0,-1,199,0,154
mb_cap,1,989,17,2,0,0,1,2,201,-1,153
mb_cap,1,990,17,0,0,1,0,-1,200,0,153
mb_cap,1,991,17,0,0,0,0,0,200,0,153
mb_cap,1,992,17,0,0,2,0,-2,198,0,153
mb_cap,1,993,17,2,0,1,0,1,199,0,153
mb_cap,1,994,17,0,0,18,0,-18,181,0,153
mb_cap,1,995,17,0,0,0,0,0,181,0,153
mb_cap,1,996,17,0,0,2,0,-2,179,0,153
mb_cap,1,997,17,2,0,0,0,2,181,0,153
mb_cap,1,998,17,0,0,1,0,-1,180,0,153
mb_cap,1,999,17,0,0,0,0,0,180,0,153
mb_cap,1,1000,17,1,0,2,0,-1,179,0,153
mb_cap,1,1001,17,2,0,0,0,2,181,0,153
mb_cap,1,1002,17,0,0,1,0,-1,180,0,153
mb_cap,1,1003,17,0,0,0,0,0,180,0,153
mb_cap,1,1004,17,0,0,1,0,-1,179,0,153
mb_cap,1,1005,17,2,0,0,0,2,181,0,153
mb_cap,1,1006,17,0,0,1,0,-1,180,0,153
mb_cap,1,1007,17,0,0,0,0,0,180,0,153
mb_cap,1,1008,17,0,0,1,0,-1,179,0,153
mb_cap,1,1009,17,2,0,0,0,2,181,0,153
mb_cap,1,1010,17,0,0,1,0,-1,180,0,153
mb_cap,1,1011,17,0,0,0,0,0,180,0,153
mb_cap,1,1012,17,1,0,2,0,-1,179,0,153
mb_cap,1,1013,17,3,0,1,0,2,181,0,153
mb_cap,1,1014,17,0,0,1,0,-1,180,0,153
mb_cap,1,1015,17,0,0,0,0,0,180,0,153
mb_cap,1,1016,17,0,0,1,0,-1,179,0,153
mb_cap,1,1017,17,2,0,0,0,2,181,0,153
mb_cap,1,1018,17,0,0,1,0,-1,180,0,153
mb_cap,1,1019,17,0,1,0,1,0,180,0,153
mb_cap,1,1020,17,0,0,1,0,-1,179,0,153
mb_cap,1,1021,18,2,0,0,0,2,181,0,153
mb_cap,1,1022,18,0,0,1,0,-1,180,0,153
mb_cap,1,1023,18,0,0,0,0,0,180,0,153
mb_cap,1,1024,18,1,0,3,0,-2,178,0,153
mb_cap,1,1025,18,2,0,0,0,2,180,0,153
mb_cap,1,1026,18,0,0,3,0,-3,177,0,153
mb_cap,1,1027,18,0,0,0,0,0,177,0,153
mb_cap,1,1028,18,0,0,1,0,-1,176,0,153
mb_cap,1,1029,18,2,0,0,0,2,178,0,153
mb_cap,1,1030,18,0,0,1,0,-1,177,0,153
mb_cap,1,1031,18,0,4,0,3,0,177,1,154
mb_cap,1,1032,18,0,0,1,0,-1,176,0,154
mb_cap,1,1033,18,2,0,0,0,2,178,0,154
mb_cap,1,1034,18,0,0,2,0,-2,176,0,154
mb_cap,1,1035,18,0,0,1,0,-1,175,0,154
mb_cap,1,1036,18,1,0,2,0,-1,174,0,154
mb_cap,1,1037,18,2,0,1,0,1,175,0,154
mb_cap,1,1038,18,1,0,2,0,-1,174,0,154
mb_cap,1,1039,18,0,0,0,0,0,174,0,154
mb_cap,1,1040,18,0,0,1,0,-1,173,0,154
mb_cap,1,1041,18,1,0,0,0,1,174,0,154
mb_cap,1,1042,18,0,0,1,0,-1,173,0,154
mb_cap,1,1043,18,1,0,1,0,0,173,0,154
mb_cap,1,1044,18,0,0,1,0,-1,172,0,154
mb_cap,1,1045,18,3,0,1,0,2,174,0,154
mb_cap,1,1046,18,0,1,1,0,-1,173,1,155
mb_cap,1,1047,18,0,0,0,0,0,173,0,155
mb_cap,1,1048,18,2,0,3,0,-1,172,0,155
mb_cap,1,1049,18,2,0,0,0,2,174,0,155
mb_cap,1,1050,18,1,1,2,1,-1,173,0,155
mb_cap,1,1051,18,0,0,0,0,0,173,0,155
mb_cap,1,1052,18,0,0,1,0,-1,172,0,155
mb_cap,1,1053,18,2,0,0,0,2,174,0,155
mb_cap,1,1054,18,0,0,1,0,-1,173,0,155
mb_cap,1,1055,18,0,0,0,0,0,173,0,155
mb_cap,1,1056,18,0,0,1,0,-1,172,0,155
mb_cap,1,1057,18,2,0,0,0,2,174,0,155
mb_cap,1,1058,18,0,0,0,0,0,174,0,155
mb_cap,1,1059,18,0,0,0,0,0,174,0,155
mb_cap,1,1060,18,1,0,2,0,-1,173,0,155
mb_cap,1,1061,18,2,0,0,0,2,175,0,155
mb_cap,1,1062,18,0,0,1,0,-1,174,0,155
mb_cap,1,1063,18,1,0,1,0,0,174,0,155
mb_cap,1,1064,18,0,0,1,0,-1,173,0,155
mb_cap,1,1065,18,2,0,1,0,1,174,0,155
mb_cap,1,1066,18,0,0,2,0,-2,172,0,155
mb_cap,1,1067,18,0,0,0,0,0,172,0,155
mb_cap,1,1068,18,0,2,1,1,-1,171,1,156
mb_cap,1,1069,18,5,4,2,3,3,174,1,157
mb_cap,1,1070,18,0,4,1,2,-1,173,2,159
mb_cap,1,1071,18,0,0,0,2,0,173,-2,157
mb_cap,1,1072,18,1,0,2,0,-1,172,0,157
mb_cap,1,1073,18,2,0,0,0,2,174,0,157
mb_cap,1,1074,18,0,0,1,0,-1,173,0,157
mb_cap,1,1075,18,0,0,2,0,-2,171,0,157
mb_cap,1,1076,18,0,0,1,0,-1,170,0,157
mb_cap,1,1077,18,3,0,1,0,2,172,0,157
mb_cap,1,1078,18,1,0,3,0,-2,170,0,157
mb_cap,1,1079,18,0,0,0,0,0,170,0,157
mb_cap,1,1080,18,0,0,2,0,-2,168,0,157
mb_cap,1,1081,19,2,1,0,2,2,170,-1,156
mb_cap,1,1082,19,1,0,2,0,-1,169,0,156
mb_cap,1,1083,19,1,0,1,0,0,169,0,156
mb_cap,1,1084,19,1,0,2,0,-1,168,0,156
mb_cap,1,1085,19,2,0,0,1,2,170,-1,155
mb_cap,1,1086,19,0,0,1,0,-1,169,0,155
mb_cap,1,1087,19,0,0,0,0,0,169,0,155
mb_cap,1,1088,19,0,0,1,0,-1,168,0,155
mb_cap,1,1089,19,2,0,0,0,2,170,0,155
mb_cap,1,1090,19,0,0,1,0,-1,169,0,155
mb_cap,1,1091,19,0,0,0,0,0,169,0,155
mb_cap,1,1092,19,0,0,1,0,-1,168,0,155
mb_cap,1,1093,19,3,0,1,0,2,170,0,155
mb_cap,1,1094,19,0,0,1,0,-1,169,0,155
mb_cap,1,1095,19,0,0,0,0,0,169,0,155
mb_cap,1,1096,19,1,0,2,0,-1,168,0,155
mb_cap,1,1097,19,2,0,0,0,2,170,0,155
mb_cap,1,1098,19,1,0,2,0,-1,169,0,155
mb_cap,1,1099,19,0,0,0,0,0,169,0,155
mb_cap,1,1100,19,0,0,1,0,-1,168,0,155
mb_cap,1,1101,19,2,0,0,0,2,170,0,155
mb_cap,1,1102,19,0,0,1,0,-1,169,0,155
mb_cap,1,1103,19,1,0,1,0,0,169,0,155
mb_cap,1,1104,19,0,0,27,1,-27,142,-1,154
mb_cap,1,1105,19,2,0,0,0,2,144,0,154
mb_cap,1,1106,19,0,0,1,0,-1,143,0,154
mb_cap,1,1107,19,0,0,0,0,0,143,0,154
mb_cap,1,1108,19,2,0,3,0,-1,142,0,154
mb_cap,1,1109,19,3,0,1,0,2,144,0,154
mb_cap,1,1110,19,0,0,1,0,-1,143,0,154
mb_cap,1,1111,19,0,0,0,0,0,143,0,154
mb_cap,1,1112,19,0,0,1,0,-1,142,0,154
mb_cap,1,1113,19,3,0,1,0,2,144,0,154
mb_cap,1,1114,19,0,0,1,0,-1,143,0,154
mb_cap,1,1115,19,1,17,0,11,1,144,6,160
mb_cap,1,1116,19,0,7,1,8,-1,143,-1,159
mb_cap,1,1117,19,2,0,0,0,2,145,0,159
mb_cap,1,1118,19,0,0,2,0,-2,143,0,159
mb_cap,1,1119,19,1,1,0,0,1,144,1,160
mb_cap,1,1120,19,1,0,2,0,-1,143,0,160
mb_cap,1,1121,19,4,0,0,1,4,147,-1,159
mb_cap,1,1122,19,0,0,1,0,-1,146,0,159
mb_cap,1,1123,19,1,2,0,2,1,147,0,159
mb_cap,1,1124,19,0,0,2,1,-2,145,-1,158
mb_cap,1,1125,19,4,0,1,1,3,148,-1,157
mb_cap,1,1126,19,0,0,1,0,-1,147,0,157
mb_cap,1,1127,19,0,0,0,0,0,147,0,157
mb_cap,1,1128,19,0,0,2,0,-2,145,0,157
mb_cap,1,1129,19,2,0,0,0,2,147,0,157
mb_cap,1,1130,19,0,0,2,0,-2,145,0,157
mb_cap,1,1131,19,1,4,0,2,1,146,2,159
mb_cap,1,1132,19,1,0,2,1,-1,145,-1,158
mb_cap,1,1133,19,2,0,0,0,2,147,0,158
mb_cap,1,1134,19,0,0,1,0,-1,146,0,158
mb_cap,1,1135,19,1,1,1,0,0,146,1,159
mb_cap,1,1136,19,0,0,2,0,-2,144,0,159
mb_cap,1,1137,19,3,0,0,0,3,147,0,159
mb_cap,1,1138,19,0,0,1,0,-1,146,0,159
mb_cap,1,1139,19,0,0,0,0,0,146,0,159
mb_cap,1,1140,19,0,0,1,0,-1,145,0,159
mb_cap,1,1141,20,3,0,1,0,2,147,0,159
mb_cap,1,1142,20,0,4,2,2,-2,145,2,161
mb_cap,1,1143,20,1,0,0,0,1,146,0,161
mb_cap,1,1144,20,1,0,1,0,0,146,0,161
mb_cap,1,1145,20,2,0,0,0,2,148,0,161
mb_cap,1,1146,20,0,0,1,0,-1,147,0,161
mb_cap,1,1147,20,0,0,0,0,0,147,0,161
mb_cap,1,1148,20,0,0,2,0,-2,145,0,161
mb_cap,1,1149,20,3,0,0,0,3,148,0,161
mb_cap,1,1150,20,1,0,2,0,-1,147,0,161
mb_cap,1,1151,20,0,0,0,0,0,147,0,161
mb_cap,1,1152,20,0,0,1,0,-1,146,0,161
mb_cap,1,1153,20,2,0,0,0,2,148,0,161
mb_cap,1,1154,20,0,0,2,0,-2,146,0,161
mb_cap,1,1155,20,2,0,1,0,1,147,0,161
mb_cap,1,1156,20,1,0,2,0,-1,146,0,161
mb_cap,1,1157,20,2,0,0,0,2,148,0,161
mb_cap,1,1158,20,0,0,1,0,-1,147,0,161
mb_cap,1,1159,20,0,0,0,0,0,147,0,161
mb_cap,1,1160,20,2,2,3,2,-1,146,0,161
mb_cap,1,1161,20,3,0,0,0,3,149,0,161
mb_cap,1,1162,20,0,0,1,0,-1,148,0,161
mb_cap,1,1163,20,0,0,0,0,0,148,0,161
mb_cap,1,1164,20,0,0,1,0,-1,147,0,161
mb_cap,1,1165,20,3,0,1,0,2,149,0,161
mb_cap,1,1166,20,0,0,2,0,-2,147,0,161
mb_cap,1,1167,20,1,0,0,1,1,148,-1,160
mb_cap,1,1168,20,1,0,2,0,-1,147,0,160
mb_cap,1,1169,20,2,0,0,0,2,149,0,160
mb_cap,1,1170,20,1,0,2,0,-1,148,0,160
mb_cap,1,1171,20,0,0,0,0,0,148,0,160
mb_cap,1,1172,20,1,0,3,0,-2,146,0,160
mb_cap,1,1173,20,3,0,0,0,3,149,0,160
mb_cap,1,1174,20,0,0,1,0,-1,148,0,160
mb_cap,1,1175,20,1,0,1,0,0,148,0,160
mb_cap,1,1176,20,0,0,1,0,-1,147,0,160
mb_cap,1,1177,20,2,0,0,0,2,149,0,160
mb_cap,1,1178,20,0,0,2,0,-2,147,0,160
mb_cap,1,1179,20,1,0,0,0,1,148,0,160
mb_cap,1,1180,20,2,0,3,0,-1,147,0,160
mb_cap,1,1181,20,2,0,0,0,2,149,0,160
mb_cap,1,1182,20,0,0,2,0,-2,147,0,160
mb_cap,1,1183,20,0,0,0,0,0,147,0,160
mb_cap,1,1184,20,0,0,2,0,-2,145,0,160
mb_cap,1,1185,20,3,0,1,0,2,147,0,160
mb_cap,1,1186,20,0,0,1,0,-1,146,0,160
mb_cap,1,1187,20,0,0,0,0,0,146,0,160
mb_cap,1,1188,20,0,0,1,0,-1,145,0,160
mb_cap,1,1189,20,2,0,0,0,2,147,0,160
mb_cap,1,1190,20,1,0,3,0,-2,145,0,160
mb_cap,1,1191,20,1,0,0,0,1,146,0,160
mb_cap,1,1192,20,2,8,2,7,0,146,1,161
mb_cap,1,1193,20,7,0,0,0,7,153,0,161
mb_cap,1,1194,20,0,0,1,0,-1,152,0,161
mb_cap,1,1195,20,1,0,1,0,0,152,0,161
mb_cap,1,1196,20,1,1,3,1,-2,150,0,161
mb_cap,1,1197,20,3,1,1,0,2,152,1,162
mb_cap,1,1198,20,0,0,2,1,-2,150,-1,161
mb_cap,1,1199,20,0,0,0,0,0,150,0,161
mb_cap,1,1200,20,1,0,2,0,-1,149,0,161
mb_cap,1,1201,21,2,0,0,0,2,151,0,161
mb_cap,1,1202,21,0,0,2,0,-2,149,0,161
mb_cap,1,1203,21,2,2,1,2,1,150,0,161
mb_cap,1,1204,21,3,6,3,5,0,150,1,162
mb_cap,1,1205,21,0,0,0,0,0,150,0,162
mb_cap,1,1206,21,0,4,0,2,0,150,2,164
mb_cap,1,1207,21,0,0,1,0,-1,149,0,164
mb_cap,1,1208,21,0,0,1,0,-1,148,0,164
mb_cap,1,1209,21,4,0,1,0,3,151,0,164
mb_cap,1,1210,21,0,0,0,0,0,151,0,164
mb_cap,1,1211,21,0,0,0,0,0,151,0,164
mb_cap,1,1212,21,0,0,0,0,0,151,0,164
mb_cap,1,1213,21,0,0,0,0,0,151,0,164
mb_cap,1,1214,21,2,0,2,0,0,151,0,164
mb_cap,1,1215,21,1,0,0,0,1,152,0,164
mb_cap,1,1216,21,1,0,2,0,-1,151,0,164
mb_cap,1,1217,21,2,0,0,0,2,153,0,164
mb_cap,1,1218,21,0,0,1,0,-1,152,0,164
mb_cap,1,1219,21,0,4,0,3,0,152,1,165
mb_cap,1,1220,21,0,0,2,0,-2,150,0,165
mb_cap,1,1221,21,3,0,0,0,3,153,0,165
mb_cap,1,1222,21,2,3,1,3,1,154,0,165
mb_cap,1,1223,21,0,0,0,0,0,154,0,165
mb_cap,1,1224,21,0,0,1,0,-1,153,0,165
mb_cap,1,1225,21,2,0,0,0,2,155,0,165
mb_cap,1,1226,21,0,0,2,0,-2,153,0,165
mb_cap,1,1227,21,1,0,0,0,1,154,0,165
mb_cap,1,1228,21,1,0,2,0,-1,153,0,165
mb_cap,1,1229,21,2,0,0,0,2,155,0,165
mb_cap,1,1230,21,0,0,1,0,-1,154,0,165
mb_cap,1,1231,21,0,0,0,0,0,154,0,165
mb_cap,1,1232,21,0,0,2,1,-2,152,-1,164
mb_cap,1,1233,21,3,0,0,0,3,155,0,164
mb_cap,1,1234,21,1,0,2,0,-1,154,0,164
mb_cap,1,1235,21,0,0,0,0,0,154,0,164
mb_cap,1,1236,21,1,3,0,3,1,155,0,164
mb_cap,1,1237,21,2,0,0,0,2,157,0,164
mb_cap,1,1238,21,0,0,2,0,-2,155,0,164
mb_cap,1,1239,21,1,0,0,0,1,156,0,164
mb_cap,1,1240,21,2,0,3,0,-1,155,0,164
mb_cap,1,1241,21,2,0,0,0,2,157,0,164
mb_cap,1,1242,21,0,0,1,0,-1,156,0,164
mb_cap,1,1243,21,0,0,0,0,0,156,0,164
mb_cap,1,1244,21,0,0,2,1,-2,154,-1,163
mb_cap,1,1245,21,5,1,1,1,4,158,0,163
mb_cap,1,1246,21,0,3,1,4,-1,157,-1,162
mb_cap,1,1247,21,1,0,0,0,1,158,0,162
mb_cap,1,1248,21,0,0,1,0,-1,157,0,162
mb_cap,1,1249,21,2,4,8,5,-6,151,-1,161
mb_cap,1,1250,21,4,0,1,0,3,154,0,161
mb_cap,1,1251,21,1,0,0,0,1,155,0,161
mb_cap,1,1252,21,0,0,1,0,-1,154,0,161
mb_cap,1,1253,21,2,4,2,3,0,154,1,162
mb_cap,1,1254,21,5,0,6,0,-1,153,0,162
mb_cap,1,1255,21,0,0,1,0,-1,152,0,162
mb_cap,1,1256,21,0,0,1,0,-1,151,0,162
mb_cap,1,1257,21,4,0,1,0,3,154,0,162
mb_cap,1,1258,21,0,0,0,0,0,154,0,162
mb_cap,1,1259,21,0,0,0,0,0,154,0,162
mb_cap,1,1260,21,0,0,1,0,-1,153,0,162
mb_cap,1,1261,22,0,0,0,0,0,153,0,162
mb_cap,1,1262,22,1,0,2,0,-1,152,0,162
mb_cap,1,1263,22,1,4,1,2,0,152,2,164
mb_cap,1,1264,22,2,0,1,0,1,153,0,164
mb_cap,1,1265,22,1,0,1,0,0,153,0,164
mb_cap,1,1266,22,0,0,0,0,0,153,0,164
mb_cap,1,1267,22,0,0,1,0,-1,152,0,164
mb_cap,1,1268,22,1,3,1,3,0,152,0,164
mb_cap,1,1269,22,7,6,1,5,6,158,1,165
mb_cap,1,1270,22,2,3,0,2,2,160,1,166
mb_cap,1,1271,22,6,4,0,3,6,166,1,167
mb_cap,1,1272,22,0,0,1,0,-1,165,0,167
mb_cap,1,1273,22,0,0,0,0,0,165,0,167
mb_cap,1,1274,22,4,1,3,2,1,166,-1,166
mb_cap,1,1275,22,4,5,2,4,2,168,1,167
mb_cap,1,1276,22,1,2,2,2,-1,167,0,167
mb_cap,1,1277,22,3,2,2,2,1,168,0,167
mb_cap,1,1278,22,1,2,2,0,-1,167,2,169
mb_cap,1,1279,22,0,2,1,2,-1,166,0,169
mb_cap,1,1280,22,1,0,2,0,-1,165,0,169
mb_cap,1,1281,22,4,2,1,2,3,168,0,169
mb_cap,1,1282,22,1,2,2,1,-1,167,1,170
mb_cap,1,1283,22,0,2,0,2,0,167,0,170
mb_cap,1,1284,22,2,2,3,1,-1,166,1,171
mb_cap,1,1285,22,3,2,1,2,2,168,0,171
mb_cap,1,1286,22,1,2,3,2,-2,166,0,171
mb_cap,1,1287,22,2,2,1,1,1,167,1,172
mb_cap,1,1288,22,1,0,2,0,-1,166,0,172
mb_cap,1,1289,22,5,8,2,8,3,169,0,172
mb_cap,1,1290,22,1,2,2,2,-1,168,0,172
mb_cap,1,1291,22,1,2,1,2,0,168,0,172
mb_cap,1,1292,22,0,2,2,2,-2,166,0,172
mb_cap,1,1293,22,4,2,2,2,2,168,0,172
mb_cap,1,1294,22,1,5,1,3,0,168,2,174
mb_cap,1,1295,22,2,2,1,1,1,169,1,175
mb_cap,1,1296,22,2,1,3,1,-1,168,0,175
mb_cap,1,1297,22,3,0,1,0,2,170,0,175
mb_cap,1,1298,22,0,0,1,0,-1,169,0,175
mb_cap,1,1299,22,1,4,1,4,0,169,0,175
mb_cap,1,1300,22,1,1,0,3,1,170,-2,173
mb_cap,1,1301,22,1,0,1,0,0,170,0,173
mb_cap,1,1302,22,0,0,0,0,0,170,0,173
mb_cap,1,1303,22,0,0,1,0,-1,169,0,173
mb_cap,1,1304,22,0,2,1,1,-1,168,1,174
mb_cap,1,1305,22,5,0,1,0,4,172,0,174
mb_cap,1,1306,22,0,0,0,0,0,172,0,174
mb_cap,1,1307,22,0,0,0,0,0,172,0,174
mb_cap,1,1308,22,0,0,1,0,-1,171,0,174
mb_cap,1,1309,22,1,0,1,0,0,171,0,174
mb_cap,1,1310,22,1,0,2,0,-1,170,0,174
mb_cap,1,1311,22,2,2,0,1,2,172,1,175
mb_cap,1,1312,22,0,0,1,0,-1,171,0,175
mb_cap,1,1313,22,3,7,0,6,3,174,1,176
mb_cap,1,1314,22,1,1,2,1,-1,173,0,176
mb_cap,1,1315,22,0,0,0,0,0,173,0,176
mb_cap,1,1316,22,0,0,2,0,-2,171,0,176
mb_cap,1,1317,22,3,5,0,4,3,174,1,177
mb_cap,1,1318,22,0,0,1,1,-1,173,-1,176
mb_cap,1,1319,22,0,1,0,1,0,173,0,176
mb_cap,1,1320,22,1,0,2,0,-1,172,0,176
mb_cap,1,1321,23,2,0,0,0,2,174,0,176
mb_cap,1,1322,23,0,0,2,0,-2,172,0,176
mb_cap,1,1323,23,1,0,0,0,1,173,0,176
mb_cap,1,1324,23,0,0,2,0,-2,171,0,176
mb_cap,1,1325,23,3,1,0,2,3,174,-1,175
mb_cap,1,1326,23,0,0,2,0,-2,172,0,175
mb_cap,1,1327,23,0,0,1,0,-1,171,0,175
mb_cap,1,1328,23,2,0,2,0,0,171,0,175
mb_cap,1,1329,23,1,0,0,0,1,172,0,175
mb_cap,1,1330,23,0,0,0,0,0,172,0,175
mb_cap,1,1331,23,1,1,1,2,0,172,-1,174
mb_cap,1,1332,23,2,3,1,2,1,173,1,175
mb_cap,1,1333,23,1,0,1,0,0,173,0,175
mb_cap,1,1334,23,0,0,1,0,-1,172,0,175
mb_cap,1,1335,23,2,0,2,0,0,172,0,175
mb_cap,1,1336,23,0,0,0,0,0,172,0,175
mb_cap,1,1337,23,3,0,1,0,2,174,0,175
mb_cap,1,1338,23,0,2,0,2,0,174,0,175
mb_cap,1,1339,23,0,2,0,3,0,174,-1,174
mb_cap,1,1340,23,1,0,3,0,-2,172,0,174
mb_cap,1,1341,23,2,2,0,2,2,174,0,174
mb_cap,1,1342,23,1,0,1,0,0,174,0,174
mb_cap,1,1343,23,0,0,0,0,0,174,0,174
mb_cap,1,1344,23,1,0,1,0,0,174,0,174
mb_cap,1,1345,23,2,0,0,0,2,176,0,174
mb_cap,1,1346,23,1,0,3,0,-2,174,0,174
mb_cap,1,1347,23,1,0,0,0,1,175,0,174
mb_cap,1,1348,23,0,0,1,0,-1,174,0,174
mb_cap,1,1349,23,2,0,0,0,2,176,0,174
mb_cap,1,1350,23,0,0,1,0,-1,175,0,174
mb_cap,1,1351,23,1,0,1,0,0,175,0,174
mb_cap,1,1352,23,0,0,2,0,-2,173,0,174
mb_cap,1,1353,23,5,2,0,1,5,178,1,175
mb_cap,1,1354,23,0,0,1,0,-1,177,0,175
mb_cap,1,1355,23,0,0,1,0,-1,176,0,175
mb_cap,1,1356,23,2,0,3,0,-1,175,0,175
mb_cap,1,1357,23,2,0,0,0,2,177,0,175
mb_cap,1,1358,23,1,0,3,0,-2,175,0,175
mb_cap,1,1359,23,1,0,0,0,1,176,0,175
mb_cap,1,1360,23,0,0,1,0,-1,175,0,175
mb_cap,1,1361,23,3,0,1,0,2,177,0,175
mb_cap,1,1362,23,1,1,1,1,0,177,0,175
mb_cap,1,1363,23,0,0,0,0,0,177,0,175
mb_cap,1,1364,23,0,0,2,0,-2,175,0,175
mb_cap,1,1365,23,3,0,0,0,3,178,0,175
mb_cap,1,1366,23,1,0,2,0,-1,177,0,175
mb_cap,1,1367,23,0,0,0,0,0,177,0,175
mb_cap,1,1368,23,1,0,2,0,-1,176,0,175
mb_cap,1,1369,23,5,6,3,6,2,178,0,175
mb_cap,1,1370,23,0,0,2,0,-2,176,0,175
mb_cap,1,1371,23,2,0,1,0,1,177,0,175
mb_cap,1,1372,23,0,0,1,0,-1,176,0,175
mb_cap,1,1373,23,2,0,0,0,2,178,0,175
mb_cap,1,1374,23,0,0,1,0,-1,177,0,175
mb_cap,1,1375,23,0,0,0,0,0,177,0,175
mb_cap,1,1376,23,1,0,3,0,-2,175,0,175
mb_cap,1,1377,23,3,0,0,0,3,178,0,175
mb_cap,1,1378,23,0,0,1,0,-1,177,0,175
mb_cap,1,1379,23,0,0,2,0,-2,175,0,175
mb_cap,1,1380,23,1,0,2,0,-1,174,0,175
mb_cap,1,1381,24,3,0,2,0,1,175,0,175
mb_cap,1,1382,24,0,0,2,0,-2,173,0,175
mb_cap,1,1383,24,1,0,0,0,1,174,0,175
mb_cap,1,1384,24,0,0,1,0,-1,173,0,175
mb_cap,1,1385,24,2,0,0,0,2,175,0,175
mb_cap,1,1386,24,1,0,2,0,-1,174,0,175
mb_cap,1,1387,24,0,0,0,0,0,174,0,175
mb_cap,1,1388,24,0,0,2,0,-2,172,0,175
mb_cap,1,1389,24,4,0,1,0,3,175,0,175
mb_cap,1,1390,24,0,0,1,0,-1,174,0,175
mb_cap,1,1391,24,1,0,2,0,-1,173,0,175
mb_cap,1,1392,24,2,2,2,2,0,173,0,175
mb_cap,1,1393,24,2,0,0,0,2,175,0,175
mb_cap,1,1394,24,0,0,2,0,-2,173,0,175
mb_cap,1,1395,24,1,0,0,0,1,174,0,175
mb_cap,1,1396,24,1,0,2,0,-1,173,0,175
mb_cap,1,1397,24,2,0,0,0,2,175,0,175
mb_cap,1,1398,24,0,0,2,0,-2,173,0,175
mb_cap,1,1399,24,0,12,0,9,0,173,3,178
mb_cap,1,1400,24,1,12,2,14,-1,172,-2,176
mb_cap,1,1401,24,7,13,3,10,4,176,3,179
mb_cap,1,1402,24,0,0,2,0,-2,174,0,179
mb_cap,1,1403,24,0,3,0,1,0,174,2,181
mb_cap,1,1404,24,2,0,3,0,-1,173,0,181
mb_cap,1,1405,24,2,0,2,0,0,173,0,181
mb_cap,1,1406,24,0,0,3,0,-3,170,0,181
mb_cap,1,1407,24,2,0,0,0,2,172,0,181
mb_cap,1,1408,24,0,0,1,0,-1,171,0,181
mb_cap,1,1409,24,5,7,2,6,3,174,1,182
mb_cap,1,1410,24,0,3,2,4,-2,172,-1,181
mb_cap,1,1411,24,0,0,0,0,0,172,0,181
mb_cap,1,1412,24,0,0,2,0,-2,170,0,181
mb_cap,1,1413,24,4,0,0,0,4,174,0,181
mb_cap,1,1414,24,0,0,2,0,-2,172,0,181
mb_cap,1,1415,24,0,0,2,0,-2,170,0,181
mb_cap,1,1416,24,2,1,2,0,0,170,1,182
mb_cap,1,1417,24,2,0,0,0,2,172,0,182
mb_cap,1,1418,24,0,0,2,0,-2,170,0,182
mb_cap,1,1419,24,2,0,1,0,1,171,0,182
mb_cap,1,1420,24,1,0,1,0,0,171,0,182
mb_cap,1,1421,24,3,0,1,0,2,173,0,182
mb_cap,1,1422,24,1,0,1,0,0,173,0,182
mb_cap,1,1423,24,2,10,1,7,1,174,3,185
mb_cap,1,1424,24,3,0,3,0,0,174,0,185
mb_cap,1,1425,24,5,0,1,0,4,178,0,185
mb_cap,1,1426,24,0,0,1,1,-1,177,-1,184
mb_cap,1,1427,24,1,0,0,0,1,178,0,184
mb_cap,1,1428,24,1,0,2,0,-1,177,0,184
mb_cap,1,1429,24,2,0,0,0,2,179,0,184
mb_cap,1,1430,24,1,0,4,0,-3,176,0,184
mb_cap,1,1431,24,3,2,1,2,2,178,0,184
mb_cap,1,1432,24,0,0,1,0,-1,177,0,184
mb_cap,1,1433,24,2,0,1,0,1,178,0,184
mb_cap,1,1434,24,2,0,2,0,0,178,0,184
mb_cap,1,1435,24,0,0,0,0,0,178,0,184
mb_cap,1,1436,24,0,0,3,0,-3,175,0,184
mb_cap,1,1437,24,4,0,1,0,3,178,0,184
mb_cap,1,1438,24,0,0,1,0,-1,177,0,184
mb_cap,1,1439,24,0,0,0,0,0,177,0,184
mb_cap,1,1440,24,3,0,2,0,1,178,0,184
mb_cap,1,1441,25,2,0,0,0,2,180,0,184
mb_cap,1,1442,25,0,4,3,3,-3,177,1,185
mb_cap,1,1443,25,2,0,1,1,1,178,-1,184
mb_cap,1,1444,25,0,0,1,0,-1,177,0,184
mb_cap,1,1445,25,3,2,0,2,3,180,0,184
mb_cap,1,1446,25,1,0,1,0,0,180,0,184
mb_cap,1,1447,25,1,2,0,1,1,181,1,185
mb_cap,1,1448,25,0,0,4,0,-4,177,0,185
mb_cap,1,1449,25,12,4,1,4,11,188,0,185
mb_cap,1,1450,25,8,5,2,6,6,194,-1,184
mb_cap,1,1451,25,3,2,0,2,3,197,0,184
mb_cap,1,1452,25,3,0,3,0,0,197,0,184
mb_cap,1,1453,25,2,3,0,3,2,199,0,184
mb_cap,1,1454,25,0,0,2,0,-2,197,0,184
mb_cap,1,1455,25,2,0,1,0,1,198,0,184
mb_cap,1,1456,25,0,0,1,0,-1,197,0,184
mb_cap,1,1457,25,2,0,0,0,2,199,0,184
mb_cap,1,1458,25,1,0,1,0,0,199,0,184
mb_cap,1,1459,25,0,0,0,0,0,199,0,184
mb_cap,1,1460,25,0,0,3,0,-3,196,0,184
mb_cap,1,1461,25,4,0,1,0,3,199,0,184
mb_cap,1,1462,25,0,0,1,0,-1,198,0,184
mb_cap,1,1463,25,0,0,0,0,0,198,0,184
mb_cap,1,1464,25,2,0,2,0,0,198,0,184
mb_cap,1,1465,25,2,0,0,0,2,200,0,184
mb_cap,1,1466,25,0,0,3,0,-3,197,0,184
mb_cap,1,1467,25,2,0,1,1,1,198,-1,183
mb_cap,1,1468,25,0,0,1,0,-1,197,0,183
mb_cap,1,1469,25,2,0,0,0,2,199,0,183
mb_cap,1,1470,25,1,0,1,0,0,199,0,183
mb_cap,1,1471,25,0,0,0,0,0,199,0,183
mb_cap,1,1472,25,0,0,2,0,-2,197,0,183
mb_cap,1,1473,25,4,0,1,0,3,200,0,183
mb_cap,1,1474,25,0,0,1,0,-1,199,0,183
mb_cap,1,1475,25,0,1,0,1,0,199,0,183
mb_cap,1,1476,25,2,0,2,0,0,199,0,183
mb_cap,1,1477,25,2,0,0,0,2,201,0,183
mb_cap,1,1478,25,0,0,3,0,-3,198,0,183
mb_cap,1,1479,25,2,1,1,0,1,199,1,184
mb_cap,1,1480,25,0,0,1,0,-1,198,0,184
mb_cap,1,1481,25,3,0,0,0,3,201,0,184
mb_cap,1,1482,25,0,0,1,0,-1,200,0,184
mb_cap,1,1483,25,0,0,0,0,0,200,0,184
mb_cap,1,1484,25,1,0,5,0,-4,196,0,184
mb_cap,1,1485,25,5,0,0,0,5,201,0,184
mb_cap,1,1486,25,0,0,0,0,0,201,0,184
mb_cap,1,1487,25,0,0,1,0,-1,200,0,184
mb_cap,1,1488,25,0,0,0,0,0,200,0,184
mb_cap,1,1489,25,3,0,0,0,3,203,0,184
mb_cap,1,1490,25,1,0,3,1,-2,201,-1,183
mb_cap,1,1491,25,3,2,0,1,3,204,1,184
mb_cap,1,1492,25,2,1,1,0,1,205,1,185
mb_cap,1,1493,25,5,0,1,0,4,209,0,185
mb_cap,1,1494,25,0,0,1,0,-1,208,0,185
mb_cap,1,1495,25,0,0,0,0,0,208,0,185
mb_cap,1,1496,25,0,4,4,3,-4,204,1,186
mb_cap,1,1497,25,3,3,0,2,3,207,1,187
mb_cap,1,1498,25,1,0,1,1,0,207,-1,186
mb_cap,1,1499,25,1,0,2,0,-1,206,0,186
mb_cap,1,1500,25,3,2,1,1,2,208,1,187
mb_cap,1,1501,26,0,0,0,0,0,208,0,187
mb_cap,1,1502,26,0,0,3,0,-3,205,0,187
mb_cap,1,1503,26,3,0,0,0,3,208,0,187
mb_cap,1,1504,26,0,0,0,0,0,208,0,187
mb_cap,1,1505,26,3,0,1,0,2,210,0,187
mb_cap,1,1506,26,0,0,0,0,0,210,0,187
mb_cap,1,1507,26,0,0,0,0,0,210,0,187
mb_cap,1,1508,26,0,0,4,0,-4,206,0,187
mb_cap,1,1509,26,2,0,0,0,2,208,0,187
mb_cap,1,1510,26,2,0,2,0,0,208,0,187
mb_cap,1,1511,26,1,0,0,0,1,209,0,187
mb_cap,1,1512,26,0,0,1,0,-1,208,0,187
mb_cap,1,1513,26,3,2,1,1,2,210,1,188
mb_cap,1,1514,26,1,0,4,0,-3,207,0,188
mb_cap,1,1515,26,1,0,1,0,0,207,0,188
mb_cap,1,1516,26,2,0,1,0,1,208,0,188
mb_cap,1,1517,26,1,0,0,0,1,209,0,188
mb_cap,1,1518,26,0,0,0,0,0,209,0,188
mb_cap,1,1519,26,0,0,2,0,-2,207,0,188
mb_cap,1,1520,26,1,0,2,0,-1,206,0,188
mb_cap,1,1521,26,4,0,1,0,3,209,0,188
mb_cap,1,1522,26,0,0,1,0,-1,208,0,188
mb_cap,1,1523,26,1,0,0,0,1,209,0,188
mb_cap,1,1524,26,0,0,1,0,-1,208,0,188
mb_cap,1,1525,26,2,0,1,0,1,209,0,188
mb_cap,1,1526,26,1,0,3,0,-2,207,0,188
mb_cap,1,1527,26,1,0,0,0,1,208,0,188
mb_cap,1,1528,26,0,0,1,0,-1,207,0,188
mb_cap,1,1529,26,3,0,0,0,3,210,0,188
mb_cap,1,1530,26,0,4,1,4,-1,209,0,188
mb_cap,1,1531,26,0,0,1,0,-1,208,0,188
mb_cap,1,1532,26,1,0,3,0,-2,206,0,188
mb_cap,1,1533,26,4,0,1,0,3,209,0,188
mb_cap,1,1534,26,0,0,1,0,-1,208,0,188
mb_cap,1,1535,26,1,0,0,0,1,209,0,188
mb_cap,1,1536,26,0,0,1,0,-1,208,0,188
mb_cap,1,1537,26,2,0,1,0,1,209,0,188
mb_cap,1,1538,26,1,0,2,0,-1,208,0,188
mb_cap,1,1539,26,1,0,0,0,1,209,0,188
mb_cap,1,1540,26,0,0,4,0,-4,205,0,188
mb_cap,1,1541,26,3,0,0,0,3,208,0,188
mb_cap,1,1542,26,1,2,1,2,0,208,0,188
mb_cap,1,1543,26,0,0,1,0,-1,207,0,188
mb_cap,1,1544,26,1,0,3,0,-2,205,0,188
mb_cap,1,1545,26,4,0,1,0,3,208,0,188
mb_cap,1,1546,26,1,0,1,0,0,208,0,188
mb_cap,1,1547,26,1,4,0,3,1,209,1,189
mb_cap,1,1548,26,0,0,1,0,-1,208,0,189
mb_cap,1,1549,26,2,0,1,0,1,209,0,189
mb_cap,1,1550,26,1,0,2,0,-1,208,0,189
mb_cap,1,1551,26,1,0,0,0,1,209,0,189
mb_cap,1,1552,26,0,0,1,0,-1,208,0,189
mb_cap,1,1553,26,4,2,0,1,4,212,1,190
mb_cap,1,1554,26,4,0,5,0,-1,211,0,190
mb_cap,1,1555,26,1,0,4,0,-3,208,0,190
mb_cap,1,1556,26,1,0,3,0,-2,206,0,190
mb_cap,1,1557,26,3,0,1,0,2,208,0,190
mb_cap,1,1558,26,0,0,1,0,-1,207,0,190
mb_cap,1,1559,26,1,0,0,0,1,208,0,190
mb_cap,1,1560,26,0,0,1,0,-1,207,0,190
mb_cap,1,1561,27,2,0,1,0,1,208,0,190
mb_cap,1,1562,27,2,0,3,0,-1,207,0,190
mb_cap,1,1563,27,1,4,0,4,1,208,0,190
mb_cap,1,1564,27,0,0,1,0,-1,207,0,190
mb_cap,1,1565,27,3,0,0,0,3,210,0,190
mb_cap,1,1566,27,0,0,1,0,-1,209,0,190
mb_cap,1,1567,27,0,0,1,0,-1,208,0,190
mb_cap,1,1568,27,1,0,2,0,-1,207,0,190
mb_cap,1,1569,27,5,2,1,2,4,211,0,190
mb_cap,1,1570,27,0,0,16,0,-16,195,0,190
mb_cap,1,1571,27,1,0,0,0,1,196,0,190
mb_cap,1,1572,27,0,0,1,0,-1,195,0,190
mb_cap,1,1573,27,1,0,1,0,0,195,0,190
mb_cap,1,1574,27,1,0,2,0,-1,194,0,190
mb_cap,1,1575,27,1,0,0,0,1,195,0,190
mb_cap,1,1576,27,0,0,1,0,-1,194,0,190
mb_cap,1,1577,27,7,2,1,1,6,200,1,191
mb_cap,1,1578,27,1,0,1,0,0,200,0,191
mb_cap,1,1579,27,0,0,1,0,-1,199,0,191
mb_cap,1,1580,27,1,0,3,0,-2,197,0,191
mb_cap,1,1581,27,4,0,2,0,2,199,0,191
mb_cap,1,1582,27,0,0,1,0,-1,198,0,191
mb_cap,1,1583,27,1,0,0,0,1,199,0,191
mb_cap,1,1584,27,0,0,2,0,-2,197,0,191
mb_cap,1,1585,27,2,0,1,0,1,198,0,191
mb_cap,1,1586,27,1,0,3,0,-2,196,0,191
mb_cap,1,1587,27,1,0,0,0,1,197,0,191
mb_cap,1,1588,27,0,0,1,0,-1,196,0,191
mb_cap,1,1589,27,3,0,0,1,3,199,-1,190
mb_cap,1,1590,27,0,0,1,0,-1,198,0,190
mb_cap,1,1591,27,0,0,1,0,-1,197,0,190
mb_cap,1,1592,27,1,0,3,0,-2,195,0,190
mb_cap,1,1593,27,4,0,1,0,3,198,0,190
mb_cap,1,1594,27,0,0,1,0,-1,197,0,190
mb_cap,1,1595,27,1,0,0,0,1,198,0,190
mb_cap,1,1596,27,0,0,1,0,-1,197,0,190
mb_cap,1,1597,27,2,0,1,0,1,198,0,190
mb_cap,1,1598,27,1,0,3,0,-2,196,0,190
mb_cap,1,1599,27,1,0,0,0,1,197,0,190
mb_cap,1,1600,27,0,0,1,0,-1,196,0,190
mb_cap,1,1601,27,3,0,0,0,3,199,0,190
mb_cap,1,1602,27,0,0,2,0,-2,197,0,190
mb_cap,1,1603,27,0,0,1,0,-1,196,0,190
mb_cap,1,1604,27,1,12,4,8,-3,193,4,194
mb_cap,1,1605,27,4,5,1,3,3,196,2,196
mb_cap,1,1606,27,0,0,1,0,-1,195,0,196
mb_cap,1,1607,27,0,19,0,12,0,195,7,203
mb_cap,1,1608,27,1,9,1,8,0,195,1,204
mb_cap,1,1609,27,8,11,3,11,5,200,0,204
mb_cap,1,1610,27,3,15,2,15,1,201,0,204
mb_cap,1,1611,27,7,9,2,9,5,206,0,204
mb_cap,1,1612,27,0,1,2,2,-2,204,-1,203
mb_cap,1,1613,27,3,5,0,4,3,207,1,204
mb_cap,1,1614,27,3,8,2,4,1,208,4,208
mb_cap,1,1615,27,9,6,2,4,7,215,2,210
mb_cap,1,1616,27,4,3,2,3,2,217,0,210
mb_cap,1,1617,27,8,12,4,10,4,221,2,212
mb_cap,1,1618,27,5,17,3,16,2,223,1,213
mb_cap,1,1619,27,3,1,1,4,2,225,-3,210
mb_cap,1,1620,27,1,0,1,2,0,225,-2,208
mb_cap,1,1621,28,1,0,1,1,0,225,-1,207
mb_cap,1,1622,28,1,4,2,3,-1,224,1,208
mb_cap,1,1623,28,1,0,1,1,0,224,-1,207
mb_cap,1,1624,28,0,0,1,0,-1,223,0,207
mb_cap,1,1625,28,2,0,0,0,2,225,0,207
mb_cap,1,1626,28,1,0,1,0,0,225,0,207
mb_cap,1,1627,28,0,0,1,0,-1,224,0,207
mb_cap,1,1628,28,1,0,2,0,-1,223,0,207
mb_cap,1,1629,28,4,0,2,0,2,225,0,207
mb_cap,1,1630,28,0,0,0,0,0,225,0,207
mb_cap,1,1631,28,0,0,0,0,0,225,0,207
mb_cap,1,1632,28,2,0,1,0,1,226,0,207
mb_cap,1,1633,28,2,0,1,0,1,227,0,207
mb_cap,1,1634,28,1,0,2,0,-1,226,0,207
mb_cap,1,1635,28,1,0,1,0,0,226,0,207
mb_cap,1,1636,28,0,0,1,0,-1,225,0,207
mb_cap,1,1637,28,2,0,0,0,2,227,0,207
mb_cap,1,1638,28,1,0,1,0,0,227,0,207
mb_cap,1,1639,28,0,0,1,0,-1,226,0,207
mb_cap,1,1640,28,2,0,3,0,-1,225,0,207
mb_cap,1,1641,28,4,0,2,0,2,227,0,207
mb_cap,1,1642,28,0,0,1,0,-1,226,0,207
mb_cap,1,1643,28,0,0,0,0,0,226,0,207
mb_cap,1,1644,28,1,0,3,0,-2,224,0,207
mb_cap,1,1645,28,2,0,2,0,0,224,0,207
mb_cap,1,1646,28,1,0,2,0,-1,223,0,207
mb_cap,1,1647,28,2,2,1,1,1,224,1,208
mb_cap,1,1648,28,0,0,1,0,-1,223,0,208
mb_cap,1,1649,28,2,0,3,0,-1,222,0,208
mb_cap,1,1650,28,1,0,5,0,-4,218,0,208
mb_cap,1,1651,28,0,0,1,0,-1,217,0,208
mb_cap,1,1652,28,1,0,2,0,-1,216,0,208
mb_cap,1,1653,28,4,0,1,0,3,219,0,208
mb_cap,1,1654,28,0,0,1,0,-1,218,0,208
mb_cap,1,1655,28,0,0,1,0,-1,217,0,208
mb_cap,1,1656,28,1,0,1,0,0,217,0,208
mb_cap,1,1657,28,2,0,1,0,1,218,0,208
mb_cap,1,1658,28,1,0,2,0,-1,217,0,208
mb_cap,1,1659,28,1,0,1,0,0,217,0,208
mb_cap,1,1660,28,1,0,1,0,0,217,0,208
mb_cap,1,1661,28,2,0,0,0,2,219,0,208
mb_cap,1,1662,28,1,0,1,0,0,219,0,208
mb_cap,1,1663,28,0,0,1,0,-1,218,0,208
mb_cap,1,1664,28,1,1,2,1,-1,217,0,208
mb_cap,1,1665,28,4,0,2,0,2,219,0,208
mb_cap,1,1666,28,0,0,1,0,-1,218,0,208
mb_cap,1,1667,28,0,0,0,0,0,218,0,208
mb_cap,1,1668,28,0,0,1,0,-1,217,0,208
mb_cap,1,1669,28,5,5,4,5,1,218,0,208
mb_cap,1,1670,28,1,0,2,0,-1,217,0,208
mb_cap,1,1671,28,1,0,1,0,0,217,0,208
mb_cap,1,1672,28,2,0,3,0,-1,216,0,208
mb_cap,1,1673,28,0,0,1,0,-1,215,0,208
mb_cap,1,1674,28,0,0,0,0,0,215,0,208
mb_cap,1,1675,28,0,0,2,0,-2,213,0,208
mb_cap,1,1676,28,1,0,3,0,-2,211,0,208
mb_cap,1,1677,28,5,0,2,0,3,214,0,208
mb_cap,1,1678,28,0,0,0,0,0,214,0,208
mb_cap,1,1679,28,0,0,1,0,-1,213,0,208
mb_cap,1,1680,28,0,0,4,0,-4,209,0,208
mb_cap,1,1681,29,0,0,1,0,-1,208,0,208
mb_cap,1,1682,29,2,0,2,0,0,208,0,208
mb_cap,1,1683,29,1,0,0,0,1,209,0,208
mb_cap,1,1684,29,0,0,1,0,-1,208,0,208
mb_cap,1,1685,29,2,0,1,0,1,209,0,208
mb_cap,1,1686,29,0,0,1,0,-1,208,0,208
mb_cap,1,1687,29,0,0,1,0,-1,207,0,208
mb_cap,1,1688,29,1,0,2,0,-1,206,0,208
mb_cap,1,1689,29,4,0,1,0,3,209,0,208
mb_cap,1,1690,29,1,0,1,0,0,209,0,208
mb_cap,1,1691,29,1,2,0,2,1,210,0,208
mb_cap,1,1692,29,0,2,3,3,-3,207,-1,207
mb_cap,1,1693,29,3,0,2,0,1,208,0,207
mb_cap,1,1694,29,2,1,2,2,0,208,-1,206
mb_cap,1,1695,29,1,0,1,0,0,208,0,206
mb_cap,1,1696,29,0,0,1,0,-1,207,0,206
mb_cap,1,1697,29,2,0,0,0,2,209,0,206
mb_cap,1,1698,29,0,0,1,0,-1,208,0,206
mb_cap,1,1699,29,0,0,1,0,-1,207,0,206
mb_cap,1,1700,29,1,0,2,0,-1,206,0,206
mb_cap,1,1701,29,4,0,1,0,3,209,0,206
mb_cap,1,1702,29,1,0,2,0,-1,208,0,206
mb_cap,1,1703,29,0,0,0,0,0,208,0,206
mb_cap,1,1704,29,0,0,1,0,-1,207,0,206
mb_cap,1,1705,29,2,0,1,0,1,208,0,206
mb_cap,1,1706,29,1,0,2,0,-1,207,0,206
mb_cap,1,1707,29,1,0,0,0,1,208,0,206
mb_cap,1,1708,29,0,0,1,0,-1,207,0,206
mb_cap,1,1709,29,2,0,0,0,2,209,0,206
mb_cap,1,1710,29,0,0,1,0,-1,208,0,206
mb_cap,1,1711,29,0,0,1,0,-1,207,0,206
mb_cap,1,1712,29,1,0,2,0,-1,206,0,206
mb_cap,1,1713,29,4,0,1,0,3,209,0,206
mb_cap,1,1714,29,0,0,1,0,-1,208,0,206
mb_cap,1,1715,29,0,0,0,0,0,208,0,206
mb_cap,1,1716,29,0,0,1,0,-1,207,0,206
mb_cap,1,1717,29,2,0,1,0,1,208,0,206
mb_cap,1,1718,29,1,0,2,0,-1,207,0,206
mb_cap,1,1719,29,1,0,0,0,1,208,0,206
mb_cap,1,1720,29,0,0,1,0,-1,207,0,206
mb_cap,1,1721,29,2,0,0,0,2,209,0,206
mb_cap,1,1722,29,1,0,1,0,0,209,0,206
mb_cap,1,1723,29,0,0,1,0,-1,208,0,206
mb_cap,1,1724,29,1,0,2,0,-1,207,0,206
mb_cap,1,1725,29,4,0,2,0,2,209,0,206
mb_cap,1,1726,29,0,0,1,0,-1,208,0,206
mb_cap,1,1727,29,1,1,0,1,1,209,0,206
mb_cap,1,1728,29,1,1,2,1,-1,208,0,206
mb_cap,1,1729,29,2,0,2,0,0,208,0,206
mb_cap,1,1730,29,2,2,2,1,0,208,1,207
mb_cap,1,1731,29,1,0,2,0,-1,207,0,207
mb_cap,1,1732,29,0,0,1,0,-1,206,0,207
mb_cap,1,1733,29,2,0,1,0,1,207,0,207
mb_cap,1,1734,29,0,0,1,0,-1,206,0,207
mb_cap,1,1735,29,1,1,1,1,0,206,0,207
mb_cap,1,1736,29,1,0,2,0,-1,205,0,207
mb_cap,1,1737,29,4,0,1,0,3,208,0,207
mb_cap,1,1738,29,0,0,1,0,-1,207,0,207
mb_cap,1,1739,29,0,0,0,0,0,207,0,207
mb_cap,1,1740,29,2,4,2,4,0,207,0,207
mb_cap,1,1741,30,2,0,2,0,0,207,0,207
mb_cap,1,1742,30,1,4,2,2,-1,206,2,209
mb_cap,1,1743,30,1,0,0,0,1,207,0,209
mb_cap,1,1744,30,0,0,1,0,-1,206,0,209
mb_cap,1,1745,30,2,0,0,0,2,208,0,209
mb_cap,1,1746,30,0,0,1,0,-1,207,0,209
mb_cap,1,1747,30,0,0,1,0,-1,206,0,209
mb_cap,1,1748,30,1,0,2,0,-1,205,0,209
mb_cap,1,1749,30,5,2,1,2,4,209,0,209
mb_cap,1,1750,30,1,0,1,0,0,209,0,209
mb_cap,1,1751,30,0,0,0,0,0,209,0,209
mb_cap,1,1752,30,0,0,1,0,-1,208,0,209
mb_cap,1,1753,30,2,0,2,0,0,208,0,209
mb_cap,1,1754,30,1,0,3,0,-2,206,0,209
mb_cap,1,1755,30,1,1,0,1,1,207,0,209
mb_cap,1,1756,30,0,0,0,0,0,207,0,209
mb_cap,1,1757,30,2,0,0,0,2,209,0,209
mb_cap,1,1758,30,0,0,1,0,-1,208,0,209
mb_cap,1,1759,30,0,0,1,0,-1,207,0,209
mb_cap,1,1760,30,1,0,2,0,-1,206,0,209
mb_cap,1,1761,30,4,0,1,0,3,209,0,209
mb_cap,1,1762,30,0,0,1,0,-1,208,0,209
mb_cap,1,1763,30,0,0,0,0,0,208,0,209
mb_cap,1,1764,30,0,0,1,0,-1,207,0,209
mb_cap,1,1765,30,3,0,2,0,1,208,0,209
mb_cap,1,1766,30,1,0,2,0,-1,207,0,209
mb_cap,1,1767,30,1,0,0,0,1,208,0,209
mb_cap,1,1768,30,0,0,1,1,-1,207,-1,208
mb_cap,1,1769,30,2,0,0,0,2,209,0,208
mb_cap,1,1770,30,0,0,1,0,-1,208,0,208
mb_cap,1,1771,30,0,0,1,0,-1,207,0,208
mb_cap,1,1772,30,1,0,2,0,-1,206,0,208
mb_cap,1,1773,30,4,0,1,0,3,209,0,208
mb_cap,1,1774,30,0,0,1,0,-1,208,0,208
mb_cap,1,1775,30,0,0,0,0,0,208,0,208
mb_cap,1,1776,30,0,0,1,0,-1,207,0,208
mb_cap,1,1777,30,2,0,1,0,1,208,0,208
mb_cap,1,1778,30,1,0,2,0,-1,207,0,208
mb_cap,1,1779,30,1,0,0,0,1,208,0,208
mb_cap,1,1780,30,0,0,1,0,-1,207,0,208
mb_cap,1,1781,30,2,0,0,0,2,209,0,208
mb_cap,1,1782,30,1,0,1,0,0,209,0,208
mb_cap,1,1783,30,0,4,1,2,-1,208,2,210
mb_cap,1,1784,30,1,0,2,1,-1,207,-1,209
mb_cap,1,1785,30,4,0,2,0,2,209,0,209
mb_cap,1,1786,30,0,0,1,0,-1,208,0,209
mb_cap,1,1787,30,0,0,0,0,0,208,0,209
mb_cap,1,1788,30,0,0,1,0,-1,207,0,209
mb_cap,1,1789,30,2,0,1,0,1,208,0,209
mb_cap,1,1790,30,1,0,2,0,-1,207,0,209
mb_cap,1,1791,30,1,0,0,0,1,208,0,209
mb_cap,1,1792,30,0,0,0,0,0,208,0,209
mb_cap,1,1793,30,2,0,0,0,2,210,0,209
mb_cap,1,1794,30,0,0,1,0,-1,209,0,209
mb_cap,1,1795,30,0,0,1,0,-1,208,0,209
mb_cap,1,1796,30,2,0,3,0,-1,207,0,209
mb_cap,1,1797,30,4,0,1,0,3,210,0,209
mb_cap,1,1798,30,0,1,1,1,-1,209,0,209
mb_cap,1,1799,30,0,0,0,0,0,209,0,209
mb_cap,1,1800,30,0,0,1,0,-1,208,0,209
mb_cap,1,1801,31,2,0,1,0,1,209,0,209
mb_cap,1,1802,31,1,0,2,0,-1,208,0,209
mb_cap,1,1803,31,1,0,0,0,1,209,0,209
mb_cap,1,1804,31,0,0,2,0,-2,207,0,209
mb_cap,1,1805,31,2,0,0,0,2,209,0,209
mb_cap,1,1806,31,0,0,1,0,-1,208,0,209
mb_cap,1,1807,31,0,0,1,0,-1,207,0,209
mb_cap,1,1808,31,1,0,2,0,-1,206,0,209
mb_cap,1,1809,31,4,0,1,0,3,209,0,209
mb_cap,1,1810,31,1,0,1,0,0,209,0,209
mb_cap,1,1811,31,0,0,0,0,0,209,0,209
mb_cap,1,1812,31,0,0,1,0,-1,208,0,209
mb_cap,1,1813,31,3,2,2,2,1,209,0,209
mb_cap,1,1814,31,1,0,3,0,-2,207,0,209
mb_cap,1,1815,31,1,0,0,0,1,208,0,209
mb_cap,1,1816,31,0,0,1,0,-1,207,0,209
mb_cap,1,1817,31,3,1,0,0,3,210,1,210
mb_cap,1,1818,31,1,1,1,1,0,210,0,210
mb_cap,1,1819,31,0,0,1,0,-1,209,0,210
mb_cap,1,1820,31,3,3,3,2,0,209,1,211
mb_cap,1,1821,31,4,0,1,0,3,212,0,211
mb_cap,1,1822,31,0,0,0,0,0,212,0,211
mb_cap,1,1823,31,0,0,0,0,0,212,0,211
mb_cap,1,1824,31,0,0,1,0,-1,211,0,211
mb_cap,1,1825,31,2,0,1,0,1,212,0,211
mb_cap,1,1826,31,1,0,2,0,-1,211,0,211
mb_cap,1,1827,31,1,0,0,0,1,212,0,211
mb_cap,1,1828,31,1,0,2,0,-1,211,0,211
mb_cap,1,1829,31,1,0,0,0,1,212,0,211
mb_cap,1,1830,31,0,0,0,0,0,212,0,211
mb_cap,1,1831,31,1,0,2,0,-1,211,0,211
mb_cap,1,1832,31,0,0,1,0,-1,210,0,211
mb_cap,1,1833,31,3,0,2,0,1,211,0,211
mb_cap,1,1834,31,0,0,0,0,0,211,0,211
mb_cap,1,1835,31,0,0,1,0,-1,210,0,211
mb_cap,1,1836,31,0,0,1,0,-1,209,0,211
mb_cap,1,1837,31,4,0,1,0,3,212,0,211
mb_cap,1,1838,31,0,0,1,0,-1,211,0,211
mb_cap,1,1839,31,1,0,0,0,1,212,0,211
mb_cap,1,1840,31,0,0,0,0,0,212,0,211
mb_cap,1,1841,31,0,0,0,0,0,212,0,211
mb_cap,1,1842,31,3,0,2,0,1,213,0,211
mb_cap,1,1843,31,0,0,0,0,0,213,0,211
mb_cap,1,1844,31,0,4,2,2,-2,211,2,213
mb_cap,1,1845,31,4,0,2,0,2,213,0,213
mb_cap,1,1846,31,0,0,1,0,-1,212,0,213
mb_cap,1,1847,31,1,0,1,0,0,212,0,213
mb_cap,1,1848,31,0,2,1,2,-1,211,0,213
mb_cap,1,1849,31,3,0,0,0,3,214,0,213
mb_cap,1,1850,31,1,3,1,1,0,214,2,215
mb_cap,1,1851,31,1,0,0,0,1,215,0,215
mb_cap,1,1852,31,1,0,2,0,-1,214,0,215
mb_cap,1,1853,31,4,0,2,0,2,216,0,215
mb_cap,1,1854,31,4,2,7,1,-3,213,1,216
mb_cap,1,1855,31,0,0,2,0,-2,211,0,216
mb_cap,1,1856,31,1,1,3,1,-2,209,0,216
mb_cap,1,1857,31,5,0,4,0,1,210,0,216
mb_cap,1,1858,31,1,1,2,1,-1,209,0,216
mb_cap,1,1859,31,0,0,2,0,-2,207,0,216
mb_cap,1,1860,31,2,0,1,0,1,208,0,216
mb_cap,1,1861,32,0,0,0,0,0,208,0,216
mb_cap,1,1862,32,1,0,2,0,-1,207,0,216
mb_cap,1,1863,32,1,0,1,0,0,207,0,216
mb_cap,1,1864,32,0,4,0,3,0,207,1,217
mb_cap,1,1865,32,3,0,1,0,2,209,0,217
mb_cap,1,1866,32,0,0,0,0,0,209,0,217
mb_cap,1,1867,32,0,3,1,2,-1,208,1,218
mb_cap,1,1868,32,3,2,2,2,1,209,0,218
mb_cap,1,1869,32,2,0,1,0,1,210,0,218
mb_cap,1,1870,32,2,0,1,0,1,211,0,218
mb_cap,1,1871,32,0,0,1,0,-1,210,0,218
mb_cap,1,1872,32,0,0,1,0,-1,209,0,218
mb_cap,1,1873,32,4,15,3,14,1,210,1,219
mb_cap,1,1874,32,2,6,1,6,1,211,0,219
mb_cap,1,1875,32,2,5,0,5,2,213,0,219
mb_cap,1,1876,32,1,9,1,5,0,213,4,223
mb_cap,1,1877,32,2,0,0,1,2,215,-1,222
mb_cap,1,1878,32,0,0,1,0,-1,214,0,222
mb_cap,1,1879,32,0,0,2,0,-2,212,0,222
mb_cap,1,1880,32,3,0,1,0,2,214,0,222
mb_cap,1,1881,32,2,0,0,0,2,216,0,222
mb_cap,1,1882,32,0,0,1,0,-1,215,0,222
mb_cap,1,1883,32,1,0,0,0,1,216,0,222
mb_cap,1,1884,32,0,0,1,0,-1,215,0,222
mb_cap,1,1885,32,2,0,2,0,0,215,0,222
mb_cap,1,1886,32,2,0,2,0,0,215,0,222
mb_cap,1,1887,32,0,0,0,0,0,215,0,222
mb_cap,1,1888,32,0,3,1,3,-1,214,0,222
mb_cap,1,1889,32,2,0,0,1,2,216,-1,221
mb_cap,1,1890,32,1,0,2,0,-1,215,0,221
mb_cap,1,1891,32,0,0,2,0,-2,213,0,221
mb_cap,1,1892,32,3,0,2,0,1,214,0,221
mb_cap,1,1893,32,2,0,0,0,2,216,0,221
mb_cap,1,1894,32,0,0,1,0,-1,215,0,221
mb_cap,1,1895,32,0,0,0,0,0,215,0,221
mb_cap,1,1896,32,0,0,1,0,-1,214,0,221
mb_cap,1,1897,32,2,0,2,0,0,214,0,221
mb_cap,1,1898,32,2,0,1,0,1,215,0,221
mb_cap,1,1899,32,0,0,0,0,0,215,0,221
mb_cap,1,1900,32,0,0,1,0,-1,214,0,221
mb_cap,1,1901,32,2,0,0,0,2,216,0,221
mb_cap,1,1902,32,0,0,1,0,-1,215,0,221
mb_cap,1,1903,32,0,0,2,0,-2,213,0,221
mb_cap,1,1904,32,3,0,2,0,1,214,0,221
mb_cap,1,1905,32,2,0,0,0,2,216,0,221
mb_cap,1,1906,32,0,0,3,0,-3,213,0,221
mb_cap,1,1907,32,0,0,0,0,0,213,0,221
mb_cap,1,1908,32,0,0,1,0,-1,212,0,221
mb_cap,1,1909,32,2,0,2,0,0,212,0,221
mb_cap,1,1910,32,2,0,1,0,1,213,0,221
mb_cap,1,1911,32,0,0,0,1,0,213,-1,220
mb_cap,1,1912,32,0,0,1,0,-1,212,0,220
mb_cap,1,1913,32,2,0,0,0,2,214,0,220
mb_cap,1,1914,32,0,0,1,1,-1,213,-1,219
mb_cap,1,1915,32,0,0,2,0,-2,211,0,219
mb_cap,1,1916,32,3,0,2,0,1,212,0,219
mb_cap,1,1917,32,2,0,0,0,2,214,0,219
mb_cap,1,1918,32,0,0,1,0,-1,213,0,219
mb_cap,1,1919,32,0,1,1,0,-1,212,1,220
mb_cap,1,1920,32,0,0,1,1,-1,211,-1,219
mb_cap,1,1921,33,3,0,3,0,0,211,0,219
mb_cap,1,1922,33,2,0,1,0,1,212,0,219
mb_cap,1,1923,33,0,0,0,0,0,212,0,219
mb_cap,1,1924,33,0,0,1,0,-1,211,0,219
mb_cap,1,1925,33,2,0,0,0,2,213,0,219
mb_cap,1,1926,33,0,0,1,0,-1,212,0,219
mb_cap,1,1927,33,0,0,2,0,-2,210,0,219
mb_cap,1,1928,33,2,0,2,0,0,210,0,219
mb_cap,1,1929,33,2,0,1,0,1,211,0,219
mb_cap,1,1930,33,1,0,2,0,-1,210,0,219
mb_cap,1,1931,33,0,0,0,0,0,210,0,219
mb_cap,1,1932,33,0,0,1,0,-1,209,0,219
mb_cap,1,1933,33,2,4,4,4,-2,207,0,219
mb_cap,1,1934,33,3,5,2,3,1,208,2,221
mb_cap,1,1935,33,1,4,0,4,1,209,0,221
mb_cap,1,1936,33,1,0,2,0,-1,208,0,221
mb_cap,1,1937,33,5,10,3,8,2,210,2,223
mb_cap,1,1938,33,0,0,2,0,-2,208,0,223
mb_cap,1,1939,33,1,1,2,2,-1,207,-1,222
mb_cap,1,1940,33,3,1,2,2,1,208,-1,221
mb_cap,1,1941,33,2,0,0,0,2,210,0,221
mb_cap,1,1942,33,0,0,1,0,-1,209,0,221
mb_cap,1,1943,33,0,0,0,0,0,209,0,221
mb_cap,1,1944,33,0,0,1,0,-1,208,0,221
mb_cap,1,1945,33,2,0,3,0,-1,207,0,221
mb_cap,1,1946,33,2,0,2,0,0,207,0,221
mb_cap,1,1947,33,0,0,0,0,0,207,0,221
mb_cap,1,1948,33,0,5,1,4,-1,206,1,222
mb_cap,1,1949,33,2,0,0,0,2,208,0,222
mb_cap,1,1950,33,0,0,1,1,-1,207,-1,221
mb_cap,1,1951,33,0,0,2,0,-2,205,0,221
mb_cap,1,1952,33,4,0,2,0,2,207,0,221
mb_cap,1,1953,33,2,0,0,0,2,209,0,221
mb_cap,1,1954,33,2,1,1,0,1,210,1,222
mb_cap,1,1955,33,0,0,0,0,0,210,0,222
mb_cap,1,1956,33,0,0,1,0,-1,209,0,222
mb_cap,1,1957,33,2,0,2,0,0,209,0,222
mb_cap,1,1958,33,2,0,1,0,1,210,0,222
mb_cap,1,1959,33,0,0,1,0,-1,209,0,222
mb_cap,1,1960,33,0,0,1,0,-1,208,0,222
mb_cap,1,1961,33,2,0,0,0,2,210,0,222
mb_cap,1,1962,33,0,0,1,0,-1,209,0,222
mb_cap,1,1963,33,0,0,2,0,-2,207,0,222
mb_cap,1,1964,33,3,0,3,0,0,207,0,222
mb_cap,1,1965,33,2,0,0,0,2,209,0,222
mb_cap,1,1966,33,0,0,1,0,-1,208,0,222
mb_cap,1,1967,33,0,0,0,0,0,208,0,222
mb_cap,1,1968,33,0,0,1,0,-1,207,0,222
mb_cap,1,1969,33,5,6,4,6,1,208,0,222
mb_cap,1,1970,33,2,0,1,0,1,209,0,222
mb_cap,1,1971,33,0,0,0,0,0,209,0,222
mb_cap,1,1972,33,0,0,1,0,-1,208,0,222
mb_cap,1,1973,33,2,0,0,0,2,210,0,222
mb_cap,1,1974,33,1,0,1,0,0,210,0,222
mb_cap,1,1975,33,0,0,3,0,-3,207,0,222
mb_cap,1,1976,33,3,0,3,0,0,207,0,222
mb_cap,1,1977,33,2,0,0,0,2,209,0,222
mb_cap,1,1978,33,0,0,1,0,-1,208,0,222
mb_cap,1,1979,33,0,0,0,0,0,208,0,222
mb_cap,1,1980,33,0,3,1,3,-1,207,0,222
mb_cap,1,1981,34,2,0,2,0,0,207,0,222
mb_cap,1,1982,34,2,0,1,0,1,208,0,222
mb_cap,1,1983,34,0,0,0,0,0,208,0,222
mb_cap,1,1984,34,1,0,2,0,-1,207,0,222
mb_cap,1,1985,34,2,0,0,0,2,209,0,222
mb_cap,1,1986,34,1,2,1,2,0,209,0,222
mb_cap,1,1987,34,0,0,4,0,-4,205,0,222
mb_cap,1,1988,34,3,0,1,0,2,207,0,222
mb_cap,1,1989,34,3,0,2,0,1,208,0,222
mb_cap,1,1990,34,2,0,1,0,1,209,0,222
mb_cap,1,1991,34,0,0,0,0,0,209,0,222
mb_cap,1,1992,34,0,0,1,0,-1,208,0,222
mb_cap,1,1993,34,0,4,3,4,-3,205,0,222
mb_cap,1,1994,34,3,0,1,0,2,207,0,222
mb_cap,1,1995,34,0,3,0,2,0,207,1,223
mb_cap,1,1996,34,0,0,1,0,-1,206,0,223
mb_cap,1,1997,34,2,0,0,0,2,208,0,223
mb_cap,1,1998,34,0,0,2,1,-2,206,-1,222
mb_cap,1,1999,34,1,0,3,0,-2,204,0,222
mb_cap,1,2000,34,2,0,0,0,2,206,0,222
mb_cap,1,2001,34,0,0,0,0,0,206,0,222
mb_cap,1,2002,34,1,0,1,0,0,206,0,222
mb_cap,1,2003,34,0,0,0,0,0,206,0,222
mb_cap,1,2004,34,1,0,2,0,-1,205,0,222
mb_cap,1,2005,34,2,0,2,0,0,205,0,222
mb_cap,1,2006,34,1,0,1,0,0,205,0,222
mb_cap,1,2007,34,0,0,0,0,0,205,0,222
mb_cap,1,2008,34,0,0,1,0,-1,204,0,222
mb_cap,1,2009,34,3,0,1,0,2,206,0,222
mb_cap,1,2010,34,1,4,2,5,-1,205,-1,221
mb_cap,1,2011,34,0,0,1,0,-1,204,0,221
mb_cap,1,2012,34,1,0,1,0,0,204,0,221
mb_cap,1,2013,34,2,0,0,0,2,206,0,221
mb_cap,1,2014,34,1,0,2,0,-1,205,0,221
mb_cap,1,2015,34,0,0,1,0,-1,204,0,221
mb_cap,1,2016,34,2,0,1,0,1,205,0,221
mb_cap,1,2017,34,0,0,1,0,-1,204,0,221
mb_cap,1,2018,34,1,0,0,0,1,205,0,221
mb_cap,1,2019,34,1,0,3,0,-2,203,0,221
mb_cap,1,2020,34,0,0,0,0,0,203,0,221
mb_cap,1,2021,34,4,0,2,0,2,205,0,221
mb_cap,1,2022,34,0,0,0,0,0,205,0,221
mb_cap,1,2023,34,0,1,1,0,-1,204,1,222
mb_cap,1,2024,34,2,0,2,0,0,204,0,222
mb_cap,1,2025,34,0,0,1,0,-1,203,0,222
mb_cap,1,2026,34,1,0,1,0,0,203,0,222
mb_cap,1,2027,34,0,0,0,0,0,203,0,222
mb_cap,1,2028,34,0,0,1,0,-1,202,0,222
mb_cap,1,2029,34,3,0,2,0,1,203,0,222
mb_cap,1,2030,34,1,0,1,0,0,203,0,222
mb_cap,1,2031,34,0,0,0,0,0,203,0,222
mb_cap,1,2032,34,0,0,1,0,-1,202,0,222
mb_cap,1,2033,34,3,0,1,0,2,204,0,222
mb_cap,1,2034,34,1,0,2,0,-1,203,0,222
mb_cap,1,2035,34,0,0,1,0,-1,202,0,222
mb_cap,1,2036,34,1,0,1,0,0,202,0,222
mb_cap,1,2037,34,2,0,0,0,2,204,0,222
mb_cap,1,2038,34,0,0,1,0,-1,203,0,222
mb_cap,1,2039,34,1,0,1,0,0,203,0,222
mb_cap,1,2040,34,0,0,1,0,-1,202,0,222
mb_cap,1,2041,35,2,0,1,0,1,203,0,222
mb_cap,1,2042,35,1,4,2,1,-1,202,3,225
mb_cap,1,2043,35,0,0,0,0,0,202,0,225
mb_cap,1,2044,35,1,0,2,0,-1,201,0,225
mb_cap,1,2045,35,2,0,1,0,1,202,0,225
mb_cap,1,2046,35,1,0,2,0,-1,201,0,225
mb_cap,1,2047,35,0,0,1,0,-1,200,0,225
mb_cap,1,2048,35,1,0,1,0,0,200,0,225
mb_cap,1,2049,35,3,0,1,1,2,202,-1,224
mb_cap,1,2050,35,2,0,1,0,1,203,0,224
mb_cap,1,2051,35,0,0,1,0,-1,202,0,224
mb_cap,1,2052,35,0,3,1,3,-1,201,0,224
mb_cap,1,2053,35,3,0,2,0,1,202,0,224
mb_cap,1,2054,35,2,0,2,0,0,202,0,224
mb_cap,1,2055,35,0,0,0,0,0,202,0,224
mb_cap,1,2056,35,0,0,1,0,-1,201,0,224
mb_cap,1,2057,35,4,2,1,1,3,204,1,225
mb_cap,1,2058,35,0,0,2,0,-2,202,0,225
mb_cap,1,2059,35,1,0,2,0,-1,201,0,225
mb_cap,1,2060,35,1,0,0,0,1,202,0,225
mb_cap,1,2061,35,2,0,0,0,2,204,0,225
mb_cap,1,2062,35,0,0,1,0,-1,203,0,225
mb_cap,1,2063,35,0,0,0,0,0,203,0,225
mb_cap,1,2064,35,1,0,2,0,-1,202,0,225
mb_cap,1,2065,35,2,0,1,0,1,203,0,225
mb_cap,1,2066,35,1,0,1,0,0,203,0,225
mb_cap,1,2067,35,0,0,0,0,0,203,0,225
mb_cap,1,2068,35,0,0,1,1,-1,202,-1,224
mb_cap,1,2069,35,4,0,2,0,2,204,0,224
mb_cap,1,2070,35,0,0,1,0,-1,203,0,224
mb_cap,1,2071,35,0,0,1,0,-1,202,0,224
mb_cap,1,2072,35,1,0,1,0,0,202,0,224
mb_cap,1,2073,35,2,0,0,0,2,204,0,224
mb_cap,1,2074,35,1,0,2,0,-1,203,0,224
mb_cap,1,2075,35,0,0,0,0,0,203,0,224
mb_cap,1,2076,35,0,0,1,0,-1,202,0,224
mb_cap,1,2077,35,3,0,2,0,1,203,0,224
mb_cap,1,2078,35,1,0,1,0,0,203,0,224
mb_cap,1,2079,35,1,0,1,0,0,203,0,224
mb_cap,1,2080,35,0,0,1,0,-1,202,0,224
mb_cap,1,2081,35,3,0,1,0,2,204,0,224
mb_cap,1,2082,35,0,0,1,0,-1,203,0,224
mb_cap,1,2083,35,0,0,1,0,-1,202,0,224
mb_cap,1,2084,35,1,0,1,0,0,202,0,224
mb_cap,1,2085,35,2,0,0,0,2,204,0,224
mb_cap,1,2086,35,0,0,0,0,0,204,0,224
mb_cap,1,2087,35,0,0,0,0,0,204,0,224
mb_cap,1,2088,35,0,0,1,1,-1,203,-1,223
mb_cap,1,2089,35,3,0,2,0,1,204,0,223
mb_cap,1,2090,35,1,0,1,0,0,204,0,223
mb_cap,1,2091,35,0,0,0,0,0,204,0,223
mb_cap,1,2092,35,0,0,1,0,-1,203,0,223
mb_cap,1,2093,35,3,0,1,0,2,205,0,223
mb_cap,1,2094,35,1,0,2,0,-1,204,0,223
mb_cap,1,2095,35,0,0,1,0,-1,203,0,223
mb_cap,1,2096,35,1,9,1,6,0,203,3,226
mb_cap,1,2097,35,2,5,0,8,2,205,-3,223
mb_cap,1,2098,35,0,18,1,17,-1,204,1,224
mb_cap,1,2099,35,0,5,1,7,-1,203,-2,222
mb_cap,1,2100,35,2,8,1,6,1,204,2,224
mb_cap,1,2101,36,2,0,1,1,1,205,-1,223
mb_cap,1,2102,36,7,23,1,20,6,211,3,226
mb_cap,1,2103,36,6,22,0,21,6,217,1,227
mb_cap,1,2104,36,11,8,2,9,9,226,-1,226
mb_cap,1,2105,36,4,7,3,6,1,227,1,227
mb_cap,1,2106,36,5,0,2,0,3,230,0,227
mb_cap,1,2107,36,0,0,1,0,-1,229,0,227
mb_cap,1,2108,36,1,0,0,0,1,230,0,227
mb_cap,1,2109,36,2,0,1,0,1,231,0,227
mb_cap,1,2110,36,1,0,1,0,0,231,0,227
mb_cap,1,2111,36,0,0,1,0,-1,230,0,227
mb_cap,1,2112,36,2,1,2,1,0,230,0,227
mb_cap,1,2113,36,2,1,2,0,0,230,1,228
mb_cap,1,2114,36,1,0,1,2,0,230,-2,226
mb_cap,1,2115,36,0,0,0,0,0,230,0,226
mb_cap,1,2116,36,0,0,1,0,-1,229,0,226
mb_cap,1,2117,36,2,0,1,0,1,230,0,226
mb_cap,1,2118,36,1,0,1,0,0,230,0,226
mb_cap,1,2119,36,0,0,1,0,-1,229,0,226
mb_cap,1,2120,36,1,0,1,0,0,229,0,226
mb_cap,1,2121,36,2,0,0,0,2,231,0,226
mb_cap,1,2122,36,0,0,1,0,-1,230,0,226
mb_cap,1,2123,36,0,0,1,0,-1,229,0,226
mb_cap,1,2124,36,1,0,1,0,0,229,0,226
mb_cap,1,2125,36,2,0,1,0,1,230,0,226
mb_cap,1,2126,36,1,0,1,0,0,230,0,226
mb_cap,1,2127,36,0,0,0,0,0,230,0,226
mb_cap,1,2128,36,0,0,1,0,-1,229,0,226
mb_cap,1,2129,36,3,0,2,0,1,230,0,226
mb_cap,1,2130,36,1,0,2,0,-1,229,0,226
mb_cap,1,2131,36,0,0,1,0,-1,228,0,226
mb_cap,1,2132,36,1,0,1,0,0,228,0,226
mb_cap,1,2133,36,2,0,0,0,2,230,0,226
mb_cap,1,2134,36,0,0,2,0,-2,228,0,226
mb_cap,1,2135,36,0,0,1,0,-1,227,0,226
mb_cap,1,2136,36,1,0,2,0,-1,226,0,226
mb_cap,1,2137,36,2,0,1,0,1,227,0,226
mb_cap,1,2138,36,2,0,1,0,1,228,0,226
mb_cap,1,2139,36,0,0,0,0,0,228,0,226
mb_cap,1,2140,36,1,0,2,0,-1,227,0,226
mb_cap,1,2141,36,3,0,2,0,1,228,0,226
mb_cap,1,2142,36,1,0,1,0,0,228,0,226
mb_cap,1,2143,36,0,0,1,0,-1,227,0,226
mb_cap,1,2144,36,1,0,0,0,1,228,0,226
mb_cap,1,2145,36,2,0,0,0,2,230,0,226
mb_cap,1,2146,36,0,0,1,0,-1,229,0,226
mb_cap,1,2147,36,0,0,1,0,-1,228,0,226
mb_cap,1,2148,36,1,0,1,0,0,228,0,226
mb_cap,1,2149,36,2,0,1,0,1,229,0,226
mb_cap,1,2150,36,1,0,1,0,0,229,0,226
mb_cap,1,2151,36,0,0,0,0,0,229,0,226
mb_cap,1,2152,36,0,0,1,0,-1,228,0,226
mb_cap,1,2153,36,5,0,3,0,2,230,0,226
mb_cap,1,2154,36,5,2,5,1,0,230,1,227
mb_cap,1,2155,36,0,0,2,0,-2,228,0,227
mb_cap,1,2156,36,1,0,1,0,0,228,0,227
mb_cap,1,2157,36,1,0,0,0,1,229,0,227
mb_cap,1,2158,36,0,0,1,0,-1,228,0,227
mb_cap,1,2159,36,0,0,1,0,-1,227,0,227
mb_cap,1,2160,36,1,0,1,0,0,227,0,227
mb_cap,1,2161,37,2,0,2,0,0,227,0,227
mb_cap,1,2162,37,1,0,1,0,0,227,0,227
mb_cap,1,2163,37,0,0,0,0,0,227,0,227
mb_cap,1,2164,37,0,0,4,0,-4,223,0,227
mb_cap,1,2165,37,2,3,5,4,-3,220,-1,226
mb_cap,1,2166,37,1,0,1,0,0,220,0,226
mb_cap,1,2167,37,0,0,2,0,-2,218,0,226
mb_cap,1,2168,37,1,0,2,0,-1,217,0,226
mb_cap,1,2169,37,2,0,0,0,2,219,0,226
mb_cap,1,2170,37,1,0,1,0,0,219,0,226
mb_cap,1,2171,37,0,0,2,0,-2,217,0,226
mb_cap,1,2172,37,3,0,1,0,2,219,0,226
mb_cap,1,2173,37,0,0,2,0,-2,217,0,226
mb_cap,1,2174,37,1,0,0,0,1,218,0,226
mb_cap,1,2175,37,0,0,1,0,-1,217,0,226
mb_cap,1,2176,37,0,0,0,0,0,217,0,226
mb_cap,1,2177,37,4,0,3,0,1,218,0,226
mb_cap,1,2178,37,1,0,0,0,1,219,0,226
mb_cap,1,2179,37,1,1,1,2,0,219,-1,225
mb_cap,1,2180,37,1,0,2,0,-1,218,0,225
mb_cap,1,2181,37,0,0,0,0,0,218,0,225
mb_cap,1,2182,37,1,0,1,0,0,218,0,225
mb_cap,1,2183,37,0,0,1,0,-1,217,0,225
mb_cap,1,2184,37,1,0,1,0,0,217,0,225
mb_cap,1,2185,37,2,0,1,0,1,218,0,225
mb_cap,1,2186,37,1,0,1,0,0,218,0,225
mb_cap,1,2187,37,1,0,0,0,1,219,0,225
mb_cap,1,2188,37,0,0,1,0,-1,218,0,225
mb_cap,1,2189,37,3,0,2,0,1,219,0,225
mb_cap,1,2190,37,1,0,2,0,-1,218,0,225
mb_cap,1,2191,37,23,22,1,23,22,240,-1,224
mb_cap,1,2192,37,10,4,1,3,9,249,1,225
mb_cap,1,2193,37,5,1,3,0,2,251,1,226
mb_cap,1,2194,37,1,0,2,0,-1,250,0,226
mb_cap,1,2195,37,1,3,1,1,0,250,2,228
mb_cap,1,2196,37,7,6,1,6,6,256,0,228
mb_cap,1,2197,37,1,9,2,9,-1,255,0,228
mb_cap,1,2198,37,13,15,4,12,9,264,3,231
mb_cap,1,2199,37,3,8,3,6,0,264,2,233
mb_cap,1,2200,37,0,0,3,1,-3,261,-1,232
mb_cap,1,2201,37,0,0,3,0,-3,258,0,232
mb_cap,1,2202,37,3,0,1,0,2,260,0,232
mb_cap,1,2203,37,0,0,2,0,-2,258,0,232
mb_cap,1,2204,37,1,0,0,0,1,259,0,232
mb_cap,1,2205,37,0,0,1,0,-1,258,0,232
mb_cap,1,2206,37,3,0,0,0,3,261,0,232
mb_cap,1,2207,37,0,0,3,0,-3,258,0,232
mb_cap,1,2208,37,1,0,0,0,1,259,0,232
mb_cap,1,2209,37,2,0,3,0,-1,258,0,232
mb_cap,1,2210,37,1,9,0,8,1,259,1,233
mb_cap,1,2211,37,0,0,1,0,-1,258,0,233
mb_cap,1,2212,37,0,0,1,0,-1,257,0,233
mb_cap,1,2213,37,2,0,2,0,0,257,0,233
mb_cap,1,2214,37,2,0,0,0,2,259,0,233
mb_cap,1,2215,37,0,0,0,0,0,259,0,233
mb_cap,1,2216,37,0,0,2,0,-2,257,0,233
mb_cap,1,2217,37,0,0,0,0,0,257,0,233
mb_cap,1,2218,37,2,0,1,0,1,258,0,233
mb_cap,1,2219,37,2,3,1,3,1,259,0,233
mb_cap,1,2220,37,1,7,1,5,0,259,2,235
mb_cap,1,2221,38,1,1,0,1,1,260,0,235
mb_cap,1,2222,38,2,0,1,0,1,261,0,235
mb_cap,1,2223,38,0,0,1,0,-1,260,0,235
mb_cap,1,2224,38,0,0,0,0,0,260,0,235
mb_cap,1,2225,38,2,13,2,14,0,260,-1,234
mb_cap,1,2226,38,5,0,1,0,4,264,0,234
mb_cap,1,2227,38,0,0,0,0,0,264,0,234
mb_cap,1,2228,38,1,2,0,3,1,265,-1,233
mb_cap,1,2229,38,0,0,2,1,-2,263,-1,232
mb_cap,1,2230,38,1,0,0,0,1,264,0,232
mb_cap,1,2231,38,0,0,2,0,-2,262,0,232
mb_cap,1,2232,38,1,0,1,0,0,262,0,232
mb_cap,1,2233,38,3,0,2,0,1,263,0,232
mb_cap,1,2234,38,1,0,1,0,0,263,0,232
mb_cap,1,2235,38,0,0,1,0,-1,262,0,232
mb_cap,1,2236,38,0,0,1,0,-1,261,0,232
mb_cap,1,2237,38,1,0,1,0,0,261,0,232
mb_cap,1,2238,38,4,0,1,0,3,264,0,232
mb_cap,1,2239,38,0,0,0,0,0,264,0,232
mb_cap,1,2240,38,0,0,0,0,0,264,0,232
mb_cap,1,2241,38,0,0,1,0,-1,263,0,232
mb_cap,1,2242,38,0,0,0,0,0,263,0,232
mb_cap,1,2243,38,2,0,2,0,0,263,0,232
mb_cap,1,2244,38,1,0,0,0,1,264,0,232
mb_cap,1,2245,38,1,3,2,3,-1,263,0,232
mb_cap,1,2246,38,3,1,0,1,3,266,0,232
mb_cap,1,2247,38,0,0,1,0,-1,265,0,232
mb_cap,1,2248,38,0,0,0,0,0,265,0,232
mb_cap,1,2249,38,0,4,2,3,-2,263,1,233
mb_cap,1,2250,38,4,3,0,4,4,267,-1,232
mb_cap,1,2251,38,0,0,1,0,-1,266,0,232
mb_cap,1,2252,38,0,0,0,0,0,266,0,232
mb_cap,1,2253,38,0,0,1,0,-1,265,0,232
mb_cap,1,2254,38,3,2,0,2,3,268,0,232
mb_cap,1,2255,38,1,0,2,0,-1,267,0,232
mb_cap,1,2256,38,1,3,0,3,1,268,0,232
mb_cap,1,2257,38,3,0,2,0,1,269,0,232
mb_cap,1,2258,38,2,0,0,0,2,271,0,232
mb_cap,1,2259,38,0,0,1,0,-1,270,0,232
mb_cap,1,2260,38,0,0,0,0,0,270,0,232
mb_cap,1,2261,38,0,0,2,0,-2,268,0,232
mb_cap,1,2262,38,3,0,0,0,3,271,0,232
mb_cap,1,2263,38,0,0,1,0,-1,270,0,232
mb_cap,1,2264,38,0,0,0,0,0,270,0,232
mb_cap,1,2265,38,1,0,1,0,0,270,0,232
mb_cap,1,2266,38,2,0,0,0,2,272,0,232
mb_cap,1,2267,38,0,0,1,0,-1,271,0,232
mb_cap,1,2268,38,1,0,1,0,0,271,0,232
mb_cap,1,2269,38,3,6,3,6,0,271,0,232
mb_cap,1,2270,38,4,0,1,0,3,274,0,232
mb_cap,1,2271,38,0,0,0,0,0,274,0,232
mb_cap,1,2272,38,0,0,0,0,0,274,0,232
mb_cap,1,2273,38,0,0,2,0,-2,272,0,232
mb_cap,1,2274,38,1,0,0,0,1,273,0,232
mb_cap,1,2275,38,1,0,1,0,0,273,0,232
mb_cap,1,2276,38,0,0,0,0,0,273,0,232
mb_cap,1,2277,38,0,0,1,0,-1,272,0,232
mb_cap,1,2278,38,2,0,0,0,2,274,0,232
mb_cap,1,2279,38,0,0,2,0,-2,272,0,232
mb_cap,1,2280,38,1,0,1,0,0,272,0,232
mb_cap,1,2281,39,2,0,1,0,1,273,0,232
mb_cap,1,2282,39,0,0,1,0,-1,272,0,232
mb_cap,1,2283,39,0,0,0,0,0,272,0,232
mb_cap,1,2284,39,0,0,1,0,-1,271,0,232
mb_cap,1,2285,39,0,0,1,0,-1,270,0,232
mb_cap,1,2286,39,5,2,1,1,4,274,1,233
mb_cap,1,2287,39,1,2,0,2,1,275,0,233
mb_cap,1,2288,39,0,0,0,0,0,275,0,233
mb_cap,1,2289,39,0,0,1,0,-1,274,0,233
mb_cap,1,2290,39,1,0,0,0,1,275,0,233
mb_cap,1,2291,39,2,0,3,0,-1,274,0,233
mb_cap,1,2292,39,1,0,0,0,1,275,0,233
mb_cap,1,2293,39,0,0,2,0,-2,273,0,233
mb_cap,1,2294,39,2,0,0,0,2,275,0,233
mb_cap,1,2295,39,0,0,1,0,-1,274,0,233
mb_cap,1,2296,39,0,0,0,0,0,274,0,233
mb_cap,1,2297,39,2,0,2,0,0,274,0,233
mb_cap,1,2298,39,1,0,0,0,1,275,0,233
mb_cap,1,2299,39,1,0,0,0,1,276,0,233
mb_cap,1,2300,39,0,0,1,0,-1,275,0,233
mb_cap,1,2301,39,1,1,33,2,-32,243,-1,232
mb_cap,1,2302,39,3,0,2,0,1,244,0,232
mb_cap,1,2303,39,0,0,2,0,-2,242,0,232
mb_cap,1,2304,39,1,0,0,0,1,243,0,232
mb_cap,1,2305,39,0,0,1,0,-1,242,0,232
mb_cap,1,2306,39,2,0,0,0,2,244,0,232
mb_cap,1,2307,39,0,0,1,0,-1,243,0,232
mb_cap,1,2308,39,0,0,1,0,-1,242,0,232
mb_cap,1,2309,39,0,0,2,0,-2,240,0,232
mb_cap,1,2310,39,3,0,0,0,3,243,0,232
mb_cap,1,2311,39,0,0,1,0,-1,242,0,232
mb_cap,1,2312,39,0,0,0,0,0,242,0,232
mb_cap,1,2313,39,0,0,1,0,-1,241,0,232
mb_cap,1,2314,39,3,0,1,0,2,243,0,232
mb_cap,1,2315,39,0,0,2,0,-2,241,0,232
mb_cap,1,2316,39,1,0,0,0,1,242,0,232
mb_cap,1,2317,39,0,0,1,0,-1,241,0,232
mb_cap,1,2318,39,2,0,0,0,2,243,0,232
mb_cap,1,2319,39,0,0,1,0,-1,242,0,232
mb_cap,1,2320,39,0,0,0,0,0,242,0,232
mb_cap,1,2321,39,0,0,2,0,-2,240,0,232
mb_cap,1,2322,39,3,0,0,0,3,243,0,232
mb_cap,1,2323,39,0,0,1,0,-1,242,0,232
mb_cap,1,2324,39,0,0,0,0,0,242,0,232
mb_cap,1,2325,39,0,0,3,0,-3,239,0,232
mb_cap,1,2326,39,3,0,1,0,2,241,0,232
mb_cap,1,2327,39,1,0,3,0,-2,239,0,232
mb_cap,1,2328,39,1,0,0,0,1,240,0,232
mb_cap,1,2329,39,0,0,1,0,-1,239,0,232
mb_cap,1,2330,39,1,0,1,0,0,239,0,232
mb_cap,1,2331,39,0,0,1,0,-1,238,0,232
mb_cap,1,2332,39,0,0,0,0,0,238,0,232
mb_cap,1,2333,39,0,0,2,0,-2,236,0,232
mb_cap,1,2334,39,3,0,0,0,3,239,0,232
mb_cap,1,2335,39,0,0,1,0,-1,238,0,232
mb_cap,1,2336,39,0,0,0,0,0,238,0,232
mb_cap,1,2337,39,0,0,1,0,-1,237,0,232
mb_cap,1,2338,39,3,0,1,0,2,239,0,232
mb_cap,1,2339,39,0,0,2,0,-2,237,0,232
mb_cap,1,2340,39,1,0,0,0,1,238,0,232
mb_cap,1,2341,40,0,0,1,0,-1,237,0,232
mb_cap,1,2342,40,2,4,0,2,2,239,2,234
mb_cap,1,2343,40,0,0,2,0,-2,237,0,234
mb_cap,1,2344,40,0,0,2,0,-2,235,0,234
mb_cap,1,2345,40,0,0,8,0,-8,227,0,234
mb_cap,1,2346,40,3,0,0,0,3,230,0,234
mb_cap,1,2347,40,0,0,2,0,-2,228,0,234
mb_cap,1,2348,40,0,0,0,0,0,228,0,234
mb_cap,1,2349,40,0,0,1,0,-1,227,0,234
mb_cap,1,2350,40,4,0,1,0,3,230,0,234
mb_cap,1,2351,40,0,0,2,0,-2,228,0,234
mb_cap,1,2352,40,1,0,0,0,1,229,0,234
mb_cap,1,2353,40,0,0,1,0,-1,228,0,234
mb_cap,1,2354,40,2,0,0,0,2,230,0,234
mb_cap,1,2355,40,0,3,1,3,-1,229,0,234
mb_cap,1,2356,40,0,0,0,0,0,229,0,234
mb_cap,1,2357,40,0,0,2,0,-2,227,0,234
mb_cap,1,2358,40,4,0,1,0,3,230,0,234
mb_cap,1,2359,40,0,0,1,0,-1,229,0,234
mb_cap,1,2360,40,0,0,0,0,0,229,0,234
mb_cap,1,2361,40,0,0,1,0,-1,228,0,234
mb_cap,1,2362,40,3,0,1,0,2,230,0,234
mb_cap,1,2363,40,0,0,2,0,-2,228,0,234
mb_cap,1,2364,40,1,0,0,0,1,229,0,234
mb_cap,1,2365,40,0,0,1,0,-1,228,0,234
mb_cap,1,2366,40,2,0,0,0,2,230,0,234
mb_cap,1,2367,40,0,0,1,0,-1,229,0,234
mb_cap,1,2368,40,0,0,0,1,0,229,-1,233
mb_cap,1,2369,40,0,0,2,0,-2,227,0,233
mb_cap,1,2370,40,3,0,0,0,3,230,0,233
mb_cap,1,2371,40,0,0,1,0,-1,229,0,233
mb_cap,1,2372,40,0,0,0,0,0,229,0,233
mb_cap,1,2373,40,0,0,1,0,-1,228,0,233
mb_cap,1,2374,40,3,0,1,0,2,230,0,233
mb_cap,1,2375,40,0,0,2,0,-2,228,0,233
mb_cap,1,2376,40,1,0,0,0,1,229,0,233
mb_cap,1,2377,40,0,0,1,0,-1,228,0,233
mb_cap,1,2378,40,2,0,0,0,2,230,0,233
mb_cap,1,2379,40,0,0,1,0,-1,229,0,233
mb_cap,1,2380,40,0,0,0,0,0,229,0,233
mb_cap,1,2381,40,0,0,2,0,-2,227,0,233
mb_cap,1,2382,40,3,0,0,0,3,230,0,233
mb_cap,1,2383,40,0,0,1,0,-1,229,0,233
mb_cap,1,2384,40,0,0,0,0,0,229,0,233
mb_cap,1,2385,40,0,0,1,0,-1,228,0,233
mb_cap,1,2386,40,4,0,1,0,3,231,0,233
mb_cap,1,2387,40,0,0,2,0,-2,229,0,233
mb_cap,1,2388,40,1,0,0,0,1,230,0,233
mb_cap,1,2389,40,0,0,1,0,-1,229,0,233
mb_cap,1,2390,40,3,0,1,0,2,231,0,233
mb_cap,1,2391,40,0,0,1,0,-1,230,0,233
mb_cap,1,2392,40,0,0,0,0,0,230,0,233
mb_cap,1,2393,40,0,0,1,0,-1,229,0,233
mb_cap,1,2394,40,7,0,1,0,6,235,0,233
mb_cap,1,2395,40,0,0,1,0,-1,234,0,233
mb_cap,1,2396,40,0,0,0,0,0,234,0,233
mb_cap,1,2397,40,0,0,0,0,0,234,0,233
mb_cap,1,2398,40,0,1,1,0,-1,233,1,234
mb_cap,1,2399,40,0,0,2,1,-2,231,-1,233
mb_cap,1,2400,40,1,0,0,0,1,232,0,233
mb_cap,1,2401,41,0,0,0,0,0,232,0,233
mb_cap,1,2402,41,2,0,0,0,2,234,0,233
mb_cap,1,2403,41,0,0,1,0,-1,233,0,233
mb_cap,1,2404,41,0,2,0,2,0,233,0,233
mb_cap,1,2405,41,1,0,2,0,-1,232,0,233
mb_cap,1,2406,41,3,0,0,0,3,235,0,233
mb_cap,1,2407,41,0,0,1,0,-1,234,0,233
mb_cap,1,2408,41,0,0,0,0,0,234,0,233
mb_cap,1,2409,41,1,0,2,0,-1,233,0,233
mb_cap,1,2410,41,3,0,0,0,3,236,0,233
mb_cap,1,2411,41,0,0,1,0,-1,235,0,233
mb_cap,1,2412,41,1,3,0,3,1,236,0,233
mb_cap,1,2413,41,2,0,2,0,0,236,0,233
mb_cap,1,2414,41,2,0,0,0,2,238,0,233
mb_cap,1,2415,41,0,0,1,0,-1,237,0,233
mb_cap,1,2416,41,0,0,0,0,0,237,0,233
mb_cap,1,2417,41,0,0,3,0,-3,234,0,233
mb_cap,1,2418,41,3,0,0,0,3,237,0,233
mb_cap,1,2419,41,0,0,1,0,-1,236,0,233
mb_cap,1,2420,41,0,0,0,0,0,236,0,233
mb_cap,1,2421,41,1,0,2,0,-1,235,0,233
mb_cap,1,2422,41,3,0,1,0,2,237,0,233
mb_cap,1,2423,41,1,1,2,1,-1,236,0,233
mb_cap,1,2424,41,1,0,1,0,0,236,0,233
mb_cap,1,2425,41,0,0,1,0,-1,235,0,233
mb_cap,1,2426,41,2,0,0,0,2,237,0,233
mb_cap,1,2427,41,0,0,1,0,-1,236,0,233
mb_cap,1,2428,41,0,0,0,0,0,236,0,233
mb_cap,1,2429,41,0,0,2,0,-2,234,0,233
mb_cap,1,2430,41,4,1,0,2,4,238,-1,232
mb_cap,1,2431,41,0,0,1,0,-1,237,0,232
mb_cap,1,2432,41,0,0,0,0,0,237,0,232
mb_cap,1,2433,41,0,0,2,0,-2,235,0,232
mb_cap,1,2434,41,2,0,0,0,2,237,0,232
mb_cap,1,2435,41,0,0,2,0,-2,235,0,232
mb_cap,1,2436,41,1,0,0,0,1,236,0,232
mb_cap,1,2437,41,0,0,1,0,-1,235,0,232
mb_cap,1,2438,41,2,0,0,0,2,237,0,232
mb_cap,1,2439,41,0,0,1,0,-1,236,0,232
mb_cap,1,2440,41,0,0,0,0,0,236,0,232
mb_cap,1,2441,41,0,0,2,0,-2,234,0,232
mb_cap,1,2442,41,3,0,0,0,3,237,0,232
mb_cap,1,2443,41,0,0,1,0,-1,236,0,232
mb_cap,1,2444,41,0,0,0,0,0,236,0,232
mb_cap,1,2445,41,1,0,2,0,-1,235,0,232
mb_cap,1,2446,41,2,0,0,0,2,237,0,232
mb_cap,1,2447,41,0,0,2,0,-2,235,0,232
mb_cap,1,2448,41,1,0,0,0,1,236,0,232
mb_cap,1,2449,41,0,0,1,0,-1,235,0,232
mb_cap,1,2450,41,2,0,0,0,2,237,0,232
mb_cap,1,2451,41,0,0,1,0,-1,236,0,232
mb_cap,1,2452,41,0,0,0,0,0,236,0,232
mb_cap,1,2453,41,1,1,3,1,-2,234,0,232
mb_cap,1,2454,41,9,1,5,1,4,238,0,232
mb_cap,1,2455,41,0,0,2,0,-2,236,0,232
mb_cap,1,2456,41,0,0,0,0,0,236,0,232
mb_cap,1,2457,41,1,0,2,0,-1,235,0,232
mb_cap,1,2458,41,2,0,0,0,2,237,0,232
mb_cap,1,2459,41,0,0,2,0,-2,235,0,232
mb_cap,1,2460,41,1,0,0,0,1,236,0,232
mb_cap,1,2461,42,0,0,1,0,-1,235,0,232
mb_cap,1,2462,42,2,0,0,0,2,237,0,232
mb_cap,1,2463,42,0,0,1,0,-1,236,0,232
mb_cap,1,2464,42,0,0,1,1,-1,235,-1,231
mb_cap,1,2465,42,0,4,3,2,-3,232,2,233
mb_cap,1,2466,42,3,0,0,0,3,235,0,233
mb_cap,1,2467,42,0,0,1,0,-1,234,0,233
mb_cap,1,2468,42,0,0,0,0,0,234,0,233
mb_cap,1,2469,42,1,0,2,0,-1,233,0,233
mb_cap,1,2470,42,3,0,0,0,3,236,0,233
mb_cap,1,2471,42,0,0,2,0,-2,234,0,233
mb_cap,1,2472,42,1,0,0,0,1,235,0,233
mb_cap,1,2473,42,0,0,2,0,-2,233,0,233
mb_cap,1,2474,42,2,0,0,0,2,235,0,233
mb_cap,1,2475,42,0,0,1,0,-1,234,0,233
mb_cap,1,2476,42,0,0,0,0,0,234,0,233
mb_cap,1,2477,42,0,0,2,0,-2,232,0,233
mb_cap,1,2478,42,3,0,0,0,3,235,0,233
mb_cap,1,2479,42,0,0,2,0,-2,233,0,233
mb_cap,1,2480,42,0,0,0,0,0,233,0,233
mb_cap,1,2481,42,1,0,2,0,-1,232,0,233
mb_cap,1,2482,42,2,0,1,0,1,233,0,233
mb_cap,1,2483,42,0,0,1,0,-1,232,0,233
mb_cap,1,2484,42,1,0,1,0,0,232,0,233
mb_cap,1,2485,42,0,0,0,0,0,232,0,233
mb_cap,1,2486,42,2,0,2,0,0,232,0,233
mb_cap,1,2487,42,0,2,0,2,0,232,0,233
mb_cap,1,2488,42,2,0,0,0,2,234,0,233
mb_cap,1,2489,42,2,1,3,0,-1,233,1,234
mb_cap,1,2490,42,4,0,2,0,2,235,0,234
mb_cap,1,2491,42,0,0,2,1,-2,233,-1,233
mb_cap,1,2492,42,0,0,1,0,-1,232,0,233
mb_cap,1,2493,42,2,0,1,0,1,233,0,233
mb_cap,1,2494,42,0,0,0,0,0,233,0,233
mb_cap,1,2495,42,0,0,1,0,-1,232,0,233
mb_cap,1,2496,42,1,0,1,0,0,232,0,233
mb_cap,1,2497,42,0,0,0,0,0,232,0,233
mb_cap,1,2498,42,4,0,1,0,3,235,0,233
mb_cap,1,2499,42,0,0,0,0,0,235,0,233
mb_cap,1,2500,42,0,0,0,0,0,235,0,233
mb_cap,1,2501,42,0,0,2,0,-2,233,0,233
mb_cap,1,2502,42,1,0,0,0,1,234,0,233
mb_cap,1,2503,42,2,0,2,0,0,234,0,233
mb_cap,1,2504,42,0,0,0,0,0,234,0,233
mb_cap,1,2505,42,0,0,1,0,-1,233,0,233
mb_cap,1,2506,42,2,0,1,0,1,234,0,233
mb_cap,1,2507,42,0,4,2,3,-2,232,1,234
mb_cap,1,2508,42,1,9,0,4,1,233,5,239
mb_cap,1,2509,42,1,14,1,14,0,233,0,239
mb_cap,1,2510,42,2,12,0,11,2,235,1,240
mb_cap,1,2511,42,0,7,1,8,-1,234,-1,239
mb_cap,1,2512,42,2,2,1,2,1,235,0,239
mb_cap,1,2513,42,0,0,2,0,-2,233,0,239
mb_cap,1,2514,42,4,2,0,2,4,237,0,239
mb_cap,1,2515,42,1,11,2,10,-1,236,1,240
mb_cap,1,2516,42,1,3,0,4,1,237,-1,239
mb_cap,1,2517,42,15,22,1,20,14,251,2,241
mb_cap,1,2518,42,3,0,1,0,2,253,0,241
mb_cap,1,2519,42,7,19,1,18,6,259,1,242
mb_cap,1,2520,42,4,0,1,0,3,262,0,242
mb_cap,1,2521,43,1,1,1,0,0,262,1,243
mb_cap,1,2522,43,1,0,1,1,0,262,-1,242
mb_cap,1,2523,43,0,0,0,0,0,262,0,242
mb_cap,1,2524,43,0,0,1,0,-1,261,0,242
mb_cap,1,2525,43,1,17,1,15,0,261,2,244
mb_cap,1,2526,43,8,20,2,17,6,267,3,247
mb_cap,1,2527,43,1,1,0,5,1,268,-4,243
mb_cap,1,2528,43,0,0,2,0,-2,266,0,243
mb_cap,1,2529,43,0,0,1,0,-1,265,0,243
mb_cap,1,2530,43,1,0,0,0,1,266,0,243
mb_cap,1,2531,43,1,0,2,0,-1,265,0,243
mb_cap,1,2532,43,1,0,0,0,1,266,0,243
mb_cap,1,2533,43,0,0,2,0,-2,264,0,243
mb_cap,1,2534,43,2,0,0,0,2,266,0,243
mb_cap,1,2535,43,0,0,1,0,-1,265,0,243
mb_cap,1,2536,43,0,0,0,0,0,265,0,243
mb_cap,1,2537,43,0,0,4,0,-4,261,0,243
mb_cap,1,2538,43,3,0,1,0,2,263,0,243
mb_cap,1,2539,43,0,0,1,0,-1,262,0,243
mb_cap,1,2540,43,1,2,1,2,0,262,0,243
mb_cap,1,2541,43,0,2,1,2,-1,261,0,243
mb_cap,1,2542,43,4,0,1,0,3,264,0,243
mb_cap,1,2543,43,0,0,3,0,-3,261,0,243
mb_cap,1,2544,43,1,0,0,0,1,262,0,243
mb_cap,1,2545,43,1,1,1,2,0,262,-1,242
mb_cap,1,2546,43,2,0,2,0,0,262,0,242
mb_cap,1,2547,43,0,2,2,3,-2,260,-1,241
mb_cap,1,2548,43,0,0,1,0,-1,259,0,241
mb_cap,1,2549,43,3,0,2,0,1,260,0,241
mb_cap,1,2550,43,1,0,1,0,0,260,0,241
mb_cap,1,2551,43,0,0,1,0,-1,259,0,241
mb_cap,1,2552,43,1,5,1,6,0,259,-1,240
mb_cap,1,2553,43,3,0,0,0,3,262,0,240
mb_cap,1,2554,43,3,0,1,0,2,264,0,240
mb_cap,1,2555,43,1,0,1,0,0,264,0,240
mb_cap,1,2556,43,1,0,0,0,1,265,0,240
mb_cap,1,2557,43,0,0,1,1,-1,264,-1,239
mb_cap,1,2558,43,0,0,0,0,0,264,0,239
mb_cap,1,2559,43,1,3,1,3,0,264,0,239
mb_cap,1,2560,43,0,0,0,0,0,264,0,239
mb_cap,1,2561,43,1,0,3,0,-2,262,0,239
mb_cap,1,2562,43,4,0,0,0,4,266,0,239
mb_cap,1,2563,43,0,0,1,0,-1,265,0,239
mb_cap,1,2564,43,0,0,1,0,-1,264,0,239
mb_cap,1,2565,43,0,0,1,0,-1,263,0,239
mb_cap,1,2566,43,2,0,0,0,2,265,0,239
mb_cap,1,2567,43,1,0,2,0,-1,264,0,239
mb_cap,1,2568,43,1,0,0,0,1,265,0,239
mb_cap,1,2569,43,3,6,3,6,0,265,0,239
mb_cap,1,2570,43,4,2,1,0,3,268,2,241
mb_cap,1,2571,43,2,7,1,6,1,269,1,242
mb_cap,1,2572,43,1,0,0,1,1,270,-1,241
mb_cap,1,2573,43,1,0,3,0,-2,268,0,241
mb_cap,1,2574,43,4,0,0,0,4,272,0,241
mb_cap,1,2575,43,1,1,4,1,-3,269,0,241
mb_cap,1,2576,43,0,0,0,0,0,269,0,241
mb_cap,1,2577,43,0,0,3,1,-3,266,-1,240
mb_cap,1,2578,43,2,0,3,0,-1,265,0,240
mb_cap,1,2579,43,3,2,3,2,0,265,0,240
mb_cap,1,2580,43,1,0,2,0,-1,264,0,240
mb_cap,1,2581,44,0,0,3,0,-3,261,0,240
mb_cap,1,2582,44,4,3,1,2,3,264,1,241
mb_cap,1,2583,44,0,0,1,0,-1,263,0,241
mb_cap,1,2584,44,0,0,0,0,0,263,0,241
mb_cap,1,2585,44,2,0,3,1,-1,262,-1,240
mb_cap,1,2586,44,3,0,0,0,3,265,0,240
mb_cap,1,2587,44,0,0,1,0,-1,264,0,240
mb_cap,1,2588,44,0,0,1,0,-1,263,0,240
mb_cap,1,2589,44,0,0,3,0,-3,260,0,240
mb_cap,1,2590,44,2,0,0,0,2,262,0,240
mb_cap,1,2591,44,1,0,2,0,-1,261,0,240
mb_cap,1,2592,44,1,0,0,0,1,262,0,240
mb_cap,1,2593,44,0,0,1,0,-1,261,0,240
mb_cap,1,2594,44,2,0,1,0,1,262,0,240
mb_cap,1,2595,44,0,0,1,0,-1,261,0,240
mb_cap,1,2596,44,0,0,0,0,0,261,0,240
mb_cap,1,2597,44,2,0,3,0,-1,260,0,240
mb_cap,1,2598,44,2,0,0,0,2,262,0,240
mb_cap,1,2599,44,0,0,1,0,-1,261,0,240
mb_cap,1,2600,44,0,0,1,0,-1,260,0,240
mb_cap,1,2601,44,0,0,1,0,-1,259,0,240
mb_cap,1,2602,44,2,0,0,0,2,261,0,240
mb_cap,1,2603,44,1,0,2,0,-1,260,0,240
mb_cap,1,2604,44,1,0,0,0,1,261,0,240
mb_cap,1,2605,44,0,0,1,0,-1,260,0,240
mb_cap,1,2606,44,2,0,1,0,1,261,0,240
mb_cap,1,2607,44,0,0,1,0,-1,260,0,240
mb_cap,1,2608,44,0,0,1,0,-1,259,0,240
mb_cap,1,2609,44,2,0,3,0,-1,258,0,240
mb_cap,1,2610,44,3,0,1,0,2,260,0,240
mb_cap,1,2611,44,0,0,1,0,-1,259,0,240
mb_cap,1,2612,44,0,0,0,0,0,259,0,240
mb_cap,1,2613,44,0,0,2,0,-2,257,0,240
mb_cap,1,2614,44,2,0,0,0,2,259,0,240
mb_cap,1,2615,44,1,2,2,2,-1,258,0,240
mb_cap,1,2616,44,2,0,0,0,2,260,0,240
mb_cap,1,2617,44,0,0,1,0,-1,259,0,240
mb_cap,1,2618,44,2,0,1,0,1,260,0,240
mb_cap,1,2619,44,0,1,1,0,-1,259,1,241
mb_cap,1,2620,44,0,0,0,1,0,259,-1,240
mb_cap,1,2621,44,2,0,3,0,-1,258,0,240
mb_cap,1,2622,44,3,0,0,0,3,261,0,240
mb_cap,1,2623,44,0,0,1,0,-1,260,0,240
mb_cap,1,2624,44,0,0,1,0,-1,259,0,240
mb_cap,1,2625,44,0,3,1,4,-1,258,-1,239
mb_cap,1,2626,44,2,0,0,0,2,260,0,239
mb_cap,1,2627,44,1,0,2,0,-1,259,0,239
mb_cap,1,2628,44,1,0,0,0,1,260,0,239
mb_cap,1,2629,44,0,0,1,0,-1,259,0,239
mb_cap,1,2630,44,1,0,1,0,0,259,0,239
mb_cap,1,2631,44,0,0,3,0,-3,256,0,239
mb_cap,1,2632,44,0,0,0,0,0,256,0,239
mb_cap,1,2633,44,2,0,5,0,-3,253,0,239
mb_cap,1,2634,44,3,0,0,0,3,256,0,239
mb_cap,1,2635,44,0,0,1,0,-1,255,0,239
mb_cap,1,2636,44,0,0,1,0,-1,254,0,239
mb_cap,1,2637,44,0,0,1,0,-1,253,0,239
mb_cap,1,2638,44,1,0,0,0,1,254,0,239
mb_cap,1,2639,44,1,0,2,0,-1,253,0,239
mb_cap,1,2640,44,1,0,0,0,1,254,0,239
mb_cap,1,2641,45,1,0,2,0,-1,253,0,239
mb_cap,1,2642,45,2,5,1,3,1,254,2,241
mb_cap,1,2643,45,0,0,1,0,-1,253,0,241
mb_cap,1,2644,45,0,0,0,0,0,253,0,241
mb_cap,1,2645,45,4,4,3,4,1,254,0,241
mb_cap,1,2646,45,3,0,1,0,2,256,0,241
mb_cap,1,2647,45,1,0,1,0,0,256,0,241
mb_cap,1,2648,45,0,0,2,0,-2,254,0,241
mb_cap,1,2649,45,0,0,1,0,-1,253,0,241
mb_cap,1,2650,45,2,0,0,0,2,255,0,241
mb_cap,1,2651,45,1,0,2,0,-1,254,0,241
mb_cap,1,2652,45,1,0,0,0,1,255,0,241
mb_cap,1,2653,45,0,0,1,0,-1,254,0,241
mb_cap,1,2654,45,2,0,1,0,1,255,0,241
mb_cap,1,2655,45,0,0,1,0,-1,254,0,241
mb_cap,1,2656,45,1,3,0,3,1,255,0,241
mb_cap,1,2657,45,1,0,3,0,-2,253,0,241
mb_cap,1,2658,45,2,0,0,0,2,255,0,241
mb_cap,1,2659,45,0,0,1,0,-1,254,0,241
mb_cap,1,2660,45,0,0,0,0,0,254,0,241
mb_cap,1,2661,45,0,0,1,0,-1,253,0,241
mb_cap,1,2662,45,3,0,1,0,2,255,0,241
mb_cap,1,2663,45,0,0,2,0,-2,253,0,241
mb_cap,1,2664,45,1,0,0,0,1,254,0,241
mb_cap,1,2665,45,0,0,1,0,-1,253,0,241
mb_cap,1,2666,45,2,0,1,0,1,254,0,241
mb_cap,1,2667,45,1,2,1,2,0,254,0,241
mb_cap,1,2668,45,0,0,1,1,-1,253,-1,240
mb_cap,1,2669,45,2,0,3,0,-1,252,0,240
mb_cap,1,2670,45,3,0,0,0,3,255,0,240
mb_cap,1,2671,45,0,1,0,0,0,255,1,241
mb_cap,1,2672,45,0,0,3,0,-3,252,0,241
mb_cap,1,2673,45,0,0,0,0,0,252,0,241
mb_cap,1,2674,45,2,0,1,0,1,253,0,241
mb_cap,1,2675,45,1,0,1,0,0,253,0,241
mb_cap,1,2676,45,1,0,0,0,1,254,0,241
mb_cap,1,2677,45,0,0,1,0,-1,253,0,241
mb_cap,1,2678,45,0,0,1,0,-1,252,0,241
mb_cap,1,2679,45,1,0,1,0,0,252,0,241
mb_cap,1,2680,45,1,0,1,0,0,252,0,241
mb_cap,1,2681,45,2,0,2,0,0,252,0,241
mb_cap,1,2682,45,1,0,0,0,1,253,0,241
mb_cap,1,2683,45,0,0,0,0,0,253,0,241
mb_cap,1,2684,45,0,0,5,0,-5,248,0,241
mb_cap,1,2685,45,0,0,0,0,0,248,0,241
mb_cap,1,2686,45,3,0,1,0,2,250,0,241
mb_cap,1,2687,45,1,0,1,0,0,250,0,241
mb_cap,1,2688,45,1,0,0,0,1,251,0,241
mb_cap,1,2689,45,0,0,1,0,-1,250,0,241
mb_cap,1,2690,45,0,0,1,0,-1,249,0,241
mb_cap,1,2691,45,2,0,2,0,0,249,0,241
mb_cap,1,2692,45,0,0,0,0,0,249,0,241
mb_cap,1,2693,45,1,0,2,0,-1,248,0,241
mb_cap,1,2694,45,3,0,0,0,3,251,0,241
mb_cap,1,2695,45,0,0,1,0,-1,250,0,241
mb_cap,1,2696,45,1,0,1,0,0,250,0,241
mb_cap,1,2697,45,0,0,2,0,-2,248,0,241
mb_cap,1,2698,45,3,1,0,0,3,251,1,242
mb_cap,1,2699,45,1,0,3,1,-2,249,-1,241
mb_cap,1,2700,45,1,0,0,0,1,250,0,241
mb_cap,1,2701,46,0,0,1,0,-1,249,0,241
mb_cap,1,2702,46,3,0,1,0,2,251,0,241
mb_cap,1,2703,46,2,0,3,0,-1,250,0,241
mb_cap,1,2704,46,0,0,0,0,0,250,0,241
mb_cap,1,2705,46,0,0,2,0,-2,248,0,241
mb_cap,1,2706,46,4,2,0,2,4,252,0,241
mb_cap,1,2707,46,0,0,1,0,-1,251,0,241
mb_cap,1,2708,46,0,0,1,0,-1,250,0,241
mb_cap,1,2709,46,0,0,1,0,-1,249,0,241
mb_cap,1,2710,46,2,2,0,2,2,251,0,241
mb_cap,1,2711,46,2,0,2,0,0,251,0,241
mb_cap,1,2712,46,2,0,1,0,1,252,0,241
mb_cap,1,2713,46,0,0,1,0,-1,251,0,241
mb_cap,1,2714,46,2,0,0,0,2,253,0,241
mb_cap,1,2715,46,2,8,3,7,-1,252,1,242
mb_cap,1,2716,46,1,0,0,1,1,253,-1,241
mb_cap,1,2717,46,0,0,2,0,-2,251,0,241
mb_cap,1,2718,46,4,0,0,0,4,255,0,241
mb_cap,1,2719,46,0,0,1,1,-1,254,-1,240
mb_cap,1,2720,46,0,0,0,0,0,254,0,240
mb_cap,1,2721,46,0,0,2,0,-2,252,0,240
mb_cap,1,2722,46,2,0,0,0,2,254,0,240
mb_cap,1,2723,46,1,0,2,0,-1,253,0,240
mb_cap,1,2724,46,1,0,0,0,1,254,0,240
mb_cap,1,2725,46,0,0,2,0,-2,252,0,240
mb_cap,1,2726,46,3,0,2,0,1,253,0,240
mb_cap,1,2727,46,0,0,1,0,-1,252,0,240
mb_cap,1,2728,46,0,0,0,0,0,252,0,240
mb_cap,1,2729,46,1,0,2,0,-1,251,0,240
mb_cap,1,2730,46,3,0,0,0,3,254,0,240
mb_cap,1,2731,46,0,0,1,0,-1,253,0,240
mb_cap,1,2732,46,0,0,1,0,-1,252,0,240
mb_cap,1,2733,46,0,0,1,0,-1,251,0,240
mb_cap,1,2734,46,3,0,1,0,2,253,0,240
mb_cap,1,2735,46,1,0,2,0,-1,252,0,240
mb_cap,1,2736,46,1,0,0,0,1,253,0,240
mb_cap,1,2737,46,0,0,1,0,-1,252,0,240
mb_cap,1,2738,46,3,0,2,0,1,253,0,240
mb_cap,1,2739,46,0,0,1,0,-1,252,0,240
mb_cap,1,2740,46,0,0,0,0,0,252,0,240
mb_cap,1,2741,46,1,0,2,0,-1,251,0,240
mb_cap,1,2742,46,3,0,0,0,3,254,0,240
mb_cap,1,2743,46,0,0,1,0,-1,253,0,240
mb_cap,1,2744,46,0,0,1,0,-1,252,0,240
mb_cap,1,2745,46,0,0,1,0,-1,251,0,240
mb_cap,1,2746,46,2,0,0,0,2,253,0,240
mb_cap,1,2747,46,1,0,2,0,-1,252,0,240
mb_cap,1,2748,46,1,0,0,0,1,253,0,240
mb_cap,1,2749,46,0,0,1,0,-1,252,0,240
mb_cap,1,2750,46,3,0,2,0,1,253,0,240
mb_cap,1,2751,46,0,0,1,0,-1,252,0,240
mb_cap,1,2752,46,0,0,0,0,0,252,0,240
mb_cap,1,2753,46,3,0,3,0,0,252,0,240
mb_cap,1,2754,46,6,2,4,2,2,254,0,240
mb_cap,1,2755,46,1,0,2,0,-1,253,0,240
mb_cap,1,2756,46,0,0,1,0,-1,252,0,240
mb_cap,1,2757,46,0,0,1,0,-1,251,0,240
mb_cap,1,2758,46,2,0,1,0,1,252,0,240
mb_cap,1,2759,46,1,0,3,0,-2,250,0,240
mb_cap,1,2760,46,1,0,1,0,0,250,0,240
mb_cap,1,2761,47,0,0,2,0,-2,248,0,240
mb_cap,1,2762,47,3,0,2,0,1,249,0,240
mb_cap,1,2763,47,0,0,1,0,-1,248,0,240
mb_cap,1,2764,47,0,0,0,0,0,248,0,240
mb_cap,1,2765,47,2,4,3,0,-1,247,4,244
mb_cap,1,2766,47,3,0,0,0,3,250,0,244
mb_cap,1,2767,47,0,0,1,0,-1,249,0,244
mb_cap,1,2768,47,0,0,1,0,-1,248,0,244
mb_cap,1,2769,47,0,0,1,0,-1,247,0,244
mb_cap,1,2770,47,1,0,0,0,1,248,0,244
mb_cap,1,2771,47,1,0,2,0,-1,247,0,244
mb_cap,1,2772,47,1,0,0,0,1,248,0,244
mb_cap,1,2773,47,0,0,7,0,-7,241,0,244
mb_cap,1,2774,47,3,0,1,0,2,243,0,244
mb_cap,1,2775,47,0,0,1,0,-1,242,0,244
mb_cap,1,2776,47,0,0,0,0,0,242,0,244
mb_cap,1,2777,47,1,0,2,0,-1,241,0,244
mb_cap,1,2778,47,3,0,0,0,3,244,0,244
mb_cap,1,2779,47,0,0,1,0,-1,243,0,244
mb_cap,1,2780,47,0,0,1,0,-1,242,0,244
mb_cap,1,2781,47,0,0,1,0,-1,241,0,244
mb_cap,1,2782,47,2,0,0,0,2,243,0,244
mb_cap,1,2783,47,1,0,2,0,-1,242,0,244
mb_cap,1,2784,47,1,0,0,0,1,243,0,244
mb_cap,1,2785,47,0,0,1,0,-1,242,0,244
mb_cap,1,2786,47,3,0,2,0,1,243,0,244
mb_cap,1,2787,47,1,4,2,4,-1,242,0,244
mb_cap,1,2788,47,0,2,0,2,0,242,0,244
mb_cap,1,2789,47,3,2,2,2,1,243,0,244
mb_cap,1,2790,47,3,5,1,3,2,245,2,246
mb_cap,1,2791,47,0,0,1,2,-1,244,-2,244
mb_cap,1,2792,47,0,0,1,0,-1,243,0,244
mb_cap,1,2793,47,0,0,1,0,-1,242,0,244
mb_cap,1,2794,47,2,0,0,0,2,244,0,244
mb_cap,1,2795,47,1,0,3,0,-2,242,0,244
mb_cap,1,2796,47,1,0,1,0,0,242,0,244
mb_cap,1,2797,47,2,0,1,0,1,243,0,244
mb_cap,1,2798,47,1,0,2,0,-1,242,0,244
mb_cap,1,2799,47,0,0,0,0,0,242,0,244
mb_cap,1,2800,47,0,0,1,0,-1,241,0,244
mb_cap,1,2801,47,1,0,1,0,0,241,0,244
mb_cap,1,2802,47,5,0,1,0,4,245,0,244
mb_cap,1,2803,47,0,0,0,0,0,245,0,244
mb_cap,1,2804,47,0,0,1,0,-1,244,0,244
mb_cap,1,2805,47,0,0,2,0,-2,242,0,244
mb_cap,1,2806,47,0,0,0,0,0,242,0,244
mb_cap,1,2807,47,2,0,2,0,0,242,0,244
mb_cap,1,2808,47,2,2,0,1,2,244,1,245
mb_cap,1,2809,47,1,0,2,0,-1,243,0,245
mb_cap,1,2810,47,2,0,1,0,1,244,0,245
mb_cap,1,2811,47,0,0,2,0,-2,242,0,245
mb_cap,1,2812,47,0,0,0,0,0,242,0,245
mb_cap,1,2813,47,1,0,2,0,-1,241,0,245
mb_cap,1,2814,47,3,0,0,0,3,244,0,245
mb_cap,1,2815,47,0,0,1,0,-1,243,0,245
mb_cap,1,2816,47,0,0,1,0,-1,242,0,245
mb_cap,1,2817,47,0,0,1,0,-1,241,0,245
mb_cap,1,2818,47,2,0,0,0,2,243,0,245
mb_cap,1,2819,47,1,0,2,0,-1,242,0,245
mb_cap,1,2820,47,1,0,0,0,1,243,0,245
mb_cap,1,2821,48,5,3,3,2,2,245,1,246
mb_cap,1,2822,48,2,0,2,0,0,245,0,246
mb_cap,1,2823,48,0,0,1,0,-1,244,0,246
mb_cap,1,2824,48,0,0,0,0,0,244,0,246
mb_cap,1,2825,48,2,1,2,2,0,244,-1,245
mb_cap,1,2826,48,3,3,0,3,3,247,0,245
mb_cap,1,2827,48,2,0,2,0,0,247,0,245
mb_cap,1,2828,48,0,0,1,0,-1,246,0,245
mb_cap,1,2829,48,0,0,1,0,-1,245,0,245
mb_cap,1,2830,48,2,0,0,0,2,247,0,245
mb_cap,1,2831,48,1,0,3,0,-2,245,0,245
mb_cap,1,2832,48,0,0,0,0,0,245,0,245
mb_cap,1,2833,48,1,0,2,0,-1,244,0,245
mb_cap,1,2834,48,2,0,1,0,1,245,0,245
mb_cap,1,2835,48,0,0,1,0,-1,244,0,245
mb_cap,1,2836,48,0,0,0,0,0,244,0,245
mb_cap,1,2837,48,1,0,2,0,-1,243,0,245
mb_cap,1,2838,48,3,0,0,0,3,246,0,245
mb_cap,1,2839,48,0,0,1,0,-1,245,0,245
mb_cap,1,2840,48,0,0,1,0,-1,244,0,245
mb_cap,1,2841,48,0,0,1,0,-1,243,0,245
mb_cap,1,2842,48,3,1,1,1,2,245,0,245
mb_cap,1,2843,48,1,0,2,0,-1,244,0,245
mb_cap,1,2844,48,1,0,0,0,1,245,0,245
mb_cap,1,2845,48,1,0,2,0,-1,244,0,245
mb_cap,1,2846,48,2,0,1,0,1,245,0,245
mb_cap,1,2847,48,0,0,1,0,-1,244,0,245
mb_cap,1,2848,48,0,0,0,0,0,244,0,245
mb_cap,1,2849,48,1,0,2,0,-1,243,0,245
mb_cap,1,2850,48,3,0,0,0,3,246,0,245
mb_cap,1,2851,48,0,0,2,0,-2,244,0,245
mb_cap,1,2852,48,0,0,1,0,-1,243,0,245
mb_cap,1,2853,48,0,0,1,0,-1,242,0,245
mb_cap,1,2854,48,2,0,0,0,2,244,0,245
mb_cap,1,2855,48,1,0,1,0,0,244,0,245
mb_cap,1,2856,48,1,0,0,0,1,245,0,245
mb_cap,1,2857,48,1,0,2,0,-1,244,0,245
mb_cap,1,2858,48,3,0,1,0,2,246,0,245
mb_cap,1,2859,48,0,0,1,0,-1,245,0,245
mb_cap,1,2860,48,0,0,0,0,0,245,0,245
mb_cap,1,2861,48,1,0,2,0,-1,244,0,245
mb_cap,1,2862,48,2,0,0,0,2,246,0,245
mb_cap,1,2863,48,0,0,1,0,-1,245,0,245
mb_cap,1,2864,48,0,0,1,0,-1,244,0,245
mb_cap,1,2865,48,0,0,1,0,-1,243,0,245
mb_cap,1,2866,48,2,0,0,0,2,245,0,245
mb_cap,1,2867,48,1,0,2,0,-1,244,0,245
mb_cap,1,2868,48,1,0,0,0,1,245,0,245
mb_cap,1,2869,48,4,6,4,6,0,245,0,245
mb_cap,1,2870,48,2,0,1,0,1,246,0,245
mb_cap,1,2871,48,0,0,0,0,0,246,0,245
mb_cap,1,2872,48,1,0,1,0,0,246,0,245
mb_cap,1,2873,48,1,1,1,1,0,246,0,245
mb_cap,1,2874,48,2,0,1,0,1,247,0,245
mb_cap,1,2875,48,0,0,1,0,-1,246,0,245
mb_cap,1,2876,48,0,0,2,0,-2,244,0,245
mb_cap,1,2877,48,0,0,0,0,0,244,0,245
mb_cap,1,2878,48,3,0,0,0,3,247,0,245
mb_cap,1,2879,48,1,0,1,0,0,247,0,245
mb_cap,1,2880,48,1,0,1,0,0,247,0,245
mb_cap,1,2881,49,0,0,1,0,-1,246,0,245
mb_cap,1,2882,49,2,0,1,0,1,247,0,245
mb_cap,1,2883,49,0,0,1,0,-1,246,0,245
mb_cap,1,2884,49,0,0,0,0,0,246,0,245
mb_cap,1,2885,49,1,0,2,0,-1,245,0,245
mb_cap,1,2886,49,3,0,0,0,3,248,0,245
mb_cap,1,2887,49,0,0,1,0,-1,247,0,245
mb_cap,1,2888,49,0,0,1,0,-1,246,0,245
mb_cap,1,2889,49,0,0,1,0,-1,245,0,245
mb_cap,1,2890,49,2,0,1,0,1,246,0,245
mb_cap,1,2891,49,2,0,3,0,-1,245,0,245
mb_cap,1,2892,49,1,0,0,0,1,246,0,245
mb_cap,1,2893,49,0,0,1,0,-1,245,0,245
mb_cap,1,2894,49,2,0,1,0,1,246,0,245
mb_cap,1,2895,49,0,2,1,3,-1,245,-1,244
mb_cap,1,2896,49,0,0,0,0,0,245,0,244
mb_cap,1,2897,49,0,0,2,0,-2,243,0,244
mb_cap,1,2898,49,4,0,0,0,4,247,0,244
mb_cap,1,2899,49,0,0,1,0,-1,246,0,244
mb_cap,1,2900,49,0,0,0,0,0,246,0,244
mb_cap,1,2901,49,0,0,2,0,-2,244,0,244
mb_cap,1,2902,49,3,0,1,0,2,246,0,244
mb_cap,1,2903,49,0,0,2,0,-2,244,0,244
mb_cap,1,2904,49,2,0,3,0,-1,243,0,244
mb_cap,1,2905,49,0,1,1,3,-1,242,-2,242
mb_cap,1,2906,49,4,0,0,0,4,246,0,242
mb_cap,1,2907,49,0,0,2,0,-2,244,0,242
mb_cap,1,2908,49,0,0,0,0,0,244,0,242
mb_cap,1,2909,49,0,0,2,0,-2,242,0,242
mb_cap,1,2910,49,4,5,0,4,4,246,1,243
mb_cap,1,2911,49,0,2,1,2,-1,245,0,243
mb_cap,1,2912,49,1,0,1,0,0,245,0,243
mb_cap,1,2913,49,0,0,2,0,-2,243,0,243
mb_cap,1,2914,49,3,0,1,0,2,245,0,243
mb_cap,1,2915,49,0,0,2,0,-2,243,0,243
mb_cap,1,2916,49,3,0,0,0,3,246,0,243
mb_cap,1,2917,49,0,0,1,0,-1,245,0,243
mb_cap,1,2918,49,2,0,0,0,2,247,0,243
mb_cap,1,2919,49,0,0,2,0,-2,245,0,243
mb_cap,1,2920,49,0,0,1,0,-1,244,0,243
mb_cap,1,2921,49,1,0,1,0,0,244,0,243
mb_cap,1,2922,49,4,0,1,0,3,247,0,243
mb_cap,1,2923,49,0,9,1,4,-1,246,5,248
mb_cap,1,2924,49,0,9,0,10,0,246,-1,247
mb_cap,1,2925,49,0,0,2,1,-2,244,-1,246
mb_cap,1,2926,49,3,12,1,6,2,246,6,252
mb_cap,1,2927,49,1,9,2,10,-1,245,-1,251
mb_cap,1,2928,49,2,0,0,0,2,247,0,251
mb_cap,1,2929,49,0,4,1,3,-1,246,1,252
mb_cap,1,2930,49,2,4,0,3,2,248,1,253
mb_cap,1,2931,49,0,8,2,8,-2,246,0,253
mb_cap,1,2932,49,0,0,0,0,0,246,0,253
mb_cap,1,2933,49,0,0,1,0,-1,245,0,253
mb_cap,1,2934,49,4,0,0,0,4,249,0,253
mb_cap,1,2935,49,0,0,1,0,-1,248,0,253
mb_cap,1,2936,49,0,0,0,0,0,248,0,253
mb_cap,1,2937,49,2,2,2,2,0,248,0,253
mb_cap,1,2938,49,3,2,1,2,2,250,0,253
mb_cap,1,2939,49,2,0,3,0,-1,249,0,253
mb_cap,1,2940,49,4,13,0,10,4,253,3,256
mb_cap,1,2941,50,9,12,2,12,7,260,0,256
mb_cap,1,2942,50,3,11,1,9,2,262,2,258
mb_cap,1,2943,50,0,0,2,1,-2,260,-1,257
mb_cap,1,2944,50,0,3,0,3,0,260,0,257
mb_cap,1,2945,50,3,0,2,0,1,261,0,257
mb_cap,1,2946,50,6,0,0,0,6,267,0,257
mb_cap,1,2947,50,0,0,1,0,-1,266,0,257
mb_cap,1,2948,50,0,0,0,0,0,266,0,257
mb_cap,1,2949,50,0,0,1,0,-1,265,0,257
mb_cap,1,2950,50,2,0,2,0,0,265,0,257
mb_cap,1,2951,50,1,2,2,2,-1,264,0,257
mb_cap,1,2952,50,2,4,0,6,2,266,-2,255
mb_cap,1,2953,50,3,1,3,1,0,266,0,255
mb_cap,1,2954,50,3,4,0,2,3,269,2,257
mb_cap,1,2955,50,0,0,2,0,-2,267,0,257
mb_cap,1,2956,50,0,0,0,0,0,267,0,257
mb_cap,1,2957,50,0,0,2,1,-2,265,-1,256
mb_cap,1,2958,50,3,0,0,0,3,268,0,256
mb_cap,1,2959,50,0,0,2,0,-2,266,0,256
mb_cap,1,2960,50,0,0,0,0,0,266,0,256
mb_cap,1,2961,50,0,0,1,0,-1,265,0,256
mb_cap,1,2962,50,3,0,1,0,2,267,0,256
mb_cap,1,2963,50,0,0,2,0,-2,265,0,256
mb_cap,1,2964,50,1,0,0,0,1,266,0,256
mb_cap,1,2965,50,0,0,1,0,-1,265,0,256
mb_cap,1,2966,50,2,0,0,0,2,267,0,256
mb_cap,1,2967,50,0,0,3,0,-3,264,0,256
mb_cap,1,2968,50,0,0,0,1,0,264,-1,255
mb_cap,1,2969,50,0,0,2,0,-2,262,0,255
mb_cap,1,2970,50,3,0,0,0,3,265,0,255
mb_cap,1,2971,50,0,0,0,0,0,265,0,255
mb_cap,1,2972,50,0,0,0,0,0,265,0,255
mb_cap,1,2973,50,0,0,1,0,-1,264,0,255
mb_cap,1,2974,50,3,0,1,0,2,266,0,255
mb_cap,1,2975,50,0,0,3,0,-3,263,0,255
mb_cap,1,2976,50,1,0,0,0,1,264,0,255
mb_cap,1,2977,50,0,0,1,0,-1,263,0,255
mb_cap,1,2978,50,2,0,0,0,2,265,0,255
mb_cap,1,2979,50,0,0,1,0,-1,264,0,255
mb_cap,1,2980,50,0,0,0,0,0,264,0,255
mb_cap,1,2981,50,0,0,2,0,-2,262,0,255
mb_cap,1,2982,50,3,9,0,5,3,265,4,259
mb_cap,1,2983,50,0,8,1,8,-1,264,0,259
mb_cap,1,2984,50,0,0,0,1,0,264,-1,258
mb_cap,1,2985,50,1,0,1,0,0,264,0,258
mb_cap,1,2986,50,3,0,1,0,2,266,0,258
mb_cap,1,2987,50,0,0,1,0,-1,265,0,258
mb_cap,1,2988,50,1,0,3,0,-2,263,0,258
mb_cap,1,2989,50,0,0,0,0,0,263,0,258
mb_cap,1,2990,50,1,0,1,0,0,263,0,258
mb_cap,1,2991,50,0,0,0,0,0,263,0,258
mb_cap,1,2992,50,0,0,1,0,-1,262,0,258
mb_cap,1,2993,50,0,0,2,0,-2,260,0,258
mb_cap,1,2994,50,3,0,1,0,2,262,0,258
mb_cap,1,2995,50,0,0,0,0,0,262,0,258
mb_cap,1,2996,50,0,0,0,0,0,262,0,258
mb_cap,1,2997,50,0,0,1,0,-1,261,0,258
mb_cap,1,2998,50,1,2,1,1,0,261,1,259
mb_cap,1,2999,50,1,0,2,0,-1,260,0,259
mb_cap,1,3000,50,1,0,0,0,1,261,0,259
mb_cap,1,3001,51,1,0,1,0,0,261,0,259
mb_cap,1,3002,51,2,0,3,0,-1,260,0,259
mb_cap,1,3003,51,0,0,1,0,-1,259,0,259
mb_cap,1,3004,51,0,0,1,0,-1,258,0,259
mb_cap,1,3005,51,0,3,2,2,-2,256,1,260
mb_cap,1,3006,51,4,0,3,0,1,257,0,260
mb_cap,1,3007,51,0,0,3,0,-3,254,0,260
mb_cap,1,3008,51,0,0,0,0,0,254,0,260
mb_cap,1,3009,51,1,0,2,0,-1,253,0,260
mb_cap,1,3010,51,3,0,0,0,3,256,0,260
mb_cap,1,3011,51,0,2,2,2,-2,254,0,260
mb_cap,1,3012,51,1,0,1,0,0,254,0,260
mb_cap,1,3013,51,0,0,2,0,-2,252,0,260
mb_cap,1,3014,51,2,0,0,0,2,254,0,260
mb_cap,1,3015,51,0,0,1,0,-1,253,0,260
mb_cap,1,3016,51,0,0,1,0,-1,252,0,260
mb_cap,1,3017,51,3,0,1,0,2,254,0,260
mb_cap,1,3018,51,0,0,0,0,0,254,0,260
mb_cap,1,3019,51,0,0,0,0,0,254,0,260
mb_cap,1,3020,51,0,0,1,0,-1,253,0,260
mb_cap,1,3021,51,2,0,1,0,1,254,0,260
mb_cap,1,3022,51,2,2,1,2,1,255,0,260
mb_cap,1,3023,51,2,0,1,0,1,256,0,260
mb_cap,1,3024,51,1,2,2,2,-1,255,0,260
mb_cap,1,3025,51,3,2,2,2,1,256,0,260
mb_cap,1,3026,51,3,0,3,0,0,256,0,260
mb_cap,1,3027,51,0,0,0,0,0,256,0,260
mb_cap,1,3028,51,0,0,0,2,0,256,-2,258
mb_cap,1,3029,51,0,0,1,0,-1,255,0,258
mb_cap,1,3030,51,0,0,0,0,0,255,0,258
mb_cap,1,3031,51,1,0,1,0,0,255,0,258
mb_cap,1,3032,51,0,0,0,0,0,255,0,258
mb_cap,1,3033,51,2,1,2,1,0,255,0,258
mb_cap,1,3034,51,2,0,1,0,1,256,0,258
mb_cap,1,3035,51,0,0,1,0,-1,255,0,258
mb_cap,1,3036,51,0,0,0,0,0,255,0,258
mb_cap,1,3037,51,0,0,1,0,-1,254,0,258
mb_cap,1,3038,51,3,1,1,2,2,256,-1,257
mb_cap,1,3039,51,0,0,1,0,-1,255,0,257
mb_cap,1,3040,51,0,0,0,0,0,255,0,257
mb_cap,1,3041,51,1,2,1,1,0,255,1,258
mb_cap,1,3042,51,2,0,1,0,1,256,0,258
mb_cap,1,3043,51,0,0,1,0,-1,255,0,258
mb_cap,1,3044,51,0,0,0,0,0,255,0,258
mb_cap,1,3045,51,1,0,2,0,-1,254,0,258
mb_cap,1,3046,51,2,0,0,0,2,256,0,258
mb_cap,1,3047,51,0,0,1,0,-1,255,0,258
mb_cap,1,3048,51,0,0,1,0,-1,254,0,258
mb_cap,1,3049,51,0,4,13,4,-13,241,0,258
mb_cap,1,3050,51,3,0,1,0,2,243,0,258
mb_cap,1,3051,51,0,0,0,0,0,243,0,258
mb_cap,1,3052,51,0,0,0,0,0,243,0,258
mb_cap,1,3053,51,2,1,2,1,0,243,0,258
mb_cap,1,3054,51,4,1,5,1,-1,242,0,258
mb_cap,1,3055,51,1,0,1,0,0,242,0,258
mb_cap,1,3056,51,0,0,1,0,-1,241,0,258
mb_cap,1,3057,51,3,0,2,0,1,242,0,258
mb_cap,1,3058,51,1,0,0,0,1,243,0,258
mb_cap,1,3059,51,0,0,0,0,0,243,0,258
mb_cap,1,3060,51,0,5,1,3,-1,242,2,260
mb_cap,1,3061,52,3,3,3,4,0,242,-1,259
mb_cap,1,3062,52,4,0,1,0,3,245,0,259
mb_cap,1,3063,52,0,1,0,0,0,245,1,260
mb_cap,1,3064,52,1,2,0,3,1,246,-1,259
mb_cap,1,3065,52,0,4,1,3,-1,245,1,260
mb_cap,1,3066,52,0,8,0,8,0,245,0,260
mb_cap,1,3067,52,3,4,2,2,1,246,2,262
mb_cap,1,3068,52,0,0,0,1,0,246,-1,261
mb_cap,1,3069,52,0,0,2,0,-2,244,0,261
mb_cap,1,3070,52,6,5,0,5,6,250,0,261
mb_cap,1,3071,52,1,0,1,0,0,250,0,261
mb_cap,1,3072,52,0,0,0,0,0,250,0,261
mb_cap,1,3073,52,1,2,2,2,-1,249,0,261
mb_cap,1,3074,52,3,0,0,0,3,252,0,261
mb_cap,1,3075,52,1,4,2,4,-1,251,0,261
mb_cap,1,3076,52,2,0,1,0,1,252,0,261
mb_cap,1,3077,52,4,3,2,3,2,254,0,261
mb_cap,1,3078,52,3,0,1,0,2,256,0,261
mb_cap,1,3079,52,1,7,2,5,-1,255,2,263
mb_cap,1,3080,52,3,1,0,2,3,258,-1,262
mb_cap,1,3081,52,0,0,1,0,-1,257,0,262
mb_cap,1,3082,52,2,0,0,0,2,259,0,262
mb_cap,1,3083,52,0,0,0,0,0,259,0,262
mb_cap,1,3084,52,0,0,0,0,0,259,0,262
mb_cap,1,3085,52,0,0,1,0,-1,258,0,262
mb_cap,1,3086,52,3,2,0,1,3,261,1,263
mb_cap,1,3087,52,0,0,0,0,0,261,0,263
mb_cap,1,3088,52,0,0,0,0,0,261,0,263
mb_cap,1,3089,52,2,3,1,4,1,262,-1,262
mb_cap,1,3090,52,5,3,1,3,4,266,0,262
mb_cap,1,3091,52,0,0,1,2,-1,265,-2,260
mb_cap,1,3092,52,0,0,0,0,0,265,0,260
mb_cap,1,3093,52,0,0,1,0,-1,264,0,260
mb_cap,1,3094,52,2,0,0,0,2,266,0,260
mb_cap,1,3095,52,1,0,1,0,0,266,0,260
mb_cap,1,3096,52,1,0,0,2,1,267,-2,258
mb_cap,1,3097,52,1,6,1,5,0,267,1,259
mb_cap,1,3098,52,2,1,0,3,2,269,-2,257
mb_cap,1,3099,52,1,0,2,0,-1,268,0,257
mb_cap,1,3100,52,2,1,0,1,2,270,0,257
mb_cap,1,3101,52,0,0,2,0,-2,268,0,257
mb_cap,1,3102,52,5,1,0,2,5,273,-1,256
mb_cap,1,3103,52,1,2,1,1,0,273,1,257
mb_cap,1,3104,52,0,0,0,0,0,273,0,257
mb_cap,1,3105,52,2,2,1,2,1,274,0,257
mb_cap,1,3106,52,2,0,0,0,2,276,0,257
mb_cap,1,3107,52,1,5,1,5,0,276,0,257
mb_cap,1,3108,52,4,3,1,3,3,279,0,257
mb_cap,1,3109,52,2,0,4,0,-2,277,0,257
mb_cap,1,3110,52,2,0,1,0,1,278,0,257
mb_cap,1,3111,52,1,0,1,0,0,278,0,257
mb_cap,1,3112,52,0,0,0,0,0,278,0,257
mb_cap,1,3113,52,0,0,1,1,-1,277,-1,256
mb_cap,1,3114,52,4,0,1,0,3,280,0,256
mb_cap,1,3115,52,0,0,1,0,-1,279,0,256
mb_cap,1,3116,52,0,0,0,0,0,279,0,256
mb_cap,1,3117,52,0,0,1,0,-1,278,0,256
mb_cap,1,3118,52,2,0,0,0,2,280,0,256
mb_cap,1,3119,52,0,0,2,0,-2,278,0,256
mb_cap,1,3120,52,0,0,0,0,0,278,0,256
mb_cap,1,3121,53,1,1,1,0,0,278,1,257
mb_cap,1,3122,53,2,0,0,1,2,280,-1,256
mb_cap,1,3123,53,0,0,1,0,-1,279,0,256
mb_cap,1,3124,53,0,0,1,0,-1,278,0,256
mb_cap,1,3125,53,0,0,2,0,-2,276,0,256
mb_cap,1,3126,53,4,5,1,4,3,279,1,257
mb_cap,1,3127,53,1,2,4,2,-3,276,0,257
mb_cap,1,3128,53,1,2,1,2,0,276,0,257
mb_cap,1,3129,53,1,2,2,2,-1,275,0,257
mb_cap,1,3130,53,4,2,2,2,2,277,0,257
mb_cap,1,3131,53,0,2,2,2,-2,275,0,257
mb_cap,1,3132,53,1,3,0,3,1,276,0,257
mb_cap,1,3133,53,4,4,3,2,1,277,2,259
mb_cap,1,3134,53,5,2,1,2,4,281,0,259
mb_cap,1,3135,53,2,4,2,4,0,281,0,259
mb_cap,1,3136,53,1,2,2,2,-1,280,0,259
mb_cap,1,3137,53,1,2,2,2,-1,279,0,259
mb_cap,1,3138,53,3,2,1,2,2,281,0,259
mb_cap,1,3139,53,1,2,2,1,-1,280,1,260
mb_cap,1,3140,53,1,1,1,1,0,280,0,260
mb_cap,1,3141,53,3,3,4,3,-1,279,0,260
mb_cap,1,3142,53,3,4,1,2,2,281,2,262
mb_cap,1,3143,53,1,2,1,0,0,281,2,264
mb_cap,1,3144,53,0,0,1,0,-1,280,0,264
mb_cap,1,3145,53,2,0,2,1,0,280,-1,263
mb_cap,1,3146,53,1,0,1,2,0,280,-2,261
mb_cap,1,3147,53,1,0,1,1,0,280,-1,260
mb_cap,1,3148,53,0,0,2,0,-2,278,0,260
mb_cap,1,3149,53,0,0,0,0,0,278,0,260
mb_cap,1,3150,53,4,0,2,0,2,280,0,260
mb_cap,1,3151,53,0,0,0,0,0,280,0,260
mb_cap,1,3152,53,0,0,0,0,0,280,0,260
mb_cap,1,3153,53,0,0,1,0,-1,279,0,260
mb_cap,1,3154,53,0,0,0,0,0,279,0,260
mb_cap,1,3155,53,1,0,1,0,0,279,0,260
mb_cap,1,3156,53,3,5,0,5,3,282,0,260
mb_cap,1,3157,53,1,0,3,0,-2,280,0,260
mb_cap,1,3158,53,2,0,0,0,2,282,0,260
mb_cap,1,3159,53,0,0,1,0,-1,281,0,260
mb_cap,1,3160,53,0,0,0,0,0,281,0,260
mb_cap,1,3161,53,1,1,1,0,0,281,1,261
mb_cap,1,3162,53,2,0,1,0,1,282,0,261
mb_cap,1,3163,53,0,0,1,0,-1,281,0,261
mb_cap,1,3164,53,0,0,0,1,0,281,-1,260
mb_cap,1,3165,53,0,0,1,0,-1,280,0,260
mb_cap,1,3166,53,2,0,1,0,1,281,0,260
mb_cap,1,3167,53,0,3,0,3,0,281,0,260
mb_cap,1,3168,53,3,2,1,2,2,283,0,260
mb_cap,1,3169,53,3,5,3,5,0,283,0,260
mb_cap,1,3170,53,2,0,0,0,2,285,0,260
mb_cap,1,3171,53,0,0,1,0,-1,284,0,260
mb_cap,1,3172,53,1,7,1,9,0,284,-2,258
mb_cap,1,3173,53,4,0,1,0,3,287,0,258
mb_cap,1,3174,53,1,0,1,1,0,287,-1,257
mb_cap,1,3175,53,0,0,0,0,0,287,0,257
mb_cap,1,3176,53,1,1,1,2,0,287,-1,256
mb_cap,1,3177,53,0,0,0,0,0,287,0,256
mb_cap,1,3178,53,3,0,2,0,1,288,0,256
mb_cap,1,3179,53,0,0,0,0,0,288,0,256
mb_cap,1,3180,53,0,0,0,0,0,288,0,256
mb_cap,1,3181,54,0,4,1,2,-1,287,2,258
mb_cap,1,3182,54,0,0,0,1,0,287,-1,257
mb_cap,1,3183,54,1,0,1,0,0,287,0,257
mb_cap,1,3184,54,0,0,0,0,0,287,0,257
mb_cap,1,3185,54,1,0,2,0,-1,286,0,257
mb_cap,1,3186,54,2,0,0,0,2,288,0,257
mb_cap,1,3187,54,0,0,1,0,-1,287,0,257
mb_cap,1,3188,54,0,0,0,0,0,287,0,257
mb_cap,1,3189,54,0,0,1,0,-1,286,0,257
mb_cap,1,3190,54,3,0,3,0,0,286,0,257
mb_cap,1,3191,54,0,0,1,0,-1,285,0,257
mb_cap,1,3192,54,0,2,0,3,0,285,-1,256
mb_cap,1,3193,54,0,0,2,0,-2,283,0,256
mb_cap,1,3194,54,2,0,0,0,2,285,0,256
mb_cap,1,3195,54,0,0,1,0,-1,284,0,256
mb_cap,1,3196,54,0,0,1,0,-1,283,0,256
mb_cap,1,3197,54,1,0,2,0,-1,282,0,256
mb_cap,1,3198,54,2,0,0,0,2,284,0,256
mb_cap,1,3199,54,0,0,1,0,-1,283,0,256
mb_cap,1,3200,54,0,0,0,0,0,283,0,256
mb_cap,1,3201,54,0,0,1,0,-1,282,0,256
mb_cap,1,3202,54,2,3,0,3,2,284,0,256
mb_cap,1,3203,54,1,3,2,3,-1,283,0,256
mb_cap,1,3204,54,2,0,0,0,2,285,0,256
mb_cap,1,3205,54,0,0,3,0,-3,282,0,256
mb_cap,1,3206,54,3,0,0,0,3,285,0,256
mb_cap,1,3207,54,0,0,1,0,-1,284,0,256
mb_cap,1,3208,54,0,0,0,0,0,284,0,256
mb_cap,1,3209,54,1,0,1,0,0,284,0,256
mb_cap,1,3210,54,2,0,1,0,1,285,0,256
mb_cap,1,3211,54,0,0,1,0,-1,284,0,256
mb_cap,1,3212,54,0,0,0,0,0,284,0,256
mb_cap,1,3213,54,0,0,1,0,-1,283,0,256
mb_cap,1,3214,54,2,0,1,0,1,284,0,256
mb_cap,1,3215,54,0,0,1,0,-1,283,0,256
mb_cap,1,3216,54,0,0,0,0,0,283,0,256
mb_cap,1,3217,54,0,0,1,0,-1,282,0,256
mb_cap,1,3218,54,2,0,0,0,2,284,0,256
mb_cap,1,3219,54,0,0,1,0,-1,283,0,256
mb_cap,1,3220,54,0,0,0,0,0,283,0,256
mb_cap,1,3221,54,1,0,6,0,-5,278,0,256
mb_cap,1,3222,54,2,0,0,0,2,280,0,256
mb_cap,1,3223,54,0,0,1,0,-1,279,0,256
mb_cap,1,3224,54,0,0,0,0,0,279,0,256
mb_cap,1,3225,54,0,0,1,0,-1,278,0,256
mb_cap,1,3226,54,2,0,0,0,2,280,0,256
mb_cap,1,3227,54,0,0,1,0,-1,279,0,256
mb_cap,1,3228,54,0,0,0,0,0,279,0,256
mb_cap,1,3229,54,0,0,1,0,-1,278,0,256
mb_cap,1,3230,54,3,2,1,1,2,280,1,257
mb_cap,1,3231,54,0,0,1,0,-1,279,0,257
mb_cap,1,3232,54,0,0,0,0,0,279,0,257
mb_cap,1,3233,54,1,0,2,0,-1,278,0,257
mb_cap,1,3234,54,2,0,2,0,0,278,0,257
mb_cap,1,3235,54,0,0,0,0,0,278,0,257
mb_cap,1,3236,54,0,0,0,0,0,278,0,257
mb_cap,1,3237,54,0,0,1,0,-1,277,0,257
mb_cap,1,3238,54,1,0,2,0,-1,276,0,257
mb_cap,1,3239,54,0,0,1,0,-1,275,0,257
mb_cap,1,3240,54,0,0,0,0,0,275,0,257
mb_cap,1,3241,55,1,2,1,2,0,275,0,257
mb_cap,1,3242,55,2,5,0,3,2,277,2,259
mb_cap,1,3243,55,0,4,3,1,-3,274,3,262
mb_cap,1,3244,55,1,6,0,6,1,275,0,262
mb_cap,1,3245,55,1,0,2,1,-1,274,-1,261
mb_cap,1,3246,55,2,0,0,0,2,276,0,261
mb_cap,1,3247,55,0,0,1,0,-1,275,0,261
mb_cap,1,3248,55,0,0,0,0,0,275,0,261
mb_cap,1,3249,55,0,0,1,0,-1,274,0,261
mb_cap,1,3250,55,3,6,0,6,3,277,0,261
mb_cap,1,3251,55,2,0,1,1,1,278,-1,260
mb_cap,1,3252,55,0,0,0,0,0,278,0,260
mb_cap,1,3253,55,0,0,2,0,-2,276,0,260
mb_cap,1,3254,55,2,2,0,3,2,278,-1,259
mb_cap,1,3255,55,0,0,1,0,-1,277,0,259
mb_cap,1,3256,55,0,0,0,0,0,277,0,259
mb_cap,1,3257,55,1,0,1,0,0,277,0,259
mb_cap,1,3258,55,2,0,0,0,2,279,0,259
mb_cap,1,3259,55,0,0,1,0,-1,278,0,259
mb_cap,1,3260,55,0,0,0,0,0,278,0,259
mb_cap,1,3261,55,0,0,1,0,-1,277,0,259
mb_cap,1,3262,55,2,0,0,0,2,279,0,259
mb_cap,1,3263,55,0,0,2,0,-2,277,0,259
mb_cap,1,3264,55,0,0,0,0,0,277,0,259
mb_cap,1,3265,55,1,0,2,0,-1,276,0,259
mb_cap,1,3266,55,2,0,0,0,2,278,0,259
mb_cap,1,3267,55,0,0,1,0,-1,277,0,259
mb_cap,1,3268,55,0,0,0,1,0,277,-1,258
mb_cap,1,3269,55,1,0,2,0,-1,276,0,258
mb_cap,1,3270,55,2,0,0,0,2,278,0,258
mb_cap,1,3271,55,0,0,1,0,-1,277,0,258
mb_cap,1,3272,55,0,0,0,0,0,277,0,258
mb_cap,1,3273,55,0,0,2,0,-2,275,0,258
mb_cap,1,3274,55,2,0,0,0,2,277,0,258
mb_cap,1,3275,55,0,0,1,0,-1,276,0,258
mb_cap,1,3276,55,0,0,0,0,0,276,0,258
mb_cap,1,3277,55,0,0,1,0,-1,275,0,258
mb_cap,1,3278,55,3,1,1,1,2,277,0,258
mb_cap,1,3279,55,0,0,1,0,-1,276,0,258
mb_cap,1,3280,55,0,0,0,0,0,276,0,258
mb_cap,1,3281,55,1,0,2,0,-1,275,0,258
mb_cap,1,3282,55,2,0,0,0,2,277,0,258
mb_cap,1,3283,55,0,0,1,0,-1,276,0,258
mb_cap,1,3284,55,0,0,0,0,0,276,0,258
mb_cap,1,3285,55,0,0,1,0,-1,275,0,258
mb_cap,1,3286,55,2,0,0,0,2,277,0,258
mb_cap,1,3287,55,0,0,1,0,-1,276,0,258
mb_cap,1,3288,55,0,0,0,0,0,276,0,258
mb_cap,1,3289,55,0,0,1,0,-1,275,0,258
mb_cap,1,3290,55,2,1,0,2,2,277,-1,257
mb_cap,1,3291,55,0,0,1,0,-1,276,0,257
mb_cap,1,3292,55,0,0,0,0,0,276,0,257
mb_cap,1,3293,55,1,0,3,0,-2,274,0,257
mb_cap,1,3294,55,3,3,0,3,3,277,0,257
mb_cap,1,3295,55,5,0,1,0,4,281,0,257
mb_cap,1,3296,55,0,0,0,0,0,281,0,257
mb_cap,1,3297,55,0,0,3,0,-3,278,0,257
mb_cap,1,3298,55,0,1,0,1,0,278,0,257
mb_cap,1,3299,55,1,0,1,0,0,278,0,257
mb_cap,1,3300,55,0,0,3,0,-3,275,0,257
mb_cap,1,3301,56,0,0,2,0,-2,273,0,257
mb_cap,1,3302,56,2,0,1,0,1,274,0,257
mb_cap,1,3303,56,0,0,1,0,-1,273,0,257
mb_cap,1,3304,56,0,0,0,0,0,273,0,257
mb_cap,1,3305,56,2,0,2,0,0,273,0,257
mb_cap,1,3306,56,2,0,0,0,2,275,0,257
mb_cap,1,3307,56,0,0,1,0,-1,274,0,257
mb_cap,1,3308,56,0,0,2,0,-2,272,0,257
mb_cap,1,3309,56,0,2,1,4,-1,271,-2,255
mb_cap,1,3310,56,2,0,0,0,2,273,0,255
mb_cap,1,3311,56,1,0,1,0,0,273,0,255
mb_cap,1,3312,56,0,0,1,0,-1,272,0,255
mb_cap,1,3313,56,0,0,1,0,-1,271,0,255
mb_cap,1,3314,56,2,0,1,0,1,272,0,255
mb_cap,1,3315,56,0,3,1,3,-1,271,0,255
mb_cap,1,3316,56,0,0,0,0,0,271,0,255
mb_cap,1,3317,56,2,0,2,0,0,271,0,255
mb_cap,1,3318,56,2,0,0,0,2,273,0,255
mb_cap,1,3319,56,0,0,1,0,-1,272,0,255
mb_cap,1,3320,56,0,0,1,0,-1,271,0,255
mb_cap,1,3321,56,0,0,1,0,-1,270,0,255
mb_cap,1,3322,56,2,0,0,0,2,272,0,255
mb_cap,1,3323,56,2,0,1,0,1,273,0,255
mb_cap,1,3324,56,0,0,0,0,0,273,0,255
mb_cap,1,3325,56,0,0,1,0,-1,272,0,255
mb_cap,1,3326,56,2,0,1,0,1,273,0,255
mb_cap,1,3327,56,0,0,1,0,-1,272,0,255
mb_cap,1,3328,56,0,0,1,0,-1,271,0,255
mb_cap,1,3329,56,3,0,2,0,1,272,0,255
mb_cap,1,3330,56,0,0,0,0,0,272,0,255
mb_cap,1,3331,56,1,2,0,2,1,273,0,255
mb_cap,1,3332,56,0,0,2,0,-2,271,0,255
mb_cap,1,3333,56,0,0,0,0,0,271,0,255
mb_cap,1,3334,56,3,0,1,0,2,273,0,255
mb_cap,1,3335,56,1,0,0,0,1,274,0,255
mb_cap,1,3336,56,0,0,0,0,0,274,0,255
mb_cap,1,3337,56,0,0,1,0,-1,273,0,255
mb_cap,1,3338,56,0,0,1,0,-1,272,0,255
mb_cap,1,3339,56,1,4,1,1,0,272,3,258
mb_cap,1,3340,56,0,0,1,1,-1,271,-1,257
mb_cap,1,3341,56,2,0,2,0,0,271,0,257
mb_cap,1,3342,56,2,0,0,0,2,273,0,257
mb_cap,1,3343,56,0,0,1,0,-1,272,0,257
mb_cap,1,3344,56,0,0,1,0,-1,271,0,257
mb_cap,1,3345,56,0,4,0,3,0,271,1,258
mb_cap,1,3346,56,2,0,0,0,2,273,0,258
mb_cap,1,3347,56,1,0,1,0,0,273,0,258
mb_cap,1,3348,56,0,0,0,0,0,273,0,258
mb_cap,1,3349,56,0,0,1,0,-1,272,0,258
mb_cap,1,3350,56,2,0,1,0,1,273,0,258
mb_cap,1,3351,56,0,0,1,0,-1,272,0,258
mb_cap,1,3352,56,0,0,0,0,0,272,0,258
mb_cap,1,3353,56,2,1,2,1,0,272,0,258
mb_cap,1,3354,56,7,1,4,1,3,275,0,258
mb_cap,1,3355,56,1,0,3,0,-2,273,0,258
mb_cap,1,3356,56,0,0,1,0,-1,272,0,258
mb_cap,1,3357,56,0,0,1,0,-1,271,0,258
mb_cap,1,3358,56,3,1,0,1,3,274,0,258
mb_cap,1,3359,56,2,0,2,0,0,274,0,258
mb_cap,1,3360,56,0,5,0,4,0,274,1,259
mb_cap,1,3361,57,0,4,1,5,-1,273,-1,258
mb_cap,1,3362,57,2,0,1,0,1,274,0,258
mb_cap,1,3363,57,0,0,1,0,-1,273,0,258
mb_cap,1,3364,57,0,0,0,0,0,273,0,258
mb_cap,1,3365,57,2,0,2,0,0,273,0,258
mb_cap,1,3366,57,3,8,0,7,3,276,1,259
mb_cap,1,3367,57,1,2,1,2,0,276,0,259
mb_cap,1,3368,57,0,0,1,2,-1,275,-2,257
mb_cap,1,3369,57,0,0,1,0,-1,274,0,257
mb_cap,1,3370,57,2,0,0,0,2,276,0,257
mb_cap,1,3371,57,1,0,1,0,0,276,0,257
mb_cap,1,3372,57,0,0,0,0,0,276,0,257
mb_cap,1,3373,57,1,2,1,2,0,276,0,257
mb_cap,1,3374,57,2,0,1,0,1,277,0,257
mb_cap,1,3375,57,0,0,1,0,-1,276,0,257
mb_cap,1,3376,57,0,0,0,0,0,276,0,257
mb_cap,1,3377,57,2,0,2,0,0,276,0,257
mb_cap,1,3378,57,2,0,0,0,2,278,0,257
mb_cap,1,3379,57,0,0,1,0,-1,277,0,257
mb_cap,1,3380,57,0,0,1,0,-1,276,0,257
mb_cap,1,3381,57,1,0,1,0,0,276,0,257
mb_cap,1,3382,57,2,0,0,0,2,278,0,257
mb_cap,1,3383,57,1,0,1,0,0,278,0,257
mb_cap,1,3384,57,0,0,0,0,0,278,0,257
mb_cap,1,3385,57,0,0,1,0,-1,277,0,257
mb_cap,1,3386,57,3,2,1,1,2,279,1,258
mb_cap,1,3387,57,0,0,1,0,-1,278,0,258
mb_cap,1,3388,57,1,0,0,0,1,279,0,258
mb_cap,1,3389,57,2,0,2,0,0,279,0,258
mb_cap,1,3390,57,3,0,1,0,2,281,0,258
mb_cap,1,3391,57,0,0,1,1,-1,280,-1,257
mb_cap,1,3392,57,5,2,1,3,4,284,-1,256
mb_cap,1,3393,57,1,0,2,0,-1,283,0,256
mb_cap,1,3394,57,2,3,0,4,2,285,-1,255
mb_cap,1,3395,57,3,0,1,0,2,287,0,255
mb_cap,1,3396,57,0,0,0,0,0,287,0,255
mb_cap,1,3397,57,0,0,1,0,-1,286,0,255
mb_cap,1,3398,57,2,0,1,0,1,287,0,255
mb_cap,1,3399,57,0,0,1,0,-1,286,0,255
mb_cap,1,3400,57,1,1,1,1,0,286,0,255
mb_cap,1,3401,57,2,0,2,0,0,286,0,255
mb_cap,1,3402,57,2,0,0,0,2,288,0,255
mb_cap,1,3403,57,0,0,1,0,-1,287,0,255
mb_cap,1,3404,57,0,0,1,0,-1,286,0,255
mb_cap,1,3405,57,0,0,1,0,-1,285,0,255
mb_cap,1,3406,57,2,0,0,0,2,287,0,255
mb_cap,1,3407,57,2,0,1,0,1,288,0,255
mb_cap,1,3408,57,2,0,0,0,2,290,0,255
mb_cap,1,3409,57,0,0,1,0,-1,289,0,255
mb_cap,1,3410,57,2,1,1,1,1,290,0,255
mb_cap,1,3411,57,2,0,1,0,1,291,0,255
mb_cap,1,3412,57,0,0,0,0,0,291,0,255
mb_cap,1,3413,57,2,0,2,0,0,291,0,255
mb_cap,1,3414,57,2,0,1,0,1,292,0,255
mb_cap,1,3415,57,0,0,1,0,-1,291,0,255
mb_cap,1,3416,57,0,0,1,0,-1,290,0,255
mb_cap,1,3417,57,0,0,1,0,-1,289,0,255
mb_cap,1,3418,57,3,2,0,2,3,292,0,255
mb_cap,1,3419,57,1,0,1,0,0,292,0,255
mb_cap,1,3420,57,0,0,0,0,0,292,0,255
mb_cap,1,3421,58,0,1,1,0,-1,291,1,256
mb_cap,1,3422,58,3,0,1,1,2,293,-1,255
mb_cap,1,3423,58,0,0,1,0,-1,292,0,255
mb_cap,1,3424,58,0,0,0,0,0,292,0,255
mb_cap,1,3425,58,2,0,2,0,0,292,0,255
mb_cap,1,3426,58,2,4,0,3,2,294,1,256
mb_cap,1,3427,58,0,0,0,1,0,294,-1,255
mb_cap,1,3428,58,0,0,2,0,-2,292,0,255
mb_cap,1,3429,58,0,0,1,0,-1,291,0,255
mb_cap,1,3430,58,1,4,1,4,0,291,0,255
mb_cap,1,3431,58,1,0,0,0,1,292,0,255
mb_cap,1,3432,58,0,0,1,0,-1,291,0,255
mb_cap,1,3433,58,0,0,0,0,0,291,0,255
mb_cap,1,3434,58,3,0,2,0,1,292,0,255
mb_cap,1,3435,58,0,0,0,0,0,292,0,255
mb_cap,1,3436,58,0,0,0,0,0,292,0,255
mb_cap,1,3437,58,1,0,1,0,0,292,0,255
mb_cap,1,3438,58,1,0,0,0,1,293,0,255
mb_cap,1,3439,58,0,0,1,0,-1,292,0,255
mb_cap,1,3440,58,0,0,1,0,-1,291,0,255
mb_cap,1,3441,58,0,0,2,0,-2,289,0,255
mb_cap,1,3442,58,2,0,0,0,2,291,0,255
mb_cap,1,3443,58,1,0,1,0,0,291,0,255
mb_cap,1,3444,58,0,0,0,0,0,291,0,255
mb_cap,1,3445,58,0,0,1,0,-1,290,0,255
mb_cap,1,3446,58,2,0,1,0,1,291,0,255
mb_cap,1,3447,58,1,0,2,0,-1,290,0,255
mb_cap,1,3448,58,0,0,0,0,0,290,0,255
mb_cap,1,3449,58,1,0,1,0,0,290,0,255
mb_cap,1,3450,58,2,0,0,0,2,292,0,255
mb_cap,1,3451,58,0,0,1,0,-1,291,0,255
mb_cap,1,3452,58,0,0,1,0,-1,290,0,255
mb_cap,1,3453,58,0,0,1,0,-1,289,0,255
mb_cap,1,3454,58,3,0,0,0,3,292,0,255
mb_cap,1,3455,58,1,0,1,0,0,292,0,255
mb_cap,1,3456,58,0,0,0,0,0,292,0,255
mb_cap,1,3457,58,0,0,1,0,-1,291,0,255
mb_cap,1,3458,58,3,0,2,0,1,292,0,255
mb_cap,1,3459,58,0,0,2,0,-2,290,0,255
mb_cap,1,3460,58,0,0,0,0,0,290,0,255
mb_cap,1,3461,58,1,0,1,0,0,290,0,255
mb_cap,1,3462,58,2,0,0,0,2,292,0,255
mb_cap,1,3463,58,0,0,1,0,-1,291,0,255
mb_cap,1,3464,58,0,0,1,0,-1,290,0,255
mb_cap,1,3465,58,0,0,1,0,-1,289,0,255
mb_cap,1,3466,58,2,0,0,0,2,291,0,255
mb_cap,1,3467,58,1,0,1,0,0,291,0,255
mb_cap,1,3468,58,0,0,0,0,0,291,0,255
mb_cap,1,3469,58,3,5,4,6,-1,290,-1,254
mb_cap,1,3470,58,3,0,2,0,1,291,0,254
mb_cap,1,3471,58,0,0,1,0,-1,290,0,254
mb_cap,1,3472,58,0,0,0,0,0,290,0,254
mb_cap,1,3473,58,1,0,1,0,0,290,0,254
mb_cap,1,3474,58,2,0,0,0,2,292,0,254
mb_cap,1,3475,58,0,0,1,0,-1,291,0,254
mb_cap,1,3476,58,0,0,1,0,-1,290,0,254
mb_cap,1,3477,58,0,0,1,0,-1,289,0,254
mb_cap,1,3478,58,2,0,0,0,2,291,0,254
mb_cap,1,3479,58,1,2,1,1,0,291,1,255
mb_cap,1,3480,58,0,0,0,0,0,291,0,255
mb_cap,1,3481,59,0,0,1,0,-1,290,0,255
mb_cap,1,3482,59,3,0,2,0,1,291,0,255
mb_cap,1,3483,59,0,0,1,0,-1,290,0,255
mb_cap,1,3484,59,0,0,0,0,0,290,0,255
mb_cap,1,3485,59,2,0,2,0,0,290,0,255
mb_cap,1,3486,59,2,0,0,0,2,292,0,255
mb_cap,1,3487,59,0,0,1,0,-1,291,0,255
mb_cap,1,3488,59,0,0,1,0,-1,290,0,255
mb_cap,1,3489,59,0,2,1,1,-1,289,1,256
mb_cap,1,3490,59,2,0,1,0,1,290,0,256
mb_cap,1,3491,59,1,0,2,0,-1,289,0,256
mb_cap,1,3492,59,0,0,0,0,0,289,0,256
mb_cap,1,3493,59,1,2,1,4,0,289,-2,254
mb_cap,1,3494,59,3,0,2,0,1,290,0,254
mb_cap,1,3495,59,0,0,1,0,-1,289,0,254
mb_cap,1,3496,59,0,0,1,0,-1,288,0,254
mb_cap,1,3497,59,1,0,1,0,0,288,0,254
mb_cap,1,3498,59,2,0,0,0,2,290,0,254
mb_cap,1,3499,59,0,0,0,0,0,290,0,254
mb_cap,1,3500,59,0,0,1,0,-1,289,0,254
mb_cap,1,3501,59,0,0,1,0,-1,288,0,254
mb_cap,1,3502,59,2,0,0,0,2,290,0,254
mb_cap,1,3503,59,1,0,1,0,0,290,0,254
mb_cap,1,3504,59,0,0,0,0,0,290,0,254
mb_cap,1,3505,59,0,0,1,0,-1,289,0,254
mb_cap,1,3506,59,3,0,1,0,2,291,0,254
mb_cap,1,3507,59,0,0,1,0,-1,290,0,254
mb_cap,1,3508,59,0,0,0,0,0,290,0,254
mb_cap,1,3509,59,1,0,1,0,0,290,0,254
mb_cap,1,3510,59,2,0,0,0,2,292,0,254
mb_cap,1,3511,59,0,0,2,0,-2,290,0,254
mb_cap,1,3512,59,0,0,1,0,-1,289,0,254
mb_cap,1,3513,59,0,9,1,6,-1,288,3,257
mb_cap,1,3514,59,3,11,0,12,3,291,-1,256
mb_cap,1,3515,59,4,0,1,1,3,294,-1,255
mb_cap,1,3516,59,0,0,1,1,-1,293,-1,254
mb_cap,1,3517,59,2,3,1,3,1,294,0,254
mb_cap,1,3518,59,1,10,2,11,-1,293,-1,253
mb_cap,1,3519,59,0,15,0,16,0,293,-1,252
mb_cap,1,3520,59,1,2,4,3,-3,290,-1,251
mb_cap,1,3521,59,4,7,1,8,3,293,-1,250
mb_cap,1,3522,59,10,6,3,5,7,300,1,251
mb_cap,1,3523,59,3,4,2,4,1,301,0,251
mb_cap,1,3524,59,1,0,4,0,-3,298,0,251
mb_cap,1,3525,59,3,1,1,2,2,300,-1,250
mb_cap,1,3526,59,0,0,0,0,0,300,0,250
mb_cap,1,3527,59,2,0,1,0,1,301,0,250
mb_cap,1,3528,59,0,0,0,0,0,301,0,250
mb_cap,1,3529,59,1,0,2,0,-1,300,0,250
mb_cap,1,3530,59,3,1,1,2,2,302,-1,249
mb_cap,1,3531,59,0,0,2,0,-2,300,0,249
mb_cap,1,3532,59,0,1,0,3,0,300,-2,247
mb_cap,1,3533,59,3,5,1,5,2,302,0,247
mb_cap,1,3534,59,3,1,0,0,3,305,1,248
mb_cap,1,3535,59,0,0,7,0,-7,298,0,248
mb_cap,1,3536,59,0,0,1,0,-1,297,0,248
mb_cap,1,3537,59,1,7,1,5,0,297,2,250
mb_cap,1,3538,59,2,0,0,1,2,299,-1,249
mb_cap,1,3539,59,1,0,1,0,0,299,0,249
mb_cap,1,3540,59,0,0,0,0,0,299,0,249
mb_cap,1,3541,60,1,0,2,0,-1,298,0,249
mb_cap,1,3542,60,2,3,1,3,1,299,0,249
mb_cap,1,3543,60,0,0,1,0,-1,298,0,249
mb_cap,1,3544,60,0,0,0,0,0,298,0,249
mb_cap,1,3545,60,1,0,1,0,0,298,0,249
mb_cap,1,3546,60,2,4,0,3,2,300,1,250
mb_cap,1,3547,60,1,0,2,1,-1,299,-1,249
mb_cap,1,3548,60,0,0,1,0,-1,298,0,249
mb_cap,1,3549,60,0,0,1,0,-1,297,0,249
mb_cap,1,3550,60,2,3,0,2,2,299,1,250
mb_cap,1,3551,60,1,0,1,0,0,299,0,250
mb_cap,1,3552,60,0,0,0,0,0,299,0,250
mb_cap,1,3553,60,1,0,2,1,-1,298,-1,249
mb_cap,1,3554,60,0,0,1,0,-1,297,0,249
mb_cap,1,3555,60,4,0,1,0,3,300,0,249
mb_cap,1,3556,60,0,0,0,0,0,300,0,249
mb_cap,1,3557,60,1,0,0,0,1,301,0,249
mb_cap,1,3558,60,0,0,1,0,-1,300,0,249
mb_cap,1,3559,60,0,0,0,0,0,300,0,249
mb_cap,1,3560,60,0,0,2,0,-2,298,0,249
mb_cap,1,3561,60,0,0,0,0,0,298,0,249
mb_cap,1,3562,60,0,3,1,3,-1,297,0,249
mb_cap,1,3563,60,5,2,0,2,5,302,0,249
mb_cap,1,3564,60,0,0,1,0,-1,301,0,249
mb_cap,1,3565,60,0,0,2,0,-2,299,0,249
mb_cap,1,3566,60,0,0,2,0,-2,297,0,249
mb_cap,1,3567,60,3,0,0,0,3,300,0,249
mb_cap,1,3568,60,0,0,1,1,-1,299,-1,248
mb_cap,1,3569,60,1,0,0,0,1,300,0,248
mb_cap,1,3570,60,0,0,1,0,-1,299,0,248
mb_cap,1,3571,60,0,0,0,0,0,299,0,248
mb_cap,1,3572,60,1,0,2,0,-1,298,0,248
mb_cap,1,3573,60,0,0,0,0,0,298,0,248
mb_cap,1,3574,60,0,0,1,0,-1,297,0,248
mb_cap,1,3575,60,3,0,1,0,2,299,0,248
mb_cap,1,3576,60,1,0,2,0,-1,298,0,248
mb_cap,1,3577,60,0,0,0,0,0,298,0,248
mb_cap,1,3578,60,1,0,3,0,-2,296,0,248
mb_cap,1,3579,60,2,0,2,0,0,296,0,248
mb_cap,1,3580,60,0,0,0,0,0,296,0,248
mb_cap,1,3581,60,3,3,1,4,2,298,-1,247
mb_cap,1,3582,60,0,0,0,0,0,298,0,247
mb_cap,1,3583,60,1,0,3,0,-2,296,0,247
mb_cap,1,3584,60,1,0,2,0,-1,295,0,247
mb_cap,1,3585,60,0,0,1,0,-1,294,0,247
mb_cap,1,3586,60,0,0,0,0,0,294,0,247
mb_cap,1,3587,60,5,0,3,0,2,296,0,247
mb_cap,1,3588,60,0,2,0,1,0,296,1,248
mb_cap,1,3589,60,1,0,0,0,1,297,0,248
mb_cap,1,3590,60,0,0,2,0,-2,295,0,248
mb_cap,1,3591,60,0,0,0,0,0,295,0,248
mb_cap,1,3592,60,1,0,1,0,0,295,0,248
mb_cap,1,3593,60,1,0,0,0,1,296,0,248
mb_cap,1,3594,60,0,0,1,0,-1,295,0,248
mb_cap,1,3595,60,2,0,0,0,2,297,0,248
mb_cap,1,3596,60,0,0,2,0,-2,295,0,248
mb_cap,1,3597,60,0,0,0,0,0,295,0,248
mb_cap,1,3598,60,0,1,1,0,-1,294,1,249
mb_cap,1,3599,60,4,0,1,1,3,297,-1,248
mb_cap,1,3600,60,1,2,1,2,0,297,0,248
mb_cap,1,3601,61,0,0,0,0,0,297,0,248
mb_cap,1,3602,61,0,0,3,0,-3,294,0,248
mb_cap,1,3603,61,2,0,0,0,2,296,0,248
mb_cap,1,3604,61,0,0,1,0,-1,295,0,248
mb_cap,1,3605,61,1,2,0,2,1,296,0,248
mb_cap,1,3606,61,1,1,1,0,0,296,1,249
mb_cap,1,3607,61,3,1,0,2,3,299,-1,248
mb_cap,1,3608,61,0,0,2,0,-2,297,0,248
mb_cap,1,3609,61,0,2,1,2,-1,296,0,248
mb_cap,1,3610,61,3,0,1,0,2,298,0,248
mb_cap,1,3611,61,2,0,1,0,1,299,0,248
mb_cap,1,3612,61,0,0,0,0,0,299,0,248
mb_cap,1,3613,61,0,0,1,0,-1,298,0,248
mb_cap,1,3614,61,0,0,1,0,-1,297,0,248
mb_cap,1,3615,61,3,0,1,0,2,299,0,248
mb_cap,1,3616,61,0,0,0,0,0,299,0,248
mb_cap,1,3617,61,1,0,0,0,1,300,0,248
mb_cap,1,3618,61,0,0,1,0,-1,299,0,248
mb_cap,1,3619,61,0,0,0,0,0,299,0,248
mb_cap,1,3620,61,1,0,2,0,-1,298,0,248
mb_cap,1,3621,61,0,0,0,0,0,298,0,248
mb_cap,1,3622,61,1,0,2,0,-1,297,0,248
mb_cap,1,3623,61,3,2,0,5,3,300,-3,245
mb_cap,1,3624,61,0,3,3,9,-3,297,-6,239
mb_cap,1,3625,61,4,1,0,1,4,301,0,239
mb_cap,1,3626,61,0,0,3,0,-3,298,0,239
mb_cap,1,3627,61,2,0,0,0,2,300,0,239
mb_cap,1,3628,61,0,0,1,0,-1,299,0,239
mb_cap,1,3629,61,1,0,0,0,1,300,0,239
mb_cap,1,3630,61,0,0,1,0,-1,299,0,239
mb_cap,1,3631,61,2,0,0,0,2,301,0,239
mb_cap,1,3632,61,0,0,2,0,-2,299,0,239
mb_cap,1,3633,61,0,0,0,0,0,299,0,239
mb_cap,1,3634,61,1,0,2,0,-1,298,0,239
mb_cap,1,3635,61,3,0,0,0,3,301,0,239
mb_cap,1,3636,61,0,0,1,0,-1,300,0,239
mb_cap,1,3637,61,0,0,0,0,0,300,0,239
mb_cap,1,3638,61,0,0,2,0,-2,298,0,239
mb_cap,1,3639,61,2,0,0,0,2,300,0,239
mb_cap,1,3640,61,1,0,2,0,-1,299,0,239
mb_cap,1,3641,61,1,0,0,0,1,300,0,239
mb_cap,1,3642,61,0,0,1,0,-1,299,0,239
mb_cap,1,3643,61,2,0,0,0,2,301,0,239
mb_cap,1,3644,61,2,2,3,1,-1,300,1,240
mb_cap,1,3645,61,0,0,1,0,-1,299,0,240
mb_cap,1,3646,61,1,0,2,0,-1,298,0,240
mb_cap,1,3647,61,4,2,0,2,4,302,0,240
mb_cap,1,3648,61,1,1,2,1,-1,301,0,240
mb_cap,1,3649,61,0,0,1,0,-1,300,0,240
mb_cap,1,3650,61,1,2,2,2,-1,299,0,240
mb_cap,1,3651,61,2,0,1,0,1,300,0,240
mb_cap,1,3652,61,0,0,1,0,-1,299,0,240
mb_cap,1,3653,61,3,1,1,3,2,301,-2,238
mb_cap,1,3654,61,4,0,5,1,-1,300,-1,237
mb_cap,1,3655,61,2,0,1,0,1,301,0,237
mb_cap,1,3656,61,0,0,2,0,-2,299,0,237
mb_cap,1,3657,61,0,0,0,0,0,299,0,237
mb_cap,1,3658,61,1,8,2,9,-1,298,-1,236
mb_cap,1,3659,61,1,0,0,0,1,299,0,236
mb_cap,1,3660,61,1,0,1,0,0,299,0,236
mb_cap,1,3661,62,0,4,0,2,0,299,2,238
mb_cap,1,3662,62,0,0,1,0,-1,298,0,238
mb_cap,1,3663,62,1,0,1,0,0,298,0,238
mb_cap,1,3664,62,0,0,1,0,-1,297,0,238
mb_cap,1,3665,62,0,0,0,0,0,297,0,238
mb_cap,1,3666,62,3,5,1,3,2,299,2,240
mb_cap,1,3667,62,3,1,2,2,1,300,-1,239
mb_cap,1,3668,62,0,0,1,0,-1,299,0,239
mb_cap,1,3669,62,6,5,1,6,5,304,-1,238
mb_cap,1,3670,62,1,2,2,3,-1,303,-1,237
mb_cap,1,3671,62,3,0,1,0,2,305,0,237
mb_cap,1,3672,62,1,0,1,0,0,305,0,237
mb_cap,1,3673,62,1,1,0,2,1,306,-1,236
mb_cap,1,3674,62,0,0,1,0,-1,305,0,236
mb_cap,1,3675,62,2,0,1,0,1,306,0,236
mb_cap,1,3676,62,0,0,1,0,-1,305,0,236
mb_cap,1,3677,62,0,0,0,0,0,305,0,236
mb_cap,1,3678,62,2,0,1,0,1,306,0,236
mb_cap,1,3679,62,2,0,0,0,2,308,0,236
mb_cap,1,3680,62,0,0,1,0,-1,307,0,236
mb_cap,1,3681,62,0,0,1,0,-1,306,0,236
mb_cap,1,3682,62,1,0,2,0,-1,305,0,236
mb_cap,1,3683,62,2,0,0,0,2,307,0,236
mb_cap,1,3684,62,1,0,1,0,0,307,0,236
mb_cap,1,3685,62,0,0,0,0,0,307,0,236
mb_cap,1,3686,62,0,0,1,1,-1,306,-1,235
mb_cap,1,3687,62,2,0,1,0,1,307,0,235
mb_cap,1,3688,62,0,0,1,0,-1,306,0,235
mb_cap,1,3689,62,2,0,1,0,1,307,0,235
mb_cap,1,3690,62,1,0,1,0,0,307,0,235
mb_cap,1,3691,62,2,0,0,0,2,309,0,235
mb_cap,1,3692,62,1,1,1,1,0,309,0,235
mb_cap,1,3693,62,0,0,1,0,-1,308,0,235
mb_cap,1,3694,62,1,0,2,0,-1,307,0,235
mb_cap,1,3695,62,2,0,0,0,2,309,0,235
mb_cap,1,3696,62,1,0,1,0,0,309,0,235
mb_cap,1,3697,62,0,0,0,0,0,309,0,235
mb_cap,1,3698,62,0,0,1,0,-1,308,0,235
mb_cap,1,3699,62,1,0,1,0,0,308,0,235
mb_cap,1,3700,62,0,0,1,0,-1,307,0,235
mb_cap,1,3701,62,0,0,0,0,0,307,0,235
mb_cap,1,3702,62,1,0,1,0,0,307,0,235
mb_cap,1,3703,62,3,0,1,0,2,309,0,235
mb_cap,1,3704,62,1,0,2,0,-1,308,0,235
mb_cap,1,3705,62,0,0,1,0,-1,307,0,235
mb_cap,1,3706,62,1,0,2,0,-1,306,0,235
mb_cap,1,3707,62,2,0,0,0,2,308,0,235
mb_cap,1,3708,62,1,0,1,0,0,308,0,235
mb_cap,1,3709,62,0,0,0,0,0,308,0,235
mb_cap,1,3710,62,0,0,1,0,-1,307,0,235
mb_cap,1,3711,62,2,0,1,0,1,308,0,235
mb_cap,1,3712,62,0,0,1,0,-1,307,0,235
mb_cap,1,3713,62,0,0,0,0,0,307,0,235
mb_cap,1,3714,62,1,0,1,0,0,307,0,235
mb_cap,1,3715,62,1,0,0,0,1,308,0,235
mb_cap,1,3716,62,4,1,1,0,3,311,1,236
mb_cap,1,3717,62,0,0,1,1,-1,310,-1,235
mb_cap,1,3718,62,0,0,2,0,-2,308,0,235
mb_cap,1,3719,62,0,0,1,0,-1,307,0,235
mb_cap,1,3720,62,1,0,0,0,1,308,0,235
mb_cap,1,3721,63,0,0,0,0,0,308,0,235
mb_cap,1,3722,63,0,0,0,0,0,308,0,235
mb_cap,1,3723,63,0,0,1,0,-1,307,0,235
mb_cap,1,3724,63,3,0,0,0,3,310,0,235
mb_cap,1,3725,63,0,0,1,0,-1,309,0,235
mb_cap,1,3726,63,0,0,0,0,0,309,0,235
mb_cap,1,3727,63,0,0,1,0,-1,308,0,235
mb_cap,1,3728,63,0,0,0,0,0,308,0,235
mb_cap,1,3729,63,0,0,2,0,-2,306,0,235
mb_cap,1,3730,63,1,0,0,0,1,307,0,235
mb_cap,1,3731,63,2,0,1,0,1,308,0,235
mb_cap,1,3732,63,1,0,0,0,1,309,0,235
mb_cap,1,3733,63,0,0,1,0,-1,308,0,235
mb_cap,1,3734,63,1,2,1,2,0,308,0,235
mb_cap,1,3735,63,0,0,1,0,-1,307,0,235
mb_cap,1,3736,63,4,0,1,0,3,310,0,235
mb_cap,1,3737,63,0,0,1,0,-1,309,0,235
mb_cap,1,3738,63,0,0,0,0,0,309,0,235
mb_cap,1,3739,63,0,0,1,0,-1,308,0,235
mb_cap,1,3740,63,0,0,7,0,-7,301,0,235
mb_cap,1,3741,63,1,0,1,0,0,301,0,235
mb_cap,1,3742,63,0,2,0,1,0,301,1,236
mb_cap,1,3743,63,0,2,1,2,-1,300,0,236
mb_cap,1,3744,63,2,0,0,0,2,302,0,236
mb_cap,1,3745,63,0,0,1,0,-1,301,0,236
mb_cap,1,3746,63,0,0,0,0,0,301,0,236
mb_cap,1,3747,63,0,0,1,0,-1,300,0,236
mb_cap,1,3748,63,2,0,0,0,2,302,0,236
mb_cap,1,3749,63,0,0,1,0,-1,301,0,236
mb_cap,1,3750,63,0,0,0,0,0,301,0,236
mb_cap,1,3751,63,5,4,4,4,1,302,0,236
mb_cap,1,3752,63,5,0,3,0,2,304,0,236
mb_cap,1,3753,63,0,0,1,0,-1,303,0,236
mb_cap,1,3754,63,0,0,0,0,0,303,0,236
mb_cap,1,3755,63,0,0,3,0,-3,300,0,236
mb_cap,1,3756,63,2,0,0,0,2,302,0,236
mb_cap,1,3757,63,0,0,1,0,-1,301,0,236
mb_cap,1,3758,63,0,0,0,0,0,301,0,236
mb_cap,1,3759,63,0,0,1,0,-1,300,0,236
mb_cap,1,3760,63,2,0,0,0,2,302,0,236
mb_cap,1,3761,63,0,0,1,0,-1,301,0,236
mb_cap,1,3762,63,0,0,1,0,-1,300,0,236
mb_cap,1,3763,63,1,0,2,0,-1,299,0,236
mb_cap,1,3764,63,3,0,1,0,2,301,0,236
mb_cap,1,3765,63,1,0,2,0,-1,300,0,236
mb_cap,1,3766,63,2,0,4,0,-2,298,0,236
mb_cap,1,3767,63,2,0,1,0,1,299,0,236
mb_cap,1,3768,63,1,2,0,1,1,300,1,237
mb_cap,1,3769,63,3,6,3,5,0,300,1,238
mb_cap,1,3770,63,0,0,1,0,-1,299,0,238
mb_cap,1,3771,63,0,0,0,0,0,299,0,238
mb_cap,1,3772,63,3,0,1,0,2,301,0,238
mb_cap,1,3773,63,0,0,0,0,0,301,0,238
mb_cap,1,3774,63,0,0,0,0,0,301,0,238
mb_cap,1,3775,63,0,0,3,0,-3,298,0,238
mb_cap,1,3776,63,2,0,0,0,2,300,0,238
mb_cap,1,3777,63,0,0,1,0,-1,299,0,238
mb_cap,1,3778,63,0,0,0,0,0,299,0,238
mb_cap,1,3779,63,0,0,2,0,-2,297,0,238
mb_cap,1,3780,63,1,0,0,0,1,298,0,238
mb_cap,1,3781,64,0,0,1,0,-1,297,0,238
mb_cap,1,3782,64,0,0,0,0,0,297,0,238
mb_cap,1,3783,64,1,1,1,1,0,297,0,238
mb_cap,1,3784,64,2,0,1,0,1,298,0,238
mb_cap,1,3785,64,0,0,1,0,-1,297,0,238
mb_cap,1,3786,64,0,1,1,0,-1,296,1,239
mb_cap,1,3787,64,2,0,1,1,1,297,-1,238
mb_cap,1,3788,64,0,0,0,0,0,297,0,238
mb_cap,1,3789,64,0,0,0,0,0,297,0,238
mb_cap,1,3790,64,1,3,1,2,0,297,1,239
mb_cap,1,3791,64,0,0,0,0,0,297,0,239
mb_cap,1,3792,64,3,0,1,0,2,299,0,239
mb_cap,1,3793,64,0,0,1,0,-1,298,0,239
mb_cap,1,3794,64,0,0,0,0,0,298,0,239
mb_cap,1,3795,64,0,4,1,3,-1,297,1,240
mb_cap,1,3796,64,2,0,0,0,2,299,0,240
mb_cap,1,3797,64,3,0,3,0,0,299,0,240
mb_cap,1,3798,64,0,0,0,0,0,299,0,240
mb_cap,1,3799,64,0,4,1,3,-1,298,1,241
mb_cap,1,3800,64,1,0,1,0,0,298,0,241
mb_cap,1,3801,64,0,0,0,1,0,298,-1,240
mb_cap,1,3802,64,0,0,1,0,-1,297,0,240
mb_cap,1,3803,64,0,0,0,0,0,297,0,240
mb_cap,1,3804,64,3,0,1,0,2,299,0,240
mb_cap,1,3805,64,0,0,0,0,0,299,0,240
mb_cap,1,3806,64,0,0,0,0,0,299,0,240
mb_cap,1,3807,64,0,0,1,0,-1,298,0,240
mb_cap,1,3808,64,0,0,0,0,0,298,0,240
mb_cap,1,3809,64,2,0,2,0,0,298,0,240
mb_cap,1,3810,64,0,0,0,0,0,298,0,240
mb_cap,1,3811,64,0,0,0,0,0,298,0,240
mb_cap,1,3812,64,1,0,1,0,0,298,0,240
mb_cap,1,3813,64,1,2,0,2,1,299,0,240
mb_cap,1,3814,64,0,0,1,0,-1,298,0,240
mb_cap,1,3815,64,1,0,0,0,1,299,0,240
mb_cap,1,3816,64,4,2,1,2,3,302,0,240
mb_cap,1,3817,64,0,0,0,0,0,302,0,240
mb_cap,1,3818,64,0,0,0,0,0,302,0,240
mb_cap,1,3819,64,0,0,1,0,-1,301,0,240
mb_cap,1,3820,64,1,0,1,0,0,301,0,240
mb_cap,1,3821,64,1,0,1,0,0,301,0,240
mb_cap,1,3822,64,0,0,0,0,0,301,0,240
mb_cap,1,3823,64,0,0,1,0,-1,300,0,240
mb_cap,1,3824,64,2,0,0,0,2,302,0,240
mb_cap,1,3825,64,0,0,1,0,-1,301,0,240
mb_cap,1,3826,64,0,0,0,0,0,301,0,240
mb_cap,1,3827,64,0,0,1,0,-1,300,0,240
mb_cap,1,3828,64,3,0,1,0,2,302,0,240
mb_cap,1,3829,64,0,0,1,0,-1,301,0,240
mb_cap,1,3830,64,0,0,0,0,0,301,0,240
mb_cap,1,3831,64,1,0,2,0,-1,300,0,240
mb_cap,1,3832,64,2,0,1,0,1,301,0,240
mb_cap,1,3833,64,0,0,1,0,-1,300,0,240
mb_cap,1,3834,64,0,0,0,0,0,300,0,240
mb_cap,1,3835,64,0,0,1,0,-1,299,0,240
mb_cap,1,3836,64,3,0,0,0,3,302,0,240
mb_cap,1,3837,64,0,0,1,0,-1,301,0,240
mb_cap,1,3838,64,0,0,0,0,0,301,0,240
mb_cap,1,3839,64,0,0,1,0,-1,300,0,240
mb_cap,1,3840,64,2,0,0,0,2,302,0,240
mb_cap,1,3841,65,0,0,1,0,-1,301,0,240
mb_cap,1,3842,65,0,3,0,3,0,301,0,240
mb_cap,1,3843,65,1,0,2,0,-1,300,0,240
mb_cap,1,3844,65,2,0,0,0,2,302,0,240
mb_cap,1,3845,65,0,0,1,0,-1,301,0,240
mb_cap,1,3846,65,0,4,0,3,0,301,1,241
mb_cap,1,3847,65,0,3,1,3,-1,300,0,241
mb_cap,1,3848,65,2,0,0,0,2,302,0,241
mb_cap,1,3849,65,0,0,1,0,-1,301,0,241
mb_cap,1,3850,65,1,0,0,0,1,302,0,241
mb_cap,1,3851,65,0,0,1,0,-1,301,0,241
mb_cap,1,3852,65,2,0,0,0,2,303,0,241
mb_cap,1,3853,65,2,3,2,3,0,303,0,241
mb_cap,1,3854,65,0,0,0,0,0,303,0,241
mb_cap,1,3855,65,1,0,2,0,-1,302,0,241
mb_cap,1,3856,65,2,0,0,0,2,304,0,241
mb_cap,1,3857,65,0,0,1,0,-1,303,0,241
mb_cap,1,3858,65,0,0,0,0,0,303,0,241
mb_cap,1,3859,65,1,0,2,0,-1,302,0,241
mb_cap,1,3860,65,2,0,0,0,2,304,0,241
mb_cap,1,3861,65,0,0,1,0,-1,303,0,241
mb_cap,1,3862,65,0,0,1,0,-1,302,0,241
mb_cap,1,3863,65,0,0,1,0,-1,301,0,241
mb_cap,1,3864,65,1,0,0,0,1,302,0,241
mb_cap,1,3865,65,0,0,1,0,-1,301,0,241
mb_cap,1,3866,65,0,0,0,0,0,301,0,241
mb_cap,1,3867,65,1,0,1,0,0,301,0,241
mb_cap,1,3868,65,2,0,0,1,2,303,-1,240
mb_cap,1,3869,65,0,0,1,0,-1,302,0,240
mb_cap,1,3870,65,0,0,0,0,0,302,0,240
mb_cap,1,3871,65,0,0,1,0,-1,301,0,240
mb_cap,1,3872,65,2,0,0,0,2,303,0,240
mb_cap,1,3873,65,0,0,1,0,-1,302,0,240
mb_cap,1,3874,65,0,0,0,1,0,302,-1,239
mb_cap,1,3875,65,0,0,1,0,-1,301,0,239
mb_cap,1,3876,65,1,0,0,1,1,302,-1,238
mb_cap,1,3877,65,0,0,1,0,-1,301,0,238
mb_cap,1,3878,65,0,0,0,0,0,301,0,238
mb_cap,1,3879,65,1,0,1,0,0,301,0,238
mb_cap,1,3880,65,2,0,0,0,2,303,0,238
mb_cap,1,3881,65,0,0,1,0,-1,302,0,238
mb_cap,1,3882,65,0,0,0,0,0,302,0,238
mb_cap,1,3883,65,0,0,1,0,-1,301,0,238
mb_cap,1,3884,65,2,0,0,0,2,303,0,238
mb_cap,1,3885,65,1,4,1,4,0,303,0,238
mb_cap,1,3886,65,1,2,1,2,0,303,0,238
mb_cap,1,3887,65,0,0,1,0,-1,302,0,238
mb_cap,1,3888,65,1,1,0,0,1,303,1,239
mb_cap,1,3889,65,0,0,1,0,-1,302,0,239
mb_cap,1,3890,65,0,0,2,0,-2,300,0,239
mb_cap,1,3891,65,3,0,3,0,0,300,0,239
mb_cap,1,3892,65,3,2,0,2,3,303,0,239
mb_cap,1,3893,65,0,0,1,0,-1,302,0,239
mb_cap,1,3894,65,0,0,1,0,-1,301,0,239
mb_cap,1,3895,65,1,1,0,2,1,302,-1,238
mb_cap,1,3896,65,1,0,1,0,0,302,0,238
mb_cap,1,3897,65,0,0,0,0,0,302,0,238
mb_cap,1,3898,65,0,1,1,0,-1,301,1,239
mb_cap,1,3899,65,0,0,0,0,0,301,0,239
mb_cap,1,3900,65,3,0,0,0,3,304,0,239
mb_cap,1,3901,66,0,0,0,0,0,304,0,239
mb_cap,1,3902,66,1,1,0,2,1,305,-1,238
mb_cap,1,3903,66,0,0,2,0,-2,303,0,238
mb_cap,1,3904,66,2,0,0,0,2,305,0,238
mb_cap,1,3905,66,0,0,1,0,-1,304,0,238
mb_cap,1,3906,66,2,2,0,1,2,306,1,239
mb_cap,1,3907,66,12,8,1,10,11,317,-2,237
mb_cap,1,3908,66,6,0,1,0,5,322,0,237
mb_cap,1,3909,66,2,1,1,2,1,323,-1,236
mb_cap,1,3910,66,3,4,3,4,0,323,0,236
mb_cap,1,3911,66,0,0,2,0,-2,321,0,236
mb_cap,1,3912,66,2,0,1,0,1,322,0,236
mb_cap,1,3913,66,1,2,1,2,0,322,0,236
mb_cap,1,3914,66,10,3,1,3,9,331,0,236
mb_cap,1,3915,66,2,0,1,0,1,332,0,236
mb_cap,1,3916,66,4,1,2,1,2,334,0,236
mb_cap,1,3917,66,2,2,0,1,2,336,1,237
mb_cap,1,3918,66,1,0,1,0,0,336,0,237
mb_cap,1,3919,66,0,0,0,0,0,336,0,237
mb_cap,1,3920,66,4,2,1,1,3,339,1,238
mb_cap,1,3921,66,0,0,0,0,0,339,0,238
mb_cap,1,3922,66,0,0,2,0,-2,337,0,238
mb_cap,1,3923,66,0,0,0,0,0,337,0,238
mb_cap,1,3924,66,3,4,2,3,1,338,1,239
mb_cap,1,3925,66,3,0,2,0,1,339,0,239
mb_cap,1,3926,66,2,2,0,2,2,341,0,239
mb_cap,1,3927,66,0,0,1,0,-1,340,0,239
mb_cap,1,3928,66,1,0,0,0,1,341,0,239
mb_cap,1,3929,66,0,0,1,0,-1,340,0,239
mb_cap,1,3930,66,1,0,1,0,0,340,0,239
mb_cap,1,3931,66,0,0,1,0,-1,339,0,239
mb_cap,1,3932,66,2,0,0,0,2,341,0,239
mb_cap,1,3933,66,0,0,1,0,-1,340,0,239
mb_cap,1,3934,66,1,0,0,2,1,341,-2,237
mb_cap,1,3935,66,0,0,1,0,-1,340,0,237
mb_cap,1,3936,66,3,0,2,0,1,341,0,237
mb_cap,1,3937,66,0,0,1,0,-1,340,0,237
mb_cap,1,3938,66,0,0,0,0,0,340,0,237
mb_cap,1,3939,66,0,0,1,0,-1,339,0,237
mb_cap,1,3940,66,2,0,0,0,2,341,0,237
mb_cap,1,3941,66,0,0,1,0,-1,340,0,237
mb_cap,1,3942,66,0,0,0,0,0,340,0,237
mb_cap,1,3943,66,0,0,1,0,-1,339,0,237
mb_cap,1,3944,66,2,0,0,0,2,341,0,237
mb_cap,1,3945,66,0,0,1,0,-1,340,0,237
mb_cap,1,3946,66,0,0,0,0,0,340,0,237
mb_cap,1,3947,66,0,0,1,0,-1,339,0,237
mb_cap,1,3948,66,3,0,0,0,3,342,0,237
mb_cap,1,3949,66,1,2,1,2,0,342,0,237
mb_cap,1,3950,66,0,0,1,0,-1,341,0,237
mb_cap,1,3951,66,0,0,1,0,-1,340,0,237
mb_cap,1,3952,66,1,0,0,0,1,341,0,237
mb_cap,1,3953,66,1,1,3,1,-2,339,0,237
mb_cap,1,3954,66,5,1,4,1,1,340,0,237
mb_cap,1,3955,66,1,0,3,0,-2,338,0,237
mb_cap,1,3956,66,2,0,0,0,2,340,0,237
mb_cap,1,3957,66,1,0,1,0,0,340,0,237
mb_cap,1,3958,66,0,0,1,0,-1,339,0,237
mb_cap,1,3959,66,0,0,2,0,-2,337,0,237
mb_cap,1,3960,66,3,0,1,0,2,339,0,237
mb_cap,1,3961,67,1,0,1,0,0,339,0,237
mb_cap,1,3962,67,0,0,0,0,0,339,0,237
mb_cap,1,3963,67,0,0,2,0,-2,337,0,237
mb_cap,1,3964,67,2,2,0,2,2,339,0,237
mb_cap,1,3965,67,1,0,1,0,0,339,0,237
mb_cap,1,3966,67,0,0,0,0,0,339,0,237
mb_cap,1,3967,67,0,3,2,3,-2,337,0,237
mb_cap,1,3968,67,2,0,0,0,2,339,0,237
mb_cap,1,3969,67,0,0,1,0,-1,338,0,237
mb_cap,1,3970,67,1,0,0,0,1,339,0,237
mb_cap,1,3971,67,0,0,1,0,-1,338,0,237
mb_cap,1,3972,67,4,0,1,0,3,341,0,237
mb_cap,1,3973,67,1,2,2,2,-1,340,0,237
mb_cap,1,3974,67,0,0,0,0,0,340,0,237
mb_cap,1,3975,67,0,0,1,0,-1,339,0,237
mb_cap,1,3976,67,2,0,0,0,2,341,0,237
mb_cap,1,3977,67,0,0,1,0,-1,340,0,237
mb_cap,1,3978,67,0,0,0,0,0,340,0,237
mb_cap,1,3979,67,0,0,1,0,-1,339,0,237
mb_cap,1,3980,67,2,0,0,0,2,341,0,237
mb_cap,1,3981,67,0,0,1,0,-1,340,0,237
mb_cap,1,3982,67,0,0,0,0,0,340,0,237
mb_cap,1,3983,67,0,0,1,0,-1,339,0,237
mb_cap,1,3984,67,4,0,2,0,2,341,0,237
mb_cap,1,3985,67,0,5,1,6,-1,340,-1,236
mb_cap,1,3986,67,0,0,0,0,0,340,0,236
mb_cap,1,3987,67,0,0,1,0,-1,339,0,236
mb_cap,1,3988,67,2,0,0,0,2,341,0,236
mb_cap,1,3989,67,1,1,1,2,0,341,-1,235
mb_cap,1,3990,67,0,0,1,0,-1,340,0,235
mb_cap,1,3991,67,1,0,1,0,0,340,0,235
mb_cap,1,3992,67,2,0,1,1,1,341,-1,234
mb_cap,1,3993,67,1,0,3,0,-2,339,0,234
mb_cap,1,3994,67,0,2,0,2,0,339,0,234
mb_cap,1,3995,67,1,4,1,4,0,339,0,234
mb_cap,1,3996,67,6,10,2,9,4,343,1,235
mb_cap,1,3997,67,5,4,1,7,4,347,-3,232
mb_cap,1,3998,67,1,1,0,0,1,348,1,233
mb_cap,1,3999,67,0,0,1,0,-1,347,0,233
mb_cap,1,4000,67,2,0,0,1,2,349,-1,232
mb_cap,1,4001,67,1,0,1,0,0,349,0,232
mb_cap,1,4002,67,0,0,0,0,0,349,0,232
mb_cap,1,4003,67,0,0,1,0,-1,348,0,232
mb_cap,1,4004,67,2,4,18,3,-16,332,1,233
mb_cap,1,4005,67,2,1,2,1,0,332,0,233
mb_cap,1,4006,67,0,0,0,0,0,332,0,233
mb_cap,1,4007,67,1,2,1,2,0,332,0,233
mb_cap,1,4008,67,3,0,1,0,2,334,0,233
mb_cap,1,4009,67,0,4,2,3,-2,332,1,234
mb_cap,1,4010,67,0,0,0,1,0,332,-1,233
mb_cap,1,4011,67,1,0,1,0,0,332,0,233
mb_cap,1,4012,67,2,0,0,0,2,334,0,233
mb_cap,1,4013,67,0,0,2,0,-2,332,0,233
mb_cap,1,4014,67,1,2,0,2,1,333,0,233
mb_cap,1,4015,67,0,0,2,0,-2,331,0,233
mb_cap,1,4016,67,3,0,1,0,2,333,0,233
mb_cap,1,4017,67,0,3,1,4,-1,332,-1,232
mb_cap,1,4018,67,0,0,0,0,0,332,0,232
mb_cap,1,4019,67,1,0,1,0,0,332,0,232
mb_cap,1,4020,67,3,0,1,0,2,334,0,232
mb_cap,1,4021,68,0,0,1,0,-1,333,0,232
mb_cap,1,4022,68,0,1,1,0,-1,332,1,233
mb_cap,1,4023,68,0,0,1,1,-1,331,-1,232
mb_cap,1,4024,68,3,0,0,0,3,334,0,232
mb_cap,1,4025,68,0,0,1,0,-1,333,0,232
mb_cap,1,4026,68,1,6,0,6,1,334,0,232
mb_cap,1,4027,68,0,0,2,1,-2,332,-1,231
mb_cap,1,4028,68,2,0,0,0,2,334,0,231
mb_cap,1,4029,68,0,0,1,0,-1,333,0,231
mb_cap,1,4030,68,1,3,0,3,1,334,0,231
mb_cap,1,4031,68,0,0,1,0,-1,333,0,231
mb_cap,1,4032,68,3,0,1,0,2,335,0,231
mb_cap,1,4033,68,0,0,2,0,-2,333,0,231
mb_cap,1,4034,68,1,0,0,0,1,334,0,231
mb_cap,1,4035,68,0,0,1,0,-1,333,0,231
mb_cap,1,4036,68,2,0,1,0,1,334,0,231
mb_cap,1,4037,68,0,0,1,0,-1,333,0,231
mb_cap,1,4038,68,0,0,0,0,0,333,0,231
mb_cap,1,4039,68,0,0,1,0,-1,332,0,231
mb_cap,1,4040,68,2,0,0,0,2,334,0,231
mb_cap,1,4041,68,1,0,2,0,-1,333,0,231
mb_cap,1,4042,68,0,0,0,0,0,333,0,231
mb_cap,1,4043,68,0,0,1,0,-1,332,0,231
mb_cap,1,4044,68,4,0,1,1,3,335,-1,230
mb_cap,1,4045,68,1,0,2,0,-1,334,0,230
mb_cap,1,4046,68,0,0,1,0,-1,333,0,230
mb_cap,1,4047,68,1,0,2,0,-1,332,0,230
mb_cap,1,4048,68,2,0,0,0,2,334,0,230
mb_cap,1,4049,68,0,0,1,0,-1,333,0,230
mb_cap,1,4050,68,0,0,0,0,0,333,0,230
mb_cap,1,4051,68,0,0,1,0,-1,332,0,230
mb_cap,1,4052,68,3,0,0,0,3,335,0,230
mb_cap,1,4053,68,0,0,1,0,-1,334,0,230
mb_cap,1,4054,68,1,0,0,0,1,335,0,230
mb_cap,1,4055,68,0,0,1,0,-1,334,0,230
mb_cap,1,4056,68,2,0,0,0,2,336,0,230
mb_cap,1,4057,68,0,0,2,0,-2,334,0,230
mb_cap,1,4058,68,0,0,0,0,0,334,0,230
mb_cap,1,4059,68,0,0,2,0,-2,332,0,230
mb_cap,1,4060,68,2,0,0,0,2,334,0,230
mb_cap,1,4061,68,0,3,2,3,-2,332,0,230
mb_cap,1,4062,68,0,0,0,0,0,332,0,230
mb_cap,1,4063,68,0,0,1,0,-1,331,0,230
mb_cap,1,4064,68,2,0,0,0,2,333,0,230
mb_cap,1,4065,68,0,0,1,0,-1,332,0,230
mb_cap,1,4066,68,0,0,0,0,0,332,0,230
mb_cap,1,4067,68,0,0,1,0,-1,331,0,230
mb_cap,1,4068,68,3,0,1,0,2,333,0,230
mb_cap,1,4069,68,3,5,3,5,0,333,0,230
mb_cap,1,4070,68,0,0,1,0,-1,332,0,230
mb_cap,1,4071,68,0,0,1,0,-1,331,0,230
mb_cap,1,4072,68,2,0,0,0,2,333,0,230
mb_cap,1,4073,68,0,0,0,0,0,333,0,230
mb_cap,1,4074,68,0,0,0,0,0,333,0,230
mb_cap,1,4075,68,0,1,2,0,-2,331,1,231
mb_cap,1,4076,68,1,0,0,0,1,332,0,231
mb_cap,1,4077,68,0,0,1,0,-1,331,0,231
mb_cap,1,4078,68,0,0,1,0,-1,330,0,231
mb_cap,1,4079,68,2,0,1,0,1,331,0,231
mb_cap,1,4080,68,1,0,1,0,0,331,0,231
mb_cap,1,4081,69,0,0,0,0,0,331,0,231
mb_cap,1,4082,69,0,0,2,0,-2,329,0,231
mb_cap,1,4083,69,0,0,1,0,-1,328,0,231
mb_cap,1,4084,69,3,0,1,0,2,330,0,231
mb_cap,1,4085,69,0,0,0,0,0,330,0,231
mb_cap,1,4086,69,0,1,0,0,0,330,1,232
mb_cap,1,4087,69,0,0,1,1,-1,329,-1,231
mb_cap,1,4088,69,0,0,0,0,0,329,0,231
mb_cap,1,4089,69,1,5,1,5,0,329,0,231
mb_cap,1,4090,69,1,0,0,0,1,330,0,231
mb_cap,1,4091,69,1,3,2,4,-1,329,-1,230
mb_cap,1,4092,69,2,0,0,0,2,331,0,230
mb_cap,1,4093,69,0,0,2,0,-2,329,0,230
mb_cap,1,4094,69,0,0,0,0,0,329,0,230
mb_cap,1,4095,69,0,0,1,0,-1,328,0,230
mb_cap,1,4096,69,2,0,0,0,2,330,0,230
mb_cap,1,4097,69,0,0,1,0,-1,329,0,230
mb_cap,1,4098,69,0,0,0,0,0,329,0,230
mb_cap,1,4099,69,0,0,1,0,-1,328,0,230
mb_cap,1,4100,69,2,0,0,0,2,330,0,230
mb_cap,1,4101,69,0,0,1,0,-1,329,0,230
mb_cap,1,4102,69,0,0,0,0,0,329,0,230
mb_cap,1,4103,69,1,0,2,0,-1,328,0,230
mb_cap,1,4104,69,2,0,0,0,2,330,0,230
mb_cap,1,4105,69,0,0,1,0,-1,329,0,230
mb_cap,1,4106,69,0,0,1,0,-1,328,0,230
mb_cap,1,4107,69,0,0,1,0,-1,327,0,230
mb_cap,1,4108,69,2,0,0,0,2,329,0,230
mb_cap,1,4109,69,1,4,2,3,-1,328,1,231
mb_cap,1,4110,69,0,0,0,1,0,328,-1,230
mb_cap,1,4111,69,0,0,1,0,-1,327,0,230
mb_cap,1,4112,69,2,0,0,0,2,329,0,230
mb_cap,1,4113,69,0,0,1,0,-1,328,0,230
mb_cap,1,4114,69,0,0,6,0,-6,322,0,230
mb_cap,1,4115,69,1,0,3,0,-2,320,0,230
mb_cap,1,4116,69,2,0,0,0,2,322,0,230
mb_cap,1,4117,69,0,0,1,0,-1,321,0,230
mb_cap,1,4118,69,0,0,0,0,0,321,0,230
mb_cap,1,4119,69,0,0,1,0,-1,320,0,230
mb_cap,1,4120,69,2,0,0,0,2,322,0,230
mb_cap,1,4121,69,0,0,1,0,-1,321,0,230
mb_cap,1,4122,69,0,0,0,0,0,321,0,230
mb_cap,1,4123,69,0,0,1,0,-1,320,0,230
mb_cap,1,4124,69,2,0,0,0,2,322,0,230
mb_cap,1,4125,69,0,0,1,0,-1,321,0,230
mb_cap,1,4126,69,0,0,0,0,0,321,0,230
mb_cap,1,4127,69,1,0,2,0,-1,320,0,230
mb_cap,1,4128,69,1,0,0,0,1,321,0,230
mb_cap,1,4129,69,0,0,2,0,-2,319,0,230
mb_cap,1,4130,69,0,0,0,0,0,319,0,230
mb_cap,1,4131,69,0,4,1,4,-1,318,0,230
mb_cap,1,4132,69,3,0,0,0,3,321,0,230
mb_cap,1,4133,69,0,2,1,2,-1,320,0,230
mb_cap,1,4134,69,1,3,1,2,0,320,1,231
mb_cap,1,4135,69,0,0,0,0,0,320,0,231
mb_cap,1,4136,69,2,0,0,0,2,322,0,231
mb_cap,1,4137,69,1,2,1,1,0,322,1,232
mb_cap,1,4138,69,0,0,1,0,-1,321,0,232
mb_cap,1,4139,69,1,0,2,0,-1,320,0,232
mb_cap,1,4140,69,3,0,1,0,2,322,0,232
mb_cap,1,4141,70,0,0,1,0,-1,321,0,232
mb_cap,1,4142,70,1,0,0,0,1,322,0,232
mb_cap,1,4143,70,0,5,1,4,-1,321,1,233
mb_cap,1,4144,70,2,0,0,0,2,323,0,233
mb_cap,1,4145,70,1,0,1,0,0,323,0,233
mb_cap,1,4146,70,0,4,0,3,0,323,1,234
mb_cap,1,4147,70,0,0,2,1,-2,321,-1,233
mb_cap,1,4148,70,2,0,0,0,2,323,0,233
mb_cap,1,4149,70,0,0,2,0,-2,321,0,233
mb_cap,1,4150,70,2,2,1,2,1,322,0,233
mb_cap,1,4151,70,1,0,2,0,-1,321,0,233
mb_cap,1,4152,70,0,0,0,0,0,321,0,233
mb_cap,1,4153,70,4,0,2,0,2,323,0,233
mb_cap,1,4154,70,0,0,0,0,0,323,0,233
mb_cap,1,4155,70,2,0,1,0,1,324,0,233
mb_cap,1,4156,70,0,0,1,0,-1,323,0,233
mb_cap,1,4157,70,0,0,1,0,-1,322,0,233
mb_cap,1,4158,70,0,0,1,0,-1,321,0,233
mb_cap,1,4159,70,0,0,0,0,0,321,0,233
mb_cap,1,4160,70,0,0,1,0,-1,320,0,233
mb_cap,1,4161,70,3,0,0,0,3,323,0,233
mb_cap,1,4162,70,0,0,1,0,-1,322,0,233
mb_cap,1,4163,70,0,0,1,0,-1,321,0,233
mb_cap,1,4164,70,0,0,1,0,-1,320,0,233
mb_cap,1,4165,70,3,0,0,0,3,323,0,233
mb_cap,1,4166,70,0,0,2,0,-2,321,0,233
mb_cap,1,4167,70,0,0,0,0,0,321,0,233
mb_cap,1,4168,70,0,0,1,1,-1,320,-1,232
mb_cap,1,4169,70,1,0,0,0,1,321,0,232
mb_cap,1,4170,70,0,0,0,0,0,321,0,232
mb_cap,1,4171,70,0,0,0,0,0,321,0,232
mb_cap,1,4172,70,1,0,2,0,-1,320,0,232
mb_cap,1,4173,70,3,0,0,0,3,323,0,232
mb_cap,1,4174,70,1,2,1,1,0,323,1,233
mb_cap,1,4175,70,0,0,1,0,-1,322,0,233
mb_cap,1,4176,70,0,0,0,0,0,322,0,233
mb_cap,1,4177,70,2,0,1,0,1,323,0,233
mb_cap,1,4178,70,0,0,0,0,0,323,0,233
mb_cap,1,4179,70,0,0,1,0,-1,322,0,233
mb_cap,1,4180,70,0,0,0,0,0,322,0,233
mb_cap,1,4181,70,2,0,1,0,1,323,0,233
mb_cap,1,4182,70,0,0,0,0,0,323,0,233
mb_cap,1,4183,70,0,0,1,0,-1,322,0,233
mb_cap,1,4184,70,0,0,0,0,0,322,0,233
mb_cap,1,4185,70,3,0,2,0,1,323,0,233
mb_cap,1,4186,70,0,0,0,0,0,323,0,233
mb_cap,1,4187,70,0,0,1,0,-1,322,0,233
mb_cap,1,4188,70,0,0,0,0,0,322,0,233
mb_cap,1,4189,70,2,0,1,0,1,323,0,233
mb_cap,1,4190,70,0,0,0,0,0,323,0,233
mb_cap,1,4191,70,0,0,1,0,-1,322,0,233
mb_cap,1,4192,70,0,0,0,0,0,322,0,233
mb_cap,1,4193,70,2,0,1,0,1,323,0,233
mb_cap,1,4194,70,0,0,0,0,0,323,0,233
mb_cap,1,4195,70,0,0,1,0,-1,322,0,233
mb_cap,1,4196,70,0,0,0,0,0,322,0,233
mb_cap,1,4197,70,2,0,2,0,0,322,0,233
mb_cap,1,4198,70,0,1,0,0,0,322,1,234
mb_cap,1,4199,70,0,0,1,1,-1,321,-1,233
mb_cap,1,4200,70,0,0,0,0,0,321,0,233
mb_cap,1,4201,71,2,0,1,0,1,322,0,233
mb_cap,1,4202,71,0,0,0,0,0,322,0,233
mb_cap,1,4203,71,0,0,2,0,-2,320,0,233
mb_cap,1,4204,71,0,0,0,0,0,320,0,233
mb_cap,1,4205,71,3,0,1,0,2,322,0,233
mb_cap,1,4206,71,0,0,0,0,0,322,0,233
mb_cap,1,4207,71,0,0,0,0,0,322,0,233
mb_cap,1,4208,71,0,0,1,0,-1,321,0,233
mb_cap,1,4209,71,1,0,1,0,0,321,0,233
mb_cap,1,4210,71,4,0,2,0,2,323,0,233
mb_cap,1,4211,71,0,0,0,0,0,323,0,233
mb_cap,1,4212,71,0,0,1,0,-1,322,0,233
mb_cap,1,4213,71,0,3,1,4,-1,321,-1,232
mb_cap,1,4214,71,0,0,1,0,-1,320,0,232
mb_cap,1,4215,71,0,0,0,0,0,320,0,232
mb_cap,1,4216,71,0,0,2,0,-2,318,0,232
mb_cap,1,4217,71,2,0,0,0,2,320,0,232
mb_cap,1,4218,71,0,0,2,0,-2,318,0,232
mb_cap,1,4219,71,0,0,0,0,0,318,0,232
mb_cap,1,4220,71,1,0,2,0,-1,317,0,232
mb_cap,1,4221,71,2,0,0,0,2,319,0,232
mb_cap,1,4222,71,0,0,1,0,-1,318,0,232
mb_cap,1,4223,71,0,0,0,0,0,318,0,232
mb_cap,1,4224,71,0,0,1,0,-1,317,0,232
mb_cap,1,4225,71,4,2,0,2,4,321,0,232
mb_cap,1,4226,71,0,0,0,0,0,321,0,232
mb_cap,1,4227,71,0,0,0,0,0,321,0,232
mb_cap,1,4228,71,0,0,1,0,-1,320,0,232
mb_cap,1,4229,71,3,0,1,0,2,322,0,232
mb_cap,1,4230,71,0,0,1,0,-1,321,0,232
mb_cap,1,4231,71,0,0,0,0,0,321,0,232
mb_cap,1,4232,71,1,0,2,0,-1,320,0,232
mb_cap,1,4233,71,2,0,0,0,2,322,0,232
mb_cap,1,4234,71,0,1,2,1,-2,320,0,232
mb_cap,1,4235,71,3,0,0,0,3,323,0,232
mb_cap,1,4236,71,0,0,1,0,-1,322,0,232
mb_cap,1,4237,71,0,0,0,0,0,322,0,232
mb_cap,1,4238,71,0,0,1,0,-1,321,0,232
mb_cap,1,4239,71,2,0,0,0,2,323,0,232
mb_cap,1,4240,71,0,0,1,0,-1,322,0,232
mb_cap,1,4241,71,0,0,0,0,0,322,0,232
mb_cap,1,4242,71,0,0,1,0,-1,321,0,232
mb_cap,1,4243,71,1,0,0,0,1,322,0,232
mb_cap,1,4244,71,0,0,2,0,-2,320,0,232
mb_cap,1,4245,71,2,0,0,0,2,322,0,232
mb_cap,1,4246,71,0,0,1,0,-1,321,0,232
mb_cap,1,4247,71,0,0,0,0,0,321,0,232
mb_cap,1,4248,71,0,0,1,0,-1,320,0,232
mb_cap,1,4249,71,2,0,0,0,2,322,0,232
mb_cap,1,4250,71,0,0,1,0,-1,321,0,232
mb_cap,1,4251,71,1,1,0,1,1,322,0,232
mb_cap,1,4252,71,0,0,1,0,-1,321,0,232
mb_cap,1,4253,71,4,0,1,0,3,324,0,232
mb_cap,1,4254,71,3,2,5,1,-2,322,1,233
mb_cap,1,4255,71,2,0,2,0,0,322,0,233
mb_cap,1,4256,71,0,0,1,0,-1,321,0,233
mb_cap,1,4257,71,2,0,0,0,2,323,0,233
mb_cap,1,4258,71,0,0,1,0,-1,322,0,233
mb_cap,1,4259,71,0,0,0,0,0,322,0,233
mb_cap,1,4260,71,0,0,1,0,-1,321,0,233
mb_cap,1,4261,72,2,0,0,0,2,323,0,233
mb_cap,1,4262,72,1,2,1,2,0,323,0,233
mb_cap,1,4263,72,0,0,1,0,-1,322,0,233
mb_cap,1,4264,72,0,0,1,0,-1,321,0,233
mb_cap,1,4265,72,3,4,1,3,2,323,1,234
mb_cap,1,4266,72,0,3,2,3,-2,321,0,234
mb_cap,1,4267,72,2,0,0,1,2,323,-1,233
mb_cap,1,4268,72,0,0,1,0,-1,322,0,233
mb_cap,1,4269,72,0,0,0,0,0,322,0,233
mb_cap,1,4270,72,2,5,2,7,0,322,-2,231
mb_cap,1,4271,72,2,0,1,0,1,323,0,231
mb_cap,1,4272,72,0,0,1,0,-1,322,0,231
mb_cap,1,4273,72,0,0,1,0,-1,321,0,231
mb_cap,1,4274,72,0,0,1,0,-1,320,0,231
mb_cap,1,4275,72,1,0,0,0,1,321,0,231
mb_cap,1,4276,72,1,14,1,8,0,321,6,237
mb_cap,1,4277,72,1,0,1,4,0,321,-4,233
mb_cap,1,4278,72,0,0,1,0,-1,320,0,233
mb_cap,1,4279,72,2,0,0,0,2,322,0,233
mb_cap,1,4280,72,0,0,1,0,-1,321,0,233
mb_cap,1,4281,72,0,0,0,0,0,321,0,233
mb_cap,1,4282,72,0,0,1,0,-1,320,0,233
mb_cap,1,4283,72,2,0,0,0,2,322,0,233
mb_cap,1,4284,72,0,0,1,0,-1,321,0,233
mb_cap,1,4285,72,0,0,0,0,0,321,0,233
mb_cap,1,4286,72,0,0,1,0,-1,320,0,233
mb_cap,1,4287,72,2,0,0,0,2,322,0,233
mb_cap,1,4288,72,0,0,2,0,-2,320,0,233
mb_cap,1,4289,72,2,0,0,0,2,322,0,233
mb_cap,1,4290,72,0,0,2,1,-2,320,-1,232
mb_cap,1,4291,72,0,1,0,4,0,320,-3,229
mb_cap,1,4292,72,2,0,2,2,0,320,-2,227
mb_cap,1,4293,72,0,0,0,0,0,320,0,227
mb_cap,1,4294,72,0,0,1,0,-1,319,0,227
mb_cap,1,4295,72,0,0,0,0,0,319,0,227
mb_cap,1,4296,72,2,0,1,0,1,320,0,227
mb_cap,1,4297,72,0,0,1,0,-1,319,0,227
mb_cap,1,4298,72,0,0,0,0,0,319,0,227
mb_cap,1,4299,72,1,0,2,0,-1,318,0,227
mb_cap,1,4300,72,2,0,0,0,2,320,0,227
mb_cap,1,4301,72,0,0,1,0,-1,319,0,227
mb_cap,1,4302,72,0,0,0,0,0,319,0,227
mb_cap,1,4303,72,0,0,1,0,-1,318,0,227
mb_cap,1,4304,72,2,0,0,0,2,320,0,227
mb_cap,1,4305,72,0,0,1,0,-1,319,0,227
mb_cap,1,4306,72,0,0,0,0,0,319,0,227
mb_cap,1,4307,72,0,0,1,0,-1,318,0,227
mb_cap,1,4308,72,2,0,0,0,2,320,0,227
mb_cap,1,4309,72,0,0,1,0,-1,319,0,227
mb_cap,1,4310,72,0,0,0,0,0,319,0,227
mb_cap,1,4311,72,1,0,2,0,-1,318,0,227
mb_cap,1,4312,72,2,0,0,0,2,320,0,227
mb_cap,1,4313,72,0,0,1,0,-1,319,0,227
mb_cap,1,4314,72,0,0,0,0,0,319,0,227
mb_cap,1,4315,72,0,0,1,0,-1,318,0,227
mb_cap,1,4316,72,2,0,0,0,2,320,0,227
mb_cap,1,4317,72,0,0,1,0,-1,319,0,227
mb_cap,1,4318,72,0,0,0,0,0,319,0,227
mb_cap,1,4319,72,0,0,0,0,0,319,0,227
mb_cap,1,4320,72,2,1,0,0,2,321,1,228
mb_cap,1,4321,73,0,0,2,1,-2,319,-1,227
mb_cap,1,4322,73,1,2,0,5,1,320,-3,224
mb_cap,1,4323,73,1,0,2,0,-1,319,0,224
mb_cap,1,4324,73,3,0,1,0,2,321,0,224
mb_cap,1,4325,73,1,1,1,2,0,321,-1,223
mb_cap,1,4326,73,0,0,0,0,0,321,0,223
mb_cap,1,4327,73,0,0,2,0,-2,319,0,223
mb_cap,1,4328,73,3,0,1,0,2,321,0,223
mb_cap,1,4329,73,0,0,2,0,-2,319,0,223
mb_cap,1,4330,73,1,0,0,0,1,320,0,223
mb_cap,1,4331,73,0,0,1,0,-1,319,0,223
mb_cap,1,4332,73,2,0,0,0,2,321,0,223
mb_cap,1,4333,73,0,0,2,0,-2,319,0,223
mb_cap,1,4334,73,0,0,1,0,-1,318,0,223
mb_cap,1,4335,73,1,0,2,0,-1,317,0,223
mb_cap,1,4336,73,2,0,0,0,2,319,0,223
mb_cap,1,4337,73,0,0,1,0,-1,318,0,223
mb_cap,1,4338,73,0,0,0,0,0,318,0,223
mb_cap,1,4339,73,0,0,1,0,-1,317,0,223
mb_cap,1,4340,73,2,0,0,0,2,319,0,223
mb_cap,1,4341,73,0,0,1,0,-1,318,0,223
mb_cap,1,4342,73,0,0,0,0,0,318,0,223
mb_cap,1,4343,73,0,2,1,2,-1,317,0,223
mb_cap,1,4344,73,2,2,0,1,2,319,1,224
mb_cap,1,4345,73,0,0,1,0,-1,318,0,224
mb_cap,1,4346,73,0,0,0,0,0,318,0,224
mb_cap,1,4347,73,1,0,2,1,-1,317,-1,223
mb_cap,1,4348,73,2,0,0,0,2,319,0,223
mb_cap,1,4349,73,0,0,1,0,-1,318,0,223
mb_cap,1,4350,73,0,0,0,0,0,318,0,223
mb_cap,1,4351,73,0,0,1,0,-1,317,0,223
mb_cap,1,4352,73,2,0,0,0,2,319,0,223
mb_cap,1,4353,73,0,0,1,0,-1,318,0,223
mb_cap,1,4354,73,0,0,0,0,0,318,0,223
mb_cap,1,4355,73,0,0,1,0,-1,317,0,223
mb_cap,1,4356,73,2,0,0,0,2,319,0,223
mb_cap,1,4357,73,0,0,1,0,-1,318,0,223
mb_cap,1,4358,73,0,0,0,0,0,318,0,223
mb_cap,1,4359,73,2,0,3,0,-1,317,0,223
mb_cap,1,4360,73,2,0,0,0,2,319,0,223
mb_cap,1,4361,73,0,0,1,0,-1,318,0,223
mb_cap,1,4362,73,0,0,1,0,-1,317,0,223
mb_cap,1,4363,73,0,0,1,0,-1,316,0,223
mb_cap,1,4364,73,2,0,0,0,2,318,0,223
mb_cap,1,4365,73,0,0,1,0,-1,317,0,223
mb_cap,1,4366,73,0,0,0,0,0,317,0,223
mb_cap,1,4367,73,0,0,1,0,-1,316,0,223
mb_cap,1,4368,73,1,0,0,0,1,317,0,223
mb_cap,1,4369,73,3,5,3,6,0,317,-1,222
mb_cap,1,4370,73,0,0,0,0,0,317,0,222
mb_cap,1,4371,73,1,0,2,0,-1,316,0,222
mb_cap,1,4372,73,2,0,0,0,2,318,0,222
mb_cap,1,4373,73,0,0,0,0,0,318,0,222
mb_cap,1,4374,73,0,0,2,0,-2,316,0,222
mb_cap,1,4375,73,0,0,0,0,0,316,0,222
mb_cap,1,4376,73,1,0,1,0,0,316,0,222
mb_cap,1,4377,73,0,0,0,0,0,316,0,222
mb_cap,1,4378,73,0,0,1,0,-1,315,0,222
mb_cap,1,4379,73,0,0,0,0,0,315,0,222
mb_cap,1,4380,73,3,0,1,0,2,317,0,222
mb_cap,1,4381,74,0,0,0,0,0,317,0,222
mb_cap,1,4382,74,0,0,1,0,-1,316,0,222
mb_cap,1,4383,74,0,0,1,0,-1,315,0,222
mb_cap,1,4384,74,2,1,0,2,2,317,-1,221
mb_cap,1,4385,74,1,0,1,0,0,317,0,221
mb_cap,1,4386,74,0,0,0,0,0,317,0,221
mb_cap,1,4387,74,1,2,3,2,-2,315,0,221
mb_cap,1,4388,74,2,0,0,0,2,317,0,221
mb_cap,1,4389,74,0,0,1,0,-1,316,0,221
mb_cap,1,4390,74,1,3,1,3,0,316,0,221
mb_cap,1,4391,74,3,1,1,0,2,318,1,222
mb_cap,1,4392,74,0,0,0,0,0,318,0,222
mb_cap,1,4393,74,0,0,2,0,-2,316,0,222
mb_cap,1,4394,74,0,0,1,0,-1,315,0,222
mb_cap,1,4395,74,0,0,0,0,0,315,0,222
mb_cap,1,4396,74,3,0,2,0,1,316,0,222
mb_cap,1,4397,74,0,0,0,0,0,316,0,222
mb_cap,1,4398,74,0,0,0,0,0,316,0,222
mb_cap,1,4399,74,0,0,1,0,-1,315,0,222
mb_cap,1,4400,74,0,0,0,0,0,315,0,222
mb_cap,1,4401,74,1,0,1,0,0,315,0,222
mb_cap,1,4402,74,0,0,0,0,0,315,0,222
mb_cap,1,4403,74,0,0,1,0,-1,314,0,222
mb_cap,1,4404,74,2,0,1,0,1,315,0,222
mb_cap,1,4405,74,0,0,1,0,-1,314,0,222
mb_cap,1,4406,74,0,0,0,0,0,314,0,222
mb_cap,1,4407,74,0,0,1,0,-1,313,0,222
mb_cap,1,4408,74,2,0,0,0,2,315,0,222
mb_cap,1,4409,74,0,0,1,0,-1,314,0,222
mb_cap,1,4410,74,0,0,0,0,0,314,0,222
mb_cap,1,4411,74,0,0,1,0,-1,313,0,222
mb_cap,1,4412,74,2,0,0,0,2,315,0,222
mb_cap,1,4413,74,1,2,1,1,0,315,1,223
mb_cap,1,4414,74,0,0,0,0,0,315,0,223
mb_cap,1,4415,74,0,0,1,0,-1,314,0,223
mb_cap,1,4416,74,2,0,1,0,1,315,0,223
mb_cap,1,4417,74,0,0,1,0,-1,314,0,223
mb_cap,1,4418,74,0,0,0,0,0,314,0,223
mb_cap,1,4419,74,3,4,1,5,2,316,-1,222
mb_cap,1,4420,74,5,3,1,2,4,320,1,223
mb_cap,1,4421,74,9,9,2,10,7,327,-1,222
mb_cap,1,4422,74,7,5,2,6,5,332,-1,221
mb_cap,1,4423,74,5,3,3,2,2,334,1,222
mb_cap,1,4424,74,2,0,0,0,2,336,0,222
mb_cap,1,4425,74,1,2,1,1,0,336,1,223
mb_cap,1,4426,74,1,0,1,0,0,336,0,223
mb_cap,1,4427,74,1,0,1,0,0,336,0,223
mb_cap,1,4428,74,7,2,1,1,6,342,1,224
mb_cap,1,4429,74,6,3,2,2,4,346,1,225
mb_cap,1,4430,74,0,0,1,0,-1,345,0,225
mb_cap,1,4431,74,0,0,2,0,-2,343,0,225
mb_cap,1,4432,74,4,2,1,3,3,346,-1,224
mb_cap,1,4433,74,7,3,5,3,2,348,0,224
mb_cap,1,4434,74,0,0,1,0,-1,347,0,224
mb_cap,1,4435,74,1,1,2,0,-1,346,1,225
mb_cap,1,4436,74,1,0,2,0,-1,345,0,225
mb_cap,1,4437,74,2,0,2,0,0,345,0,225
mb_cap,1,4438,74,1,1,0,1,1,346,0,225
mb_cap,1,4439,74,0,0,3,0,-3,343,0,225
mb_cap,1,4440,74,0,0,1,0,-1,342,0,225
mb_cap,1,4441,75,3,0,1,0,2,344,0,225
mb_cap,1,4442,75,1,1,0,1,1,345,0,225
mb_cap,1,4443,75,0,4,4,3,-4,341,1,226
mb_cap,1,4444,75,2,2,1,2,1,342,0,226
mb_cap,1,4445,75,1,2,1,2,0,342,0,226
mb_cap,1,4446,75,0,0,1,0,-1,341,0,226
mb_cap,1,4447,75,0,0,2,0,-2,339,0,226
mb_cap,1,4448,75,0,0,1,0,-1,338,0,226
mb_cap,1,4449,75,3,0,0,0,3,341,0,226
mb_cap,1,4450,75,2,0,2,0,0,341,0,226
mb_cap,1,4451,75,0,0,2,0,-2,339,0,226
mb_cap,1,4452,75,0,0,2,0,-2,337,0,226
mb_cap,1,4453,75,2,0,1,0,1,338,0,226
mb_cap,1,4454,75,0,0,0,0,0,338,0,226
mb_cap,1,4455,75,0,0,1,0,-1,337,0,226
mb_cap,1,4456,75,0,0,0,0,0,337,0,226
mb_cap,1,4457,75,1,0,1,0,0,337,0,226
mb_cap,1,4458,75,0,0,0,0,0,337,0,226
mb_cap,1,4459,75,0,0,1,0,-1,336,0,226
mb_cap,1,4460,75,0,0,0,0,0,336,0,226
mb_cap,1,4461,75,0,7,0,6,0,336,1,227
mb_cap,1,4462,75,3,0,1,0,2,338,0,227
mb_cap,1,4463,75,0,0,0,0,0,338,0,227
mb_cap,1,4464,75,1,3,0,4,1,339,-1,226
mb_cap,1,4465,75,3,7,1,8,2,341,-1,225
mb_cap,1,4466,75,1,2,1,2,0,341,0,225
mb_cap,1,4467,75,3,3,2,3,1,342,0,225
mb_cap,1,4468,75,3,2,6,3,-3,339,-1,224
mb_cap,1,4469,75,1,1,1,1,0,339,0,224
mb_cap,1,4470,75,3,0,0,0,3,342,0,224
mb_cap,1,4471,75,0,0,2,0,-2,340,0,224
mb_cap,1,4472,75,0,0,0,0,0,340,0,224
mb_cap,1,4473,75,0,0,2,0,-2,338,0,224
mb_cap,1,4474,75,3,0,0,0,3,341,0,224
mb_cap,1,4475,75,0,0,1,0,-1,340,0,224
mb_cap,1,4476,75,1,0,0,0,1,341,0,224
mb_cap,1,4477,75,0,0,1,0,-1,340,0,224
mb_cap,1,4478,75,1,0,0,0,1,341,0,224
mb_cap,1,4479,75,0,0,2,0,-2,339,0,224
mb_cap,1,4480,75,2,7,0,7,2,341,0,224
mb_cap,1,4481,75,2,2,4,3,-2,339,-1,223
mb_cap,1,4482,75,6,2,0,3,6,345,-1,222
mb_cap,1,4483,75,0,0,2,0,-2,343,0,222
mb_cap,1,4484,75,0,0,0,0,0,343,0,222
mb_cap,1,4485,75,0,0,2,0,-2,341,0,222
mb_cap,1,4486,75,3,0,0,0,3,344,0,222
mb_cap,1,4487,75,0,0,1,0,-1,343,0,222
mb_cap,1,4488,75,1,0,0,0,1,344,0,222
mb_cap,1,4489,75,0,0,1,0,-1,343,0,222
mb_cap,1,4490,75,1,0,0,0,1,344,0,222
mb_cap,1,4491,75,0,0,2,0,-2,342,0,222
mb_cap,1,4492,75,0,0,0,0,0,342,0,222
mb_cap,1,4493,75,1,0,1,0,0,342,0,222
mb_cap,1,4494,75,4,0,0,0,4,346,0,222
mb_cap,1,4495,75,0,0,1,0,-1,345,0,222
mb_cap,1,4496,75,0,0,0,0,0,345,0,222
mb_cap,1,4497,75,0,0,2,0,-2,343,0,222
mb_cap,1,4498,75,1,1,0,0,1,344,1,223
mb_cap,1,4499,75,0,0,1,1,-1,343,-1,222
mb_cap,1,4500,75,1,0,0,0,1,344,0,222
mb_cap,1,4501,76,0,0,1,0,-1,343,0,222
mb_cap,1,4502,76,2,0,0,0,2,345,0,222
mb_cap,1,4503,76,0,0,2,0,-2,343,0,222
mb_cap,1,4504,76,0,0,0,0,0,343,0,222
mb_cap,1,4505,76,0,0,2,0,-2,341,0,222
mb_cap,1,4506,76,4,4,0,3,4,345,1,223
mb_cap,1,4507,76,0,0,1,1,-1,344,-1,222
mb_cap,1,4508,76,1,2,0,2,1,345,0,222
mb_cap,1,4509,76,1,2,2,2,-1,344,0,222
mb_cap,1,4510,76,1,0,0,0,1,345,0,222
mb_cap,1,4511,76,1,2,1,2,0,345,0,222
mb_cap,1,4512,76,1,0,1,0,0,345,0,222
mb_cap,1,4513,76,0,0,1,0,-1,344,0,222
mb_cap,1,4514,76,4,0,10,0,-6,338,0,222
mb_cap,1,4515,76,0,0,2,0,-2,336,0,222
mb_cap,1,4516,76,0,0,1,0,-1,335,0,222
mb_cap,1,4517,76,0,0,1,0,-1,334,0,222
mb_cap,1,4518,76,4,0,0,0,4,338,0,222
mb_cap,1,4519,76,0,0,1,0,-1,337,0,222
mb_cap,1,4520,76,0,0,0,0,0,337,0,222
mb_cap,1,4521,76,0,0,2,0,-2,335,0,222
mb_cap,1,4522,76,1,0,0,0,1,336,0,222
mb_cap,1,4523,76,1,2,0,2,1,337,0,222
mb_cap,1,4524,76,2,1,1,1,1,338,0,222
mb_cap,1,4525,76,0,0,2,0,-2,336,0,222
mb_cap,1,4526,76,3,0,0,0,3,339,0,222
mb_cap,1,4527,76,0,0,3,0,-3,336,0,222
mb_cap,1,4528,76,0,0,0,0,0,336,0,222
mb_cap,1,4529,76,1,0,1,0,0,336,0,222
mb_cap,1,4530,76,2,0,0,0,2,338,0,222
mb_cap,1,4531,76,0,0,2,0,-2,336,0,222
mb_cap,1,4532,76,0,0,1,0,-1,335,0,222
mb_cap,1,4533,76,0,0,1,0,-1,334,0,222
mb_cap,1,4534,76,1,0,0,0,1,335,0,222
mb_cap,1,4535,76,0,0,1,0,-1,334,0,222
mb_cap,1,4536,76,0,0,1,0,-1,333,0,222
mb_cap,1,4537,76,0,0,1,0,-1,332,0,222
mb_cap,1,4538,76,4,0,1,0,3,335,0,222
mb_cap,1,4539,76,0,0,1,0,-1,334,0,222
mb_cap,1,4540,76,0,2,0,2,0,334,0,222
mb_cap,1,4541,76,1,0,2,0,-1,333,0,222
mb_cap,1,4542,76,2,0,1,0,1,334,0,222
mb_cap,1,4543,76,0,0,2,0,-2,332,0,222
mb_cap,1,4544,76,0,0,0,0,0,332,0,222
mb_cap,1,4545,76,1,0,2,0,-1,331,0,222
mb_cap,1,4546,76,2,0,0,0,2,333,0,222
mb_cap,1,4547,76,0,0,1,0,-1,332,0,222
mb_cap,1,4548,76,0,0,0,0,0,332,0,222
mb_cap,1,4549,76,0,0,1,0,-1,331,0,222
mb_cap,1,4550,76,2,0,1,0,1,332,0,222
mb_cap,1,4551,76,0,0,1,0,-1,331,0,222
mb_cap,1,4552,76,0,0,0,0,0,331,0,222
mb_cap,1,4553,76,2,0,2,0,0,331,0,222
mb_cap,1,4554,76,7,2,5,2,2,333,0,222
mb_cap,1,4555,76,0,0,2,0,-2,331,0,222
mb_cap,1,4556,76,0,0,0,0,0,331,0,222
mb_cap,1,4557,76,0,0,1,0,-1,330,0,222
mb_cap,1,4558,76,1,0,0,0,1,331,0,222
mb_cap,1,4559,76,0,0,1,0,-1,330,0,222
mb_cap,1,4560,76,0,0,1,0,-1,329,0,222
mb_cap,1,4561,77,1,0,2,0,-1,328,0,222
mb_cap,1,4562,77,3,0,0,0,3,331,0,222
mb_cap,1,4563,77,0,0,1,0,-1,330,0,222
mb_cap,1,4564,77,0,0,0,0,0,330,0,222
mb_cap,1,4565,77,0,5,1,4,-1,329,1,223
mb_cap,1,4566,77,1,1,0,0,1,330,1,224
mb_cap,1,4567,77,0,0,1,1,-1,329,-1,223
mb_cap,1,4568,77,0,0,0,0,0,329,0,223
mb_cap,1,4569,77,0,0,1,0,-1,328,0,223
mb_cap,1,4570,77,4,4,0,4,4,332,0,223
mb_cap,1,4571,77,0,0,1,0,-1,331,0,223
mb_cap,1,4572,77,0,0,0,0,0,331,0,223
mb_cap,1,4573,77,1,2,3,3,-2,329,-1,222
mb_cap,1,4574,77,3,0,0,0,3,332,0,222
mb_cap,1,4575,77,0,0,1,0,-1,331,0,222
mb_cap,1,4576,77,0,0,1,0,-1,330,0,222
mb_cap,1,4577,77,0,0,1,0,-1,329,0,222
mb_cap,1,4578,77,3,0,0,0,3,332,0,222
mb_cap,1,4579,77,0,0,1,0,-1,331,0,222
mb_cap,1,4580,77,0,0,0,0,0,331,0,222
mb_cap,1,4581,77,0,0,1,0,-1,330,0,222
mb_cap,1,4582,77,1,0,0,0,1,331,0,222
mb_cap,1,4583,77,0,0,1,0,-1,330,0,222
mb_cap,1,4584,77,0,0,1,0,-1,329,0,222
mb_cap,1,4585,77,2,0,1,0,1,330,0,222
mb_cap,1,4586,77,1,0,0,0,1,331,0,222
mb_cap,1,4587,77,0,0,0,0,0,331,0,222
mb_cap,1,4588,77,0,0,1,0,-1,330,0,222
mb_cap,1,4589,77,0,0,0,0,0,330,0,222
mb_cap,1,4590,77,1,0,1,0,0,330,0,222
mb_cap,1,4591,77,0,0,0,1,0,330,-1,221
mb_cap,1,4592,77,0,0,1,0,-1,329,0,221
mb_cap,1,4593,77,0,0,0,0,0,329,0,221
mb_cap,1,4594,77,2,0,1,0,1,330,0,221
mb_cap,1,4595,77,0,0,2,0,-2,328,0,221
mb_cap,1,4596,77,0,0,1,0,-1,327,0,221
mb_cap,1,4597,77,0,0,0,0,0,327,0,221
mb_cap,1,4598,77,4,0,1,0,3,330,0,221
mb_cap,1,4599,77,0,0,0,0,0,330,0,221
mb_cap,1,4600,77,0,0,0,0,0,330,0,221
mb_cap,1,4601,77,0,0,1,0,-1,329,0,221
mb_cap,1,4602,77,0,0,0,0,0,329,0,221
mb_cap,1,4603,77,0,0,0,0,0,329,0,221
mb_cap,1,4604,77,0,0,0,0,0,329,0,221
mb_cap,1,4605,77,0,0,1,0,-1,328,0,221
mb_cap,1,4606,77,3,0,1,0,2,330,0,221
mb_cap,1,4607,77,0,0,2,0,-2,328,0,221
mb_cap,1,4608,77,0,0,0,0,0,328,0,221
mb_cap,1,4609,77,0,0,1,0,-1,327,0,221
mb_cap,1,4610,77,2,0,0,0,2,329,0,221
mb_cap,1,4611,77,0,0,1,0,-1,328,0,221
mb_cap,1,4612,77,0,0,0,0,0,328,0,221
mb_cap,1,4613,77,0,0,1,0,-1,327,0,221
mb_cap,1,4614,77,1,0,0,0,1,328,0,221
mb_cap,1,4615,77,0,0,1,0,-1,327,0,221
mb_cap,1,4616,77,0,0,0,0,0,327,0,221
mb_cap,1,4617,77,0,0,1,0,-1,326,0,221
mb_cap,1,4618,77,3,0,1,0,2,328,0,221
mb_cap,1,4619,77,0,0,1,0,-1,327,0,221
mb_cap,1,4620,77,0,0,0,0,0,327,0,221
mb_cap,1,4621,78,0,1,1,1,-1,326,0,221
mb_cap,1,4622,78,2,0,0,0,2,328,0,221
mb_cap,1,4623,78,0,0,1,0,-1,327,0,221
mb_cap,1,4624,78,0,0,0,0,0,327,0,221
mb_cap,1,4625,78,0,0,1,0,-1,326,0,221
mb_cap,1,4626,78,2,0,0,0,2,328,0,221
mb_cap,1,4627,78,0,0,1,0,-1,327,0,221
mb_cap,1,4628,78,0,0,0,0,0,327,0,221
mb_cap,1,4629,78,1,0,1,0,0,327,0,221
mb_cap,1,4630,78,4,0,1,0,3,330,0,221
mb_cap,1,4631,78,0,0,1,0,-1,329,0,221
mb_cap,1,4632,78,0,0,1,0,-1,328,0,221
mb_cap,1,4633,78,1,0,3,2,-2,326,-2,219
mb_cap,1,4634,78,2,0,0,0,2,328,0,219
mb_cap,1,4635,78,0,0,1,0,-1,327,0,219
mb_cap,1,4636,78,0,0,0,0,0,327,0,219
mb_cap,1,4637,78,0,0,1,0,-1,326,0,219
mb_cap,1,4638,78,3,0,1,0,2,328,0,219
mb_cap,1,4639,78,0,0,2,0,-2,326,0,219
mb_cap,1,4640,78,0,0,0,0,0,326,0,219
mb_cap,1,4641,78,0,0,0,0,0,326,0,219
mb_cap,1,4642,78,3,0,1,0,2,328,0,219
mb_cap,1,4643,78,0,0,1,0,-1,327,0,219
mb_cap,1,4644,78,0,0,0,0,0,327,0,219
mb_cap,1,4645,78,0,0,1,0,-1,326,0,219
mb_cap,1,4646,78,2,0,0,0,2,328,0,219
mb_cap,1,4647,78,0,0,1,0,-1,327,0,219
mb_cap,1,4648,78,0,0,0,0,0,327,0,219
mb_cap,1,4649,78,0,0,1,0,-1,326,0,219
mb_cap,1,4650,78,2,0,0,0,2,328,0,219
mb_cap,1,4651,78,0,0,1,0,-1,327,0,219
mb_cap,1,4652,78,0,0,0,0,0,327,0,219
mb_cap,1,4653,78,0,0,1,0,-1,326,0,219
mb_cap,1,4654,78,3,0,1,0,2,328,0,219
mb_cap,1,4655,78,0,0,1,0,-1,327,0,219
mb_cap,1,4656,78,0,0,0,0,0,327,0,219
mb_cap,1,4657,78,0,0,1,0,-1,326,0,219
mb_cap,1,4658,78,2,0,0,0,2,328,0,219
mb_cap,1,4659,78,0,0,1,0,-1,327,0,219
mb_cap,1,4660,78,0,0,0,0,0,327,0,219
mb_cap,1,4661,78,0,0,1,0,-1,326,0,219
mb_cap,1,4662,78,2,0,0,0,2,328,0,219
mb_cap,1,4663,78,0,0,1,0,-1,327,0,219
mb_cap,1,4664,78,0,0,0,0,0,327,0,219
mb_cap,1,4665,78,0,0,1,0,-1,326,0,219
mb_cap,1,4666,78,3,0,1,0,2,328,0,219
mb_cap,1,4667,78,0,0,1,0,-1,327,0,219
mb_cap,1,4668,78,0,0,0,0,0,327,0,219
mb_cap,1,4669,78,4,5,5,5,-1,326,0,219
mb_cap,1,4670,78,2,0,0,0,2,328,0,219
mb_cap,1,4671,78,0,0,1,0,-1,327,0,219
mb_cap,1,4672,78,0,0,0,0,0,327,0,219
mb_cap,1,4673,78,1,1,1,1,0,327,0,219
mb_cap,1,4674,78,2,0,0,0,2,329,0,219
mb_cap,1,4675,78,0,0,1,0,-1,328,0,219
mb_cap,1,4676,78,0,0,0,0,0,328,0,219
mb_cap,1,4677,78,0,0,1,0,-1,327,0,219
mb_cap,1,4678,78,3,0,1,0,2,329,0,219
mb_cap,1,4679,78,0,0,1,0,-1,328,0,219
mb_cap,1,4680,78,0,0,0,0,0,328,0,219
mb_cap,1,4681,79,0,0,1,0,-1,327,0,219
mb_cap,1,4682,79,2,0,0,0,2,329,0,219
mb_cap,1,4683,79,19,3,2,5,17,346,-2,217
mb_cap,1,4684,79,14,3,2,5,12,358,-2,215
mb_cap,1,4685,79,1,0,1,0,0,358,0,215
mb_cap,1,4686,79,3,1,0,1,3,361,0,215
mb_cap,1,4687,79,0,0,1,0,-1,360,0,215
mb_cap,1,4688,79,0,0,0,0,0,360,0,215
mb_cap,1,4689,79,0,0,1,0,-1,359,0,215
mb_cap,1,4690,79,5,6,1,8,4,363,-2,213
mb_cap,1,4691,79,0,0,2,0,-2,361,0,213
mb_cap,1,4692,79,0,0,1,0,-1,360,0,213
mb_cap,1,4693,79,0,0,2,0,-2,358,0,213
mb_cap,1,4694,79,0,0,0,0,0,358,0,213
mb_cap,1,4695,79,5,7,1,7,4,362,0,213
mb_cap,1,4696,79,3,0,0,0,3,365,0,213
mb_cap,1,4697,79,0,0,1,0,-1,364,0,213
mb_cap,1,4698,79,0,0,1,0,-1,363,0,213
mb_cap,1,4699,79,0,0,0,0,0,363,0,213
mb_cap,1,4700,79,1,0,2,0,-1,362,0,213
mb_cap,1,4701,79,0,0,0,0,0,362,0,213
mb_cap,1,4702,79,1,0,2,0,-1,361,0,213
mb_cap,1,4703,79,2,0,0,0,2,363,0,213
mb_cap,1,4704,79,0,0,1,0,-1,362,0,213
mb_cap,1,4705,79,0,0,0,0,0,362,0,213
mb_cap,1,4706,79,0,0,1,0,-1,361,0,213
mb_cap,1,4707,79,2,0,0,0,2,363,0,213
mb_cap,1,4708,79,0,0,1,0,-1,362,0,213
mb_cap,1,4709,79,0,0,0,0,0,362,0,213
mb_cap,1,4710,79,3,10,1,9,2,364,1,214
mb_cap,1,4711,79,3,6,0,7,3,367,-1,213
mb_cap,1,4712,79,5,11,3,6,2,369,5,218
mb_cap,1,4713,79,3,7,0,6,3,372,1,219
mb_cap,1,4714,79,1,0,2,1,-1,371,-1,218
mb_cap,1,4715,79,3,0,0,0,3,374,0,218
mb_cap,1,4716,79,1,2,1,0,0,374,2,220
mb_cap,1,4717,79,0,0,0,0,0,374,0,220
mb_cap,1,4718,79,0,6,1,2,-1,373,4,224
mb_cap,1,4719,79,2,0,0,2,2,375,-2,222
mb_cap,1,4720,79,1,2,1,2,0,375,0,222
mb_cap,1,4721,79,0,0,0,0,0,375,0,222
mb_cap,1,4722,79,1,1,2,6,-1,374,-5,217
mb_cap,1,4723,79,3,2,0,2,3,377,0,217
mb_cap,1,4724,79,0,0,1,0,-1,376,0,217
mb_cap,1,4725,79,0,0,0,0,0,376,0,217
mb_cap,1,4726,79,1,0,2,0,-1,375,0,217
mb_cap,1,4727,79,6,4,4,2,2,377,2,219
mb_cap,1,4728,79,0,1,2,3,-2,375,-2,217
mb_cap,1,4729,79,0,5,0,1,0,375,4,221
mb_cap,1,4730,79,0,0,1,2,-1,374,-2,219
mb_cap,1,4731,79,3,0,1,1,2,376,-1,218
mb_cap,1,4732,79,0,0,1,0,-1,375,0,218
mb_cap,1,4733,79,0,0,0,0,0,375,0,218
mb_cap,1,4734,79,0,0,1,0,-1,374,0,218
mb_cap,1,4735,79,2,0,0,0,2,376,0,218
mb_cap,1,4736,79,0,0,1,0,-1,375,0,218
mb_cap,1,4737,79,0,0,0,0,0,375,0,218
mb_cap,1,4738,79,1,0,2,0,-1,374,0,218
mb_cap,1,4739,79,2,0,0,0,2,376,0,218
mb_cap,1,4740,79,1,3,1,3,0,376,0,218
mb_cap,1,4741,80,0,0,0,0,0,376,0,218
mb_cap,1,4742,80,0,0,1,0,-1,375,0,218
mb_cap,1,4743,80,2,4,0,4,2,377,0,218
mb_cap,1,4744,80,0,3,1,3,-1,376,0,218
mb_cap,1,4745,80,0,0,0,0,0,376,0,218
mb_cap,1,4746,80,0,0,1,0,-1,375,0,218
mb_cap,1,4747,80,3,0,0,0,3,378,0,218
mb_cap,1,4748,80,0,0,1,0,-1,377,0,218
mb_cap,1,4749,80,1,1,1,1,0,377,0,218
mb_cap,1,4750,80,2,0,2,0,0,377,0,218
mb_cap,1,4751,80,2,0,0,0,2,379,0,218
mb_cap,1,4752,80,0,0,1,0,-1,378,0,218
mb_cap,1,4753,80,2,3,2,4,0,378,-1,217
mb_cap,1,4754,80,3,2,3,2,0,378,0,217
mb_cap,1,4755,80,2,0,0,0,2,380,0,217
mb_cap,1,4756,80,1,0,1,0,0,380,0,217
mb_cap,1,4757,80,4,1,3,2,1,381,-1,216
mb_cap,1,4758,80,0,0,1,0,-1,380,0,216
mb_cap,1,4759,80,2,0,0,0,2,382,0,216
mb_cap,1,4760,80,0,0,1,0,-1,381,0,216
mb_cap,1,4761,80,2,0,2,0,0,381,0,216
mb_cap,1,4762,80,1,0,2,0,-1,380,0,216
mb_cap,1,4763,80,3,0,1,0,2,382,0,216
mb_cap,1,4764,80,0,0,1,0,-1,381,0,216
mb_cap,1,4765,80,0,0,0,0,0,381,0,216
mb_cap,1,4766,80,0,0,1,0,-1,380,0,216
mb_cap,1,4767,80,1,0,0,0,1,381,0,216
mb_cap,1,4768,80,0,0,1,1,-1,380,-1,215
mb_cap,1,4769,80,0,0,26,0,-26,354,0,215
mb_cap,1,4770,80,0,0,1,0,-1,353,0,215
mb_cap,1,4771,80,2,0,0,0,2,355,0,215
mb_cap,1,4772,80,0,0,1,0,-1,354,0,215
mb_cap,1,4773,80,1,0,2,0,-1,353,0,215
mb_cap,1,4774,80,1,0,2,0,-1,352,0,215
mb_cap,1,4775,80,2,0,0,0,2,354,0,215
mb_cap,1,4776,80,0,0,1,0,-1,353,0,215
mb_cap,1,4777,80,0,0,0,0,0,353,0,215
mb_cap,1,4778,80,0,0,1,0,-1,352,0,215
mb_cap,1,4779,80,2,0,0,0,2,354,0,215
mb_cap,1,4780,80,0,0,1,0,-1,353,0,215
mb_cap,1,4781,80,0,0,0,0,0,353,0,215
mb_cap,1,4782,80,0,0,1,0,-1,352,0,215
mb_cap,1,4783,80,2,0,0,0,2,354,0,215
mb_cap,1,4784,80,0,0,1,0,-1,353,0,215
mb_cap,1,4785,80,1,0,0,0,1,354,0,215
mb_cap,1,4786,80,1,0,2,0,-1,353,0,215
mb_cap,1,4787,80,2,0,0,0,2,355,0,215
mb_cap,1,4788,80,1,0,1,0,0,355,0,215
mb_cap,1,4789,80,1,2,2,3,-1,354,-1,214
mb_cap,1,4790,80,0,0,2,0,-2,352,0,214
mb_cap,1,4791,80,2,0,0,0,2,354,0,214
mb_cap,1,4792,80,0,0,2,0,-2,352,0,214
mb_cap,1,4793,80,0,0,0,0,0,352,0,214
mb_cap,1,4794,80,1,0,2,1,-1,351,-1,213
mb_cap,1,4795,80,2,0,0,0,2,353,0,213
mb_cap,1,4796,80,0,0,1,0,-1,352,0,213
mb_cap,1,4797,80,0,0,0,0,0,352,0,213
mb_cap,1,4798,80,1,1,2,1,-1,351,0,213
mb_cap,1,4799,80,2,0,0,0,2,353,0,213
mb_cap,1,4800,80,3,0,1,0,2,355,0,213
mb_cap,1,4801,81,0,0,0,0,0,355,0,213
mb_cap,1,4802,81,0,0,1,0,-1,354,0,213
mb_cap,1,4803,81,2,0,0,0,2,356,0,213
mb_cap,1,4804,81,0,0,1,0,-1,355,0,213
mb_cap,1,4805,81,0,0,0,0,0,355,0,213
mb_cap,1,4806,81,0,0,2,0,-2,353,0,213
mb_cap,1,4807,81,2,0,0,0,2,355,0,213
mb_cap,1,4808,81,1,3,1,3,0,355,0,213
mb_cap,1,4809,81,0,1,0,0,0,355,1,214
mb_cap,1,4810,81,2,15,3,12,-1,354,3,217
mb_cap,1,4811,81,2,13,2,14,0,354,-1,216
mb_cap,1,4812,81,1,2,1,3,0,354,-1,215
mb_cap,1,4813,81,3,10,0,11,3,357,-1,214
mb_cap,1,4814,81,2,4,1,3,1,358,1,215
mb_cap,1,4815,81,3,3,1,3,2,360,0,215
mb_cap,1,4816,81,0,2,1,4,-1,359,-2,213
mb_cap,1,4817,81,1,0,0,0,1,360,0,213
mb_cap,1,4818,81,1,0,1,0,0,360,0,213
mb_cap,1,4819,81,2,0,0,0,2,362,0,213
mb_cap,1,4820,81,0,0,1,0,-1,361,0,213
mb_cap,1,4821,81,2,3,1,2,1,362,1,214
mb_cap,1,4822,81,1,0,3,0,-2,360,0,214
mb_cap,1,4823,81,2,0,1,0,1,361,0,214
mb_cap,1,4824,81,1,0,0,0,1,362,0,214
mb_cap,1,4825,81,0,0,0,0,0,362,0,214
mb_cap,1,4826,81,1,0,2,0,-1,361,0,214
mb_cap,1,4827,81,2,0,1,0,1,362,0,214
mb_cap,1,4828,81,0,4,1,3,-1,361,1,215
mb_cap,1,4829,81,0,0,1,0,-1,360,0,215
mb_cap,1,4830,81,1,0,3,0,-2,358,0,215
mb_cap,1,4831,81,1,0,2,0,-1,357,0,215
mb_cap,1,4832,81,1,0,0,1,1,358,-1,214
mb_cap,1,4833,81,0,0,2,0,-2,356,0,214
mb_cap,1,4834,81,2,0,1,0,1,357,0,214
mb_cap,1,4835,81,1,0,1,0,0,357,0,214
mb_cap,1,4836,81,1,0,0,0,1,358,0,214
mb_cap,1,4837,81,0,0,1,0,-1,357,0,214
mb_cap,1,4838,81,0,0,0,0,0,357,0,214
mb_cap,1,4839,81,3,0,3,0,0,357,0,214
mb_cap,1,4840,81,0,0,0,2,0,357,-2,212
mb_cap,1,4841,81,0,0,0,0,0,357,0,212
mb_cap,1,4842,81,1,0,1,0,0,357,0,212
mb_cap,1,4843,81,0,0,0,0,0,357,0,212
mb_cap,1,4844,81,1,0,1,0,0,357,0,212
mb_cap,1,4845,81,0,0,2,0,-2,355,0,212
mb_cap,1,4846,81,1,0,2,0,-1,354,0,212
mb_cap,1,4847,81,2,0,0,0,2,356,0,212
mb_cap,1,4848,81,1,0,1,1,0,356,-1,211
mb_cap,1,4849,81,0,4,0,3,0,356,1,212
mb_cap,1,4850,81,0,0,12,1,-12,344,-1,211
mb_cap,1,4851,81,2,0,0,0,2,346,0,211
mb_cap,1,4852,81,0,0,1,0,-1,345,0,211
mb_cap,1,4853,81,1,1,1,1,0,345,0,211
mb_cap,1,4854,81,6,0,5,0,1,346,0,211
mb_cap,1,4855,81,4,0,1,0,3,349,0,211
mb_cap,1,4856,81,0,2,1,0,-1,348,2,213
mb_cap,1,4857,81,0,0,2,1,-2,346,-1,212
mb_cap,1,4858,81,3,0,2,0,1,347,0,212
mb_cap,1,4859,81,1,5,1,4,0,347,1,213
mb_cap,1,4860,81,2,0,0,0,2,349,0,213
mb_cap,1,4861,82,0,0,1,0,-1,348,0,213
mb_cap,1,4862,82,0,0,0,0,0,348,0,213
mb_cap,1,4863,82,3,0,2,0,1,349,0,213
mb_cap,1,4864,82,0,0,0,0,0,349,0,213
mb_cap,1,4865,82,0,4,0,4,0,349,0,213
mb_cap,1,4866,82,1,0,1,0,0,349,0,213
mb_cap,1,4867,82,0,0,0,0,0,349,0,213
mb_cap,1,4868,82,1,0,1,0,0,349,0,213
mb_cap,1,4869,82,0,0,2,0,-2,347,0,213
mb_cap,1,4870,82,3,3,2,4,1,348,-1,212
mb_cap,1,4871,82,2,1,0,0,2,350,1,213
mb_cap,1,4872,82,0,0,1,0,-1,349,0,213
mb_cap,1,4873,82,0,0,0,0,0,349,0,213
mb_cap,1,4874,82,0,0,1,0,-1,348,0,213
mb_cap,1,4875,82,4,8,0,6,4,352,2,215
mb_cap,1,4876,82,0,0,1,0,-1,351,0,215
mb_cap,1,4877,82,3,4,0,4,3,354,0,215
mb_cap,1,4878,82,2,3,1,3,1,355,0,215
mb_cap,1,4879,82,2,3,2,2,0,355,1,216
mb_cap,1,4880,82,4,0,2,0,2,357,0,216
mb_cap,1,4881,82,0,0,0,0,0,357,0,216
mb_cap,1,4882,82,0,0,1,0,-1,356,0,216
mb_cap,1,4883,82,0,0,1,0,-1,355,0,216
mb_cap,1,4884,82,1,0,0,2,1,356,-2,214
mb_cap,1,4885,82,0,0,2,0,-2,354,0,214
mb_cap,1,4886,82,0,0,0,0,0,354,0,214
mb_cap,1,4887,82,0,0,1,0,-1,353,0,214
mb_cap,1,4888,82,4,0,1,0,3,356,0,214
mb_cap,1,4889,82,0,0,1,0,-1,355,0,214
mb_cap,1,4890,82,0,0,0,1,0,355,-1,213
mb_cap,1,4891,82,1,3,2,5,-1,354,-2,211
mb_cap,1,4892,82,1,0,0,0,1,355,0,211
mb_cap,1,4893,82,0,0,2,0,-2,353,0,211
mb_cap,1,4894,82,0,2,0,2,0,353,0,211
mb_cap,1,4895,82,3,0,1,0,2,355,0,211
mb_cap,1,4896,82,1,0,0,0,1,356,0,211
mb_cap,1,4897,82,2,1,0,1,2,358,0,211
mb_cap,1,4898,82,0,0,1,0,-1,357,0,211
mb_cap,1,4899,82,0,0,0,0,0,357,0,211
mb_cap,1,4900,82,3,1,1,1,2,359,0,211
mb_cap,1,4901,82,0,0,0,0,0,359,0,211
mb_cap,1,4902,82,0,0,1,0,-1,358,0,211
mb_cap,1,4903,82,0,0,0,0,0,358,0,211
mb_cap,1,4904,82,3,0,2,0,1,359,0,211
mb_cap,1,4905,82,1,0,0,0,1,360,0,211
mb_cap,1,4906,82,0,0,1,0,-1,359,0,211
mb_cap,1,4907,82,0,0,0,0,0,359,0,211
mb_cap,1,4908,82,1,0,1,0,0,359,0,211
mb_cap,1,4909,82,0,0,0,0,0,359,0,211
mb_cap,1,4910,82,0,0,1,0,-1,358,0,211
mb_cap,1,4911,82,1,1,0,2,1,359,-1,210
mb_cap,1,4912,82,2,0,1,0,1,360,0,210
mb_cap,1,4913,82,0,0,0,0,0,360,0,210
mb_cap,1,4914,82,0,0,1,0,-1,359,0,210
mb_cap,1,4915,82,0,0,0,0,0,359,0,210
mb_cap,1,4916,82,2,0,2,0,0,359,0,210
mb_cap,1,4917,82,0,0,0,0,0,359,0,210
mb_cap,1,4918,82,0,0,1,0,-1,358,0,210
mb_cap,1,4919,82,0,0,0,0,0,358,0,210
mb_cap,1,4920,82,3,0,2,0,1,359,0,210
mb_cap,1,4921,83,0,5,0,3,0,359,2,212
mb_cap,1,4922,83,0,0,0,1,0,359,-1,211
mb_cap,1,4923,83,0,0,3,0,-3,356,0,211
mb_cap,1,4924,83,1,0,0,0,1,357,0,211
mb_cap,1,4925,83,0,0,1,0,-1,356,0,211
mb_cap,1,4926,83,0,0,0,0,0,356,0,211
mb_cap,1,4927,83,0,0,1,0,-1,355,0,211
mb_cap,1,4928,83,4,0,1,0,3,358,0,211
mb_cap,1,4929,83,0,0,1,0,-1,357,0,211
mb_cap,1,4930,83,1,0,0,0,1,358,0,211
mb_cap,1,4931,83,0,0,2,0,-2,356,0,211
mb_cap,1,4932,83,1,0,0,0,1,357,0,211
mb_cap,1,4933,83,2,2,2,3,0,357,-1,210
mb_cap,1,4934,83,0,0,0,0,0,357,0,210
mb_cap,1,4935,83,0,0,1,0,-1,356,0,210
mb_cap,1,4936,83,3,0,2,0,1,357,0,210
mb_cap,1,4937,83,0,0,1,0,-1,356,0,210
mb_cap,1,4938,83,0,0,0,0,0,356,0,210
mb_cap,1,4939,83,0,0,4,0,-4,352,0,210
mb_cap,1,4940,83,1,0,1,0,0,352,0,210
mb_cap,1,4941,83,1,0,1,0,0,352,0,210
mb_cap,1,4942,83,1,0,1,0,0,352,0,210
mb_cap,1,4943,83,0,0,1,0,-1,351,0,210
mb_cap,1,4944,83,2,1,0,1,2,353,0,210
mb_cap,1,4945,83,0,3,1,3,-1,352,0,210
mb_cap,1,4946,83,0,0,0,0,0,352,0,210
mb_cap,1,4947,83,0,0,1,0,-1,351,0,210
mb_cap,1,4948,83,2,0,0,0,2,353,0,210
mb_cap,1,4949,83,0,0,1,0,-1,352,0,210
mb_cap,1,4950,83,0,0,0,0,0,352,0,210
mb_cap,1,4951,83,2,0,3,0,-1,351,0,210
mb_cap,1,4952,83,2,0,0,0,2,353,0,210
mb_cap,1,4953,83,0,0,1,0,-1,352,0,210
mb_cap,1,4954,83,0,0,1,0,-1,351,0,210
mb_cap,1,4955,83,0,0,0,0,0,351,0,210
mb_cap,1,4956,83,1,0,1,0,0,351,0,210
mb_cap,1,4957,83,0,0,0,0,0,351,0,210
mb_cap,1,4958,83,0,0,1,0,-1,350,0,210
mb_cap,1,4959,83,0,0,1,0,-1,349,0,210
mb_cap,1,4960,83,3,0,2,0,1,350,0,210
mb_cap,1,4961,83,0,0,0,0,0,350,0,210
mb_cap,1,4962,83,0,0,0,0,0,350,0,210
mb_cap,1,4963,83,0,0,2,0,-2,348,0,210
mb_cap,1,4964,83,2,0,0,0,2,350,0,210
mb_cap,1,4965,83,0,0,1,0,-1,349,0,210
mb_cap,1,4966,83,0,0,0,0,0,349,0,210
mb_cap,1,4967,83,0,0,1,0,-1,348,0,210
mb_cap,1,4968,83,2,0,0,0,2,350,0,210
mb_cap,1,4969,83,3,5,4,6,-1,349,-1,209
mb_cap,1,4970,83,0,0,0,0,0,349,0,209
mb_cap,1,4971,83,0,0,1,0,-1,348,0,209
mb_cap,1,4972,83,1,0,0,0,1,349,0,209
mb_cap,1,4973,83,0,5,1,4,-1,348,1,210
mb_cap,1,4974,83,0,0,1,1,-1,347,-1,209
mb_cap,1,4975,83,2,0,1,0,1,348,0,209
mb_cap,1,4976,83,0,0,0,0,0,348,0,209
mb_cap,1,4977,83,0,0,1,0,-1,347,0,209
mb_cap,1,4978,83,0,0,1,0,-1,346,0,209
mb_cap,1,4979,83,0,0,0,0,0,346,0,209
mb_cap,1,4980,83,4,1,1,1,3,349,0,209
mb_cap,1,4981,84,0,0,0,0,0,349,0,209
mb_cap,1,4982,84,0,0,1,0,-1,348,0,209
mb_cap,1,4983,84,1,0,1,0,0,348,0,209
mb_cap,1,4984,84,4,2,0,2,4,352,0,209
mb_cap,1,4985,84,2,2,2,2,0,352,0,209
mb_cap,1,4986,84,0,0,0,0,0,352,0,209
mb_cap,1,4987,84,0,0,0,0,0,352,0,209
mb_cap,1,4988,84,1,0,0,0,1,353,0,209
mb_cap,1,4989,84,0,0,1,0,-1,352,0,209
mb_cap,1,4990,84,1,0,0,0,1,353,0,209
mb_cap,1,4991,84,0,0,1,0,-1,352,0,209
mb_cap,1,4992,84,2,1,0,1,2,354,0,209
mb_cap,1,4993,84,0,0,2,0,-2,352,0,209
mb_cap,1,4994,84,0,0,1,0,-1,351,0,209
mb_cap,1,4995,84,0,0,1,0,-1,350,0,209
mb_cap,1,4996,84,3,0,1,0,2,352,0,209
mb_cap,1,4997,84,0,2,1,2,-1,351,0,209
mb_cap,1,4998,84,1,0,0,0,1,352,0,209
mb_cap,1,4999,84,5,2,3,2,2,354,0,209
mb_cap,1,5000,84,3,1,1,2,2,356,-1,208
mb_cap,1,5001,84,2,7,3,6,-1,355,1,209
mb_cap,1,5002,84,0,2,0,2,0,355,0,209
mb_cap,1,5003,84,1,1,2,1,-1,354,0,209
mb_cap,1,5004,84,2,0,1,0,1,355,0,209
mb_cap,1,5005,84,1,0,4,2,-3,352,-2,207
mb_cap,1,5006,84,1,0,1,2,0,352,-2,205
mb_cap,1,5007,84,0,2,1,2,-1,351,0,205
mb_cap,1,5008,84,5,2,3,2,2,353,0,205
mb_cap,1,5009,84,1,1,2,2,-1,352,-1,204
mb_cap,1,5010,84,0,2,1,2,-1,351,0,204
mb_cap,1,5011,84,1,0,2,0,-1,350,0,204
mb_cap,1,5012,84,3,2,1,2,2,352,0,204
mb_cap,1,5013,84,3,2,4,3,-1,351,-1,203
mb_cap,1,5014,84,1,1,1,2,0,351,-1,202
mb_cap,1,5015,84,1,1,2,1,-1,350,0,202
mb_cap,1,5016,84,2,0,0,0,2,352,0,202
mb_cap,1,5017,84,1,2,2,2,-1,351,0,202
mb_cap,1,5018,84,1,0,1,1,0,351,-1,201
mb_cap,1,5019,84,1,2,2,2,-1,350,0,201
mb_cap,1,5020,84,3,1,2,1,1,351,0,201
mb_cap,1,5021,84,0,0,1,0,-1,350,0,201
mb_cap,1,5022,84,0,0,0,0,0,350,0,201
mb_cap,1,5023,84,0,0,1,0,-1,349,0,201
mb_cap,1,5024,84,2,0,0,0,2,351,0,201
mb_cap,1,5025,84,0,0,1,0,-1,350,0,201
mb_cap,1,5026,84,0,0,0,0,0,350,0,201
mb_cap,1,5027,84,0,1,1,0,-1,349,1,202
mb_cap,1,5028,84,2,0,0,1,2,351,-1,201
mb_cap,1,5029,84,0,0,1,0,-1,350,0,201
mb_cap,1,5030,84,1,0,0,1,1,351,-1,200
mb_cap,1,5031,84,0,0,1,0,-1,350,0,200
mb_cap,1,5032,84,3,0,1,0,2,352,0,200
mb_cap,1,5033,84,0,0,1,0,-1,351,0,200
mb_cap,1,5034,84,0,0,0,0,0,351,0,200
mb_cap,1,5035,84,0,0,1,0,-1,350,0,200
mb_cap,1,5036,84,2,0,0,0,2,352,0,200
mb_cap,1,5037,84,0,0,1,0,-1,351,0,200
mb_cap,1,5038,84,0,0,0,0,0,351,0,200
mb_cap,1,5039,84,0,0,1,0,-1,350,0,200
mb_cap,1,5040,84,2,0,0,0,2,352,0,200
mb_cap,1,5041,85,0,0,1,0,-1,351,0,200
mb_cap,1,5042,85,0,0,0,0,0,351,0,200
mb_cap,1,5043,85,0,4,1,3,-1,350,1,201
mb_cap,1,5044,85,4,3,2,3,2,352,0,201
mb_cap,1,5045,85,0,0,1,1,-1,351,-1,200
mb_cap,1,5046,85,0,0,0,0,0,351,0,200
mb_cap,1,5047,85,0,0,1,0,-1,350,0,200
mb_cap,1,5048,85,2,0,0,0,2,352,0,200
mb_cap,1,5049,85,0,0,1,0,-1,351,0,200
mb_cap,1,5050,85,2,4,0,7,2,353,-3,197
mb_cap,1,5051,85,0,0,2,0,-2,351,0,197
mb_cap,1,5052,85,2,0,0,0,2,353,0,197
mb_cap,1,5053,85,0,0,2,0,-2,351,0,197
mb_cap,1,5054,85,0,0,0,0,0,351,0,197
mb_cap,1,5055,85,0,0,1,0,-1,350,0,197
mb_cap,1,5056,85,3,0,1,0,2,352,0,197
mb_cap,1,5057,85,0,0,1,0,-1,351,0,197
mb_cap,1,5058,85,0,0,0,0,0,351,0,197
mb_cap,1,5059,85,0,0,1,0,-1,350,0,197
mb_cap,1,5060,85,2,0,1,0,1,351,0,197
mb_cap,1,5061,85,0,0,1,0,-1,350,0,197
mb_cap,1,5062,85,0,0,0,0,0,350,0,197
mb_cap,1,5063,85,0,0,1,0,-1,349,0,197
mb_cap,1,5064,85,2,0,0,0,2,351,0,197
mb_cap,1,5065,85,0,0,1,0,-1,350,0,197
mb_cap,1,5066,85,0,0,0,0,0,350,0,197
mb_cap,1,5067,85,0,0,1,0,-1,349,0,197
mb_cap,1,5068,85,3,0,1,1,2,351,-1,196
mb_cap,1,5069,85,0,0,1,0,-1,350,0,196
mb_cap,1,5070,85,0,0,0,0,0,350,0,196
mb_cap,1,5071,85,0,0,1,0,-1,349,0,196
mb_cap,1,5072,85,1,0,0,0,1,350,0,196
mb_cap,1,5073,85,0,0,1,0,-1,349,0,196
mb_cap,1,5074,85,0,0,0,0,0,349,0,196
mb_cap,1,5075,85,1,0,2,0,-1,348,0,196
mb_cap,1,5076,85,2,0,0,0,2,350,0,196
mb_cap,1,5077,85,0,0,1,0,-1,349,0,196
mb_cap,1,5078,85,0,0,0,0,0,349,0,196
mb_cap,1,5079,85,0,0,1,0,-1,348,0,196
mb_cap,1,5080,85,3,0,1,0,2,350,0,196
mb_cap,1,5081,85,0,0,1,0,-1,349,0,196
mb_cap,1,5082,85,0,0,0,0,0,349,0,196
mb_cap,1,5083,85,0,0,1,0,-1,348,0,196
mb_cap,1,5084,85,2,0,0,0,2,350,0,196
mb_cap,1,5085,85,0,0,1,0,-1,349,0,196
mb_cap,1,5086,85,0,0,0,0,0,349,0,196
mb_cap,1,5087,85,0,0,1,0,-1,348,0,196
mb_cap,1,5088,85,2,0,0,0,2,350,0,196
mb_cap,1,5089,85,0,0,1,0,-1,349,0,196
mb_cap,1,5090,85,0,0,0,0,0,349,0,196
mb_cap,1,5091,85,0,0,1,0,-1,348,0,196
mb_cap,1,5092,85,3,0,1,0,2,350,0,196
mb_cap,1,5093,85,2,3,1,4,1,351,-1,195
mb_cap,1,5094,85,0,0,0,0,0,351,0,195
mb_cap,1,5095,85,0,0,1,0,-1,350,0,195
mb_cap,1,5096,85,2,0,0,0,2,352,0,195
mb_cap,1,5097,85,1,2,1,2,0,352,0,195
mb_cap,1,5098,85,0,1,0,0,0,352,1,196
mb_cap,1,5099,85,0,0,2,1,-2,350,-1,195
mb_cap,1,5100,85,2,0,0,0,2,352,0,195
mb_cap,1,5101,86,0,0,1,0,-1,351,0,195
mb_cap,1,5102,86,0,0,0,0,0,351,0,195
mb_cap,1,5103,86,0,0,1,0,-1,350,0,195
mb_cap,1,5104,86,3,0,2,0,1,351,0,195
mb_cap,1,5105,86,0,0,1,0,-1,350,0,195
mb_cap,1,5106,86,0,0,0,0,0,350,0,195
mb_cap,1,5107,86,2,0,1,0,1,351,0,195
mb_cap,1,5108,86,0,0,0,0,0,351,0,195
mb_cap,1,5109,86,0,0,0,0,0,351,0,195
mb_cap,1,5110,86,1,0,1,0,0,351,0,195
mb_cap,1,5111,86,0,0,0,0,0,351,0,195
mb_cap,1,5112,86,3,0,1,0,2,353,0,195
mb_cap,1,5113,86,1,0,1,0,0,353,0,195
mb_cap,1,5114,86,0,0,0,0,0,353,0,195
mb_cap,1,5115,86,0,0,1,0,-1,352,0,195
mb_cap,1,5116,86,1,0,1,0,0,352,0,195
mb_cap,1,5117,86,3,6,1,10,2,354,-4,191
mb_cap,1,5118,86,2,0,1,2,1,355,-2,189
mb_cap,1,5119,86,0,0,1,0,-1,354,0,189
mb_cap,1,5120,86,2,0,0,0,2,356,0,189
mb_cap,1,5121,86,0,0,1,0,-1,355,0,189
mb_cap,1,5122,86,0,0,0,0,0,355,0,189
mb_cap,1,5123,86,1,1,2,2,-1,354,-1,188
mb_cap,1,5124,86,2,0,0,0,2,356,0,188
mb_cap,1,5125,86,0,3,1,3,-1,355,0,188
mb_cap,1,5126,86,0,0,0,0,0,355,0,188
mb_cap,1,5127,86,2,1,2,2,0,355,-1,187
mb_cap,1,5128,86,2,0,0,0,2,357,0,187
mb_cap,1,5129,86,0,2,1,2,-1,356,0,187
mb_cap,1,5130,86,1,0,0,0,1,357,0,187
mb_cap,1,5131,86,0,0,1,0,-1,356,0,187
mb_cap,1,5132,86,2,0,0,0,2,358,0,187
mb_cap,1,5133,86,0,0,1,0,-1,357,0,187
mb_cap,1,5134,86,0,0,0,0,0,357,0,187
mb_cap,1,5135,86,0,4,1,4,-1,356,0,187
mb_cap,1,5136,86,2,0,0,0,2,358,0,187
mb_cap,1,5137,86,1,0,2,0,-1,357,0,187
mb_cap,1,5138,86,0,0,0,0,0,357,0,187
mb_cap,1,5139,86,1,0,2,0,-1,356,0,187
mb_cap,1,5140,86,2,0,1,0,1,357,0,187
mb_cap,1,5141,86,0,0,1,0,-1,356,0,187
mb_cap,1,5142,86,0,0,0,0,0,356,0,187
mb_cap,1,5143,86,1,0,1,0,0,356,0,187
mb_cap,1,5144,86,2,0,0,0,2,358,0,187
mb_cap,1,5145,86,0,0,1,0,-1,357,0,187
mb_cap,1,5146,86,0,0,0,0,0,357,0,187
mb_cap,1,5147,86,2,3,1,7,1,358,-4,183
mb_cap,1,5148,86,3,0,0,0,3,361,0,183
mb_cap,1,5149,86,0,0,1,0,-1,360,0,183
mb_cap,1,5150,86,0,0,0,0,0,360,0,183
mb_cap,1,5151,86,1,0,2,0,-1,359,0,183
mb_cap,1,5152,86,2,0,0,0,2,361,0,183
mb_cap,1,5153,86,1,1,2,1,-1,360,0,183
mb_cap,1,5154,86,5,1,4,1,1,361,0,183
mb_cap,1,5155,86,0,0,2,0,-2,359,0,183
mb_cap,1,5156,86,2,0,0,0,2,361,0,183
mb_cap,1,5157,86,0,0,1,0,-1,360,0,183
mb_cap,1,5158,86,0,0,0,0,0,360,0,183
mb_cap,1,5159,86,0,0,1,0,-1,359,0,183
mb_cap,1,5160,86,2,0,1,0,1,360,0,183
mb_cap,1,5161,87,1,4,1,4,0,360,0,183
mb_cap,1,5162,87,0,0,0,0,0,360,0,183
mb_cap,1,5163,87,1,0,2,0,-1,359,0,183
mb_cap,1,5164,87,2,0,0,0,2,361,0,183
mb_cap,1,5165,87,0,3,1,4,-1,360,-1,182
mb_cap,1,5166,87,0,0,1,0,-1,359,0,182
mb_cap,1,5167,87,0,0,1,0,-1,358,0,182
mb_cap,1,5168,87,3,0,1,0,2,360,0,182
mb_cap,1,5169,87,1,5,1,5,0,360,0,182
mb_cap,1,5170,87,5,0,1,0,4,364,0,182
mb_cap,1,5171,87,0,0,1,0,-1,363,0,182
mb_cap,1,5172,87,1,0,0,2,1,364,-2,180
mb_cap,1,5173,87,0,0,3,0,-3,361,0,180
mb_cap,1,5174,87,0,2,1,2,-1,360,0,180
mb_cap,1,5175,87,1,0,2,0,-1,359,0,180
mb_cap,1,5176,87,0,0,0,0,0,359,0,180
mb_cap,1,5177,87,0,0,1,0,-1,358,0,180
mb_cap,1,5178,87,0,0,0,0,0,358,0,180
mb_cap,1,5179,87,3,0,1,0,2,360,0,180
mb_cap,1,5180,87,0,0,0,0,0,360,0,180
mb_cap,1,5181,87,0,0,0,0,0,360,0,180
mb_cap,1,5182,87,0,0,1,0,-1,359,0,180
mb_cap,1,5183,87,0,0,0,0,0,359,0,180
mb_cap,1,5184,87,1,4,1,3,0,359,1,181
mb_cap,1,5185,87,0,0,0,1,0,359,-1,180
mb_cap,1,5186,87,1,0,2,0,-1,358,0,180
mb_cap,1,5187,87,2,0,0,0,2,360,0,180
mb_cap,1,5188,87,0,0,1,0,-1,359,0,180
mb_cap,1,5189,87,0,0,0,0,0,359,0,180
mb_cap,1,5190,87,0,0,1,0,-1,358,0,180
mb_cap,1,5191,87,0,0,0,1,0,358,-1,179
mb_cap,1,5192,87,4,0,1,0,3,361,0,179
mb_cap,1,5193,87,0,0,0,0,0,361,0,179
mb_cap,1,5194,87,0,0,0,0,0,361,0,179
mb_cap,1,5195,87,0,1,1,1,-1,360,0,179
mb_cap,1,5196,87,0,0,0,0,0,360,0,179
mb_cap,1,5197,87,0,0,1,0,-1,359,0,179
mb_cap,1,5198,87,0,0,1,0,-1,358,0,179
mb_cap,1,5199,87,3,0,2,0,1,359,0,179
mb_cap,1,5200,87,1,0,0,0,1,360,0,179
mb_cap,1,5201,87,0,0,0,0,0,360,0,179
mb_cap,1,5202,87,0,0,1,0,-1,359,0,179
mb_cap,1,5203,87,0,0,0,0,0,359,0,179
mb_cap,1,5204,87,2,0,1,0,1,360,0,179
mb_cap,1,5205,87,0,0,0,0,0,360,0,179
mb_cap,1,5206,87,0,0,1,0,-1,359,0,179
mb_cap,1,5207,87,0,0,0,0,0,359,0,179
mb_cap,1,5208,87,2,0,1,0,1,360,0,179
mb_cap,1,5209,87,0,0,1,0,-1,359,0,179
mb_cap,1,5210,87,0,0,1,0,-1,358,0,179
mb_cap,1,5211,87,0,0,0,0,0,358,0,179
mb_cap,1,5212,87,4,0,1,0,3,361,0,179
mb_cap,1,5213,87,0,0,0,0,0,361,0,179
mb_cap,1,5214,87,0,0,1,0,-1,360,0,179
mb_cap,1,5215,87,0,0,3,0,-3,357,0,179
mb_cap,1,5216,87,0,0,0,0,0,357,0,179
mb_cap,1,5217,87,0,0,1,0,-1,356,0,179
mb_cap,1,5218,87,0,0,0,0,0,356,0,179
mb_cap,1,5219,87,0,0,1,0,-1,355,0,179
mb_cap,1,5220,87,4,0,1,0,3,358,0,179
mb_cap,1,5221,88,0,1,1,1,-1,357,0,179
mb_cap,1,5222,88,0,0,0,0,0,357,0,179
mb_cap,1,5223,88,0,0,2,0,-2,355,0,179
mb_cap,1,5224,88,0,0,0,0,0,355,0,179
mb_cap,1,5225,88,1,0,1,0,0,355,0,179
mb_cap,1,5226,88,0,0,0,0,0,355,0,179
mb_cap,1,5227,88,0,0,3,0,-3,352,0,179
mb_cap,1,5228,88,1,0,0,0,1,353,0,179
mb_cap,1,5229,88,0,0,1,0,-1,352,0,179
mb_cap,1,5230,88,2,0,2,0,0,352,0,179
mb_cap,1,5231,88,2,0,1,0,1,353,0,179
mb_cap,1,5232,88,1,0,1,0,0,353,0,179
mb_cap,1,5233,88,0,0,1,0,-1,352,0,179
mb_cap,1,5234,88,0,0,1,0,-1,351,0,179
mb_cap,1,5235,88,0,0,0,0,0,351,0,179
mb_cap,1,5236,88,3,0,1,0,2,353,0,179
mb_cap,1,5237,88,1,0,0,0,1,354,0,179
mb_cap,1,5238,88,0,0,0,0,0,354,0,179
mb_cap,1,5239,88,0,0,1,0,-1,353,0,179
mb_cap,1,5240,88,0,0,1,0,-1,352,0,179
mb_cap,1,5241,88,1,0,1,0,0,352,0,179
mb_cap,1,5242,88,0,0,0,0,0,352,0,179
mb_cap,1,5243,88,1,0,2,0,-1,351,0,179
mb_cap,1,5244,88,2,0,0,0,2,353,0,179
mb_cap,1,5245,88,0,0,1,0,-1,352,0,179
mb_cap,1,5246,88,1,1,0,2,1,353,-1,178
mb_cap,1,5247,88,0,0,2,0,-2,351,0,178
mb_cap,1,5248,88,2,0,1,0,1,352,0,178
mb_cap,1,5249,88,0,0,1,0,-1,351,0,178
mb_cap,1,5250,88,0,0,0,0,0,351,0,178
mb_cap,1,5251,88,0,3,1,3,-1,350,0,178
mb_cap,1,5252,88,2,0,0,0,2,352,0,178
mb_cap,1,5253,88,0,0,1,0,-1,351,0,178
mb_cap,1,5254,88,0,0,0,0,0,351,0,178
mb_cap,1,5255,88,1,0,2,0,-1,350,0,178
mb_cap,1,5256,88,2,0,0,0,2,352,0,178
mb_cap,1,5257,88,0,0,1,0,-1,351,0,178
mb_cap,1,5258,88,0,0,1,0,-1,350,0,178
mb_cap,1,5259,88,0,0,1,0,-1,349,0,178
mb_cap,1,5260,88,2,0,0,0,2,351,0,178
mb_cap,1,5261,88,1,0,2,0,-1,350,0,178
mb_cap,1,5262,88,0,0,0,0,0,350,0,178
mb_cap,1,5263,88,0,0,1,0,-1,349,0,178
mb_cap,1,5264,88,2,0,0,0,2,351,0,178
mb_cap,1,5265,88,0,0,1,0,-1,350,0,178
mb_cap,1,5266,88,0,8,0,8,0,350,0,178
mb_cap,1,5267,88,1,0,2,0,-1,349,0,178
mb_cap,1,5268,88,2,0,0,0,2,351,0,178
mb_cap,1,5269,88,3,5,3,5,0,351,0,178
mb_cap,1,5270,88,0,0,0,0,0,351,0,178
mb_cap,1,5271,88,0,0,2,0,-2,349,0,178
mb_cap,1,5272,88,2,0,0,0,2,351,0,178
mb_cap,1,5273,88,0,0,1,0,-1,350,0,178
mb_cap,1,5274,88,0,0,0,0,0,350,0,178
mb_cap,1,5275,88,0,0,1,0,-1,349,0,178
mb_cap,1,5276,88,2,0,2,0,0,349,0,178
mb_cap,1,5277,88,1,0,1,0,0,349,0,178
mb_cap,1,5278,88,0,0,0,0,0,349,0,178
mb_cap,1,5279,88,1,0,2,0,-1,348,0,178
mb_cap,1,5280,88,2,0,0,0,2,350,0,178
mb_cap,1,5281,89,0,0,1,0,-1,349,0,178
mb_cap,1,5282,89,0,0,0,0,0,349,0,178
mb_cap,1,5283,89,1,1,2,1,-1,348,0,178
mb_cap,1,5284,89,2,0,0,0,2,350,0,178
mb_cap,1,5285,89,0,0,1,0,-1,349,0,178
mb_cap,1,5286,89,0,0,0,0,0,349,0,178
mb_cap,1,5287,89,0,0,1,0,-1,348,0,178
mb_cap,1,5288,89,2,0,0,0,2,350,0,178
mb_cap,1,5289,89,0,0,1,0,-1,349,0,178
mb_cap,1,5290,89,1,0,0,0,1,350,0,178
mb_cap,1,5291,89,1,0,2,0,-1,349,0,178
mb_cap,1,5292,89,3,0,1,0,2,351,0,178
mb_cap,1,5293,89,1,3,2,3,-1,350,0,178
mb_cap,1,5294,89,0,0,0,0,0,350,0,178
mb_cap,1,5295,89,0,0,1,0,-1,349,0,178
mb_cap,1,5296,89,2,0,0,0,2,351,0,178
mb_cap,1,5297,89,0,0,1,0,-1,350,0,178
mb_cap,1,5298,89,0,0,0,0,0,350,0,178
mb_cap,1,5299,89,0,0,1,0,-1,349,0,178
mb_cap,1,5300,89,3,0,0,0,3,352,0,178
mb_cap,1,5301,89,0,0,1,0,-1,351,0,178
mb_cap,1,5302,89,0,0,0,0,0,351,0,178
mb_cap,1,5303,89,1,0,2,0,-1,350,0,178
mb_cap,1,5304,89,2,0,0,0,2,352,0,178
mb_cap,1,5305,89,0,0,1,0,-1,351,0,178
mb_cap,1,5306,89,0,0,0,0,0,351,0,178
mb_cap,1,5307,89,0,0,1,1,-1,350,-1,177
mb_cap,1,5308,89,1,0,0,0,1,351,0,177
mb_cap,1,5309,89,0,0,1,0,-1,350,0,177
mb_cap,1,5310,89,0,0,0,0,0,350,0,177
mb_cap,1,5311,89,0,1,1,0,-1,349,1,178
mb_cap,1,5312,89,2,0,0,0,2,351,0,178
mb_cap,1,5313,89,0,0,1,0,-1,350,0,178
mb_cap,1,5314,89,0,0,0,0,0,350,0,178
mb_cap,1,5315,89,1,0,2,0,-1,349,0,178
mb_cap,1,5316,89,2,0,0,0,2,351,0,178
mb_cap,1,5317,89,0,0,1,0,-1,350,0,178
mb_cap,1,5318,89,0,0,0,0,0,350,0,178
mb_cap,1,5319,89,0,0,1,0,-1,349,0,178
mb_cap,1,5320,89,3,2,0,2,3,352,0,178
mb_cap,1,5321,89,1,1,1,0,0,352,1,179
mb_cap,1,5322,89,1,2,3,2,-2,350,0,179
mb_cap,1,5323,89,2,0,2,1,0,350,-1,178
mb_cap,1,5324,89,2,0,0,0,2,352,0,178
mb_cap,1,5325,89,0,0,1,0,-1,351,0,178
mb_cap,1,5326,89,0,0,0,0,0,351,0,178
mb_cap,1,5327,89,1,0,2,0,-1,350,0,178
mb_cap,1,5328,89,2,7,0,8,2,352,-1,177
mb_cap,1,5329,89,1,0,1,0,0,352,0,177
mb_cap,1,5330,89,4,4,1,6,3,355,-2,175
mb_cap,1,5331,89,0,0,1,0,-1,354,0,175
mb_cap,1,5332,89,5,1,0,4,5,359,-3,172
mb_cap,1,5333,89,0,0,0,0,0,359,0,172
mb_cap,1,5334,89,2,3,0,4,2,361,-1,171
mb_cap,1,5335,89,2,0,1,0,1,362,0,171
mb_cap,1,5336,89,2,4,0,2,2,364,2,173
mb_cap,1,5337,89,0,1,1,3,-1,363,-2,171
mb_cap,1,5338,89,1,0,0,0,1,364,0,171
mb_cap,1,5339,89,1,0,2,0,-1,363,0,171
mb_cap,1,5340,89,2,0,0,0,2,365,0,171
mb_cap,1,5341,90,0,3,1,3,-1,364,0,171
mb_cap,1,5342,90,5,0,3,0,2,366,0,171
mb_cap,1,5343,90,0,4,1,3,-1,365,1,172
mb_cap,1,5344,90,4,0,1,0,3,368,0,172
mb_cap,1,5345,90,0,4,1,3,-1,367,1,173
mb_cap,1,5346,90,0,0,0,1,0,367,-1,172
mb_cap,1,5347,90,0,0,1,1,-1,366,-1,171
mb_cap,1,5348,90,2,0,0,0,2,368,0,171
mb_cap,1,5349,90,0,0,1,0,-1,367,0,171
mb_cap,1,5350,90,1,0,0,0,1,368,0,171
mb_cap,1,5351,90,2,0,3,0,-1,367,0,171
mb_cap,1,5352,90,2,2,0,4,2,369,-2,169
mb_cap,1,5353,90,0,0,2,1,-2,367,-1,168
mb_cap,1,5354,90,0,0,0,0,0,367,0,168
mb_cap,1,5355,90,1,9,2,7,-1,366,2,170
mb_cap,1,5356,90,5,0,0,1,5,371,-1,169
mb_cap,1,5357,90,1,3,1,3,0,371,0,169
mb_cap,1,5358,90,1,0,1,0,0,371,0,169
mb_cap,1,5359,90,1,1,0,2,1,372,-1,168
mb_cap,1,5360,90,1,0,1,1,0,372,-1,167
mb_cap,1,5361,90,0,0,0,0,0,372,0,167
mb_cap,1,5362,90,0,0,1,0,-1,371,0,167
mb_cap,1,5363,90,1,0,1,0,0,371,0,167
mb_cap,1,5364,90,1,0,1,0,0,371,0,167
mb_cap,1,5365,90,0,0,0,0,0,371,0,167
mb_cap,1,5366,90,0,0,1,0,-1,370,0,167
mb_cap,1,5367,90,0,0,0,0,0,370,0,167
mb_cap,1,5368,90,3,0,1,0,2,372,0,167
mb_cap,1,5369,90,0,0,0,1,0,372,-1,166
mb_cap,1,5370,90,1,2,1,1,0,372,1,167
mb_cap,1,5371,90,0,0,1,0,-1,371,0,167
mb_cap,1,5372,90,0,0,0,0,0,371,0,167
mb_cap,1,5373,90,1,0,1,0,0,371,0,167
mb_cap,1,5374,90,1,0,0,0,1,372,0,167
mb_cap,1,5375,90,1,0,2,0,-1,371,0,167
mb_cap,1,5376,90,2,0,0,0,2,373,0,167
mb_cap,1,5377,90,0,0,1,0,-1,372,0,167
mb_cap,1,5378,90,0,0,0,0,0,372,0,167
mb_cap,1,5379,90,0,0,1,0,-1,371,0,167
mb_cap,1,5380,90,2,0,0,0,2,373,0,167
mb_cap,1,5381,90,0,0,1,0,-1,372,0,167
mb_cap,1,5382,90,0,0,0,0,0,372,0,167
mb_cap,1,5383,90,0,0,1,0,-1,371,0,167
mb_cap,1,5384,90,2,0,0,0,2,373,0,167
mb_cap,1,5385,90,0,0,2,0,-2,371,0,167
mb_cap,1,5386,90,0,0,1,0,-1,370,0,167
mb_cap,1,5387,90,3,0,2,0,1,371,0,167
mb_cap,1,5388,90,0,0,0,0,0,371,0,167
mb_cap,1,5389,90,0,0,0,0,0,371,0,167
mb_cap,1,5390,90,0,0,1,0,-1,370,0,167
mb_cap,1,5391,90,0,0,0,0,0,370,0,167
mb_cap,1,5392,90,2,0,2,0,0,370,0,167
mb_cap,1,5393,90,0,0,0,0,0,370,0,167
mb_cap,1,5394,90,0,1,0,0,0,370,1,168
mb_cap,1,5395,90,0,1,2,0,-2,368,1,169
mb_cap,1,5396,90,1,0,0,0,1,369,0,169
mb_cap,1,5397,90,1,0,1,1,0,369,-1,168
mb_cap,1,5398,90,0,1,0,0,0,369,1,169
mb_cap,1,5399,90,1,0,2,1,-1,368,-1,168
mb_cap,1,5400,90,2,0,0,0,2,370,0,168
mb_cap,1,5401,91,0,0,1,0,-1,369,0,168
mb_cap,1,5402,91,0,0,1,0,-1,368,0,168
mb_cap,1,5403,91,0,0,2,0,-2,366,0,168
mb_cap,1,5404,91,3,1,1,1,2,368,0,168
mb_cap,1,5405,91,0,0,1,0,-1,367,0,168
mb_cap,1,5406,91,0,0,0,0,0,367,0,168
mb_cap,1,5407,91,0,0,1,0,-1,366,0,168
mb_cap,1,5408,91,2,0,0,0,2,368,0,168
mb_cap,1,5409,91,0,1,1,1,-1,367,0,168
mb_cap,1,5410,91,2,3,0,4,2,369,-1,167
mb_cap,1,5411,91,1,0,4,0,-3,366,0,167
mb_cap,1,5412,91,3,0,1,1,2,368,-1,166
mb_cap,1,5413,91,0,0,2,0,-2,366,0,166
mb_cap,1,5414,91,0,0,0,0,0,366,0,166
mb_cap,1,5415,91,0,1,1,0,-1,365,1,167
mb_cap,1,5416,91,2,0,0,1,2,367,-1,166
mb_cap,1,5417,91,1,2,3,3,-2,365,-1,165
mb_cap,1,5418,91,0,0,0,0,0,365,0,165
mb_cap,1,5419,91,0,0,2,0,-2,363,0,165
mb_cap,1,5420,91,3,2,0,2,3,366,0,165
mb_cap,1,5421,91,0,0,1,0,-1,365,0,165
mb_cap,1,5422,91,0,0,0,0,0,365,0,165
mb_cap,1,5423,91,1,0,3,0,-2,363,0,165
mb_cap,1,5424,91,2,0,0,0,2,365,0,165
mb_cap,1,5425,91,0,0,1,0,-1,364,0,165
mb_cap,1,5426,91,0,0,0,0,0,364,0,165
mb_cap,1,5427,91,0,0,1,0,-1,363,0,165
mb_cap,1,5428,91,0,0,0,1,0,363,-1,164
mb_cap,1,5429,91,4,0,2,0,2,365,0,164
mb_cap,1,5430,91,0,0,0,0,0,365,0,164
mb_cap,1,5431,91,0,0,0,0,0,365,0,164
mb_cap,1,5432,91,0,0,1,0,-1,364,0,164
mb_cap,1,5433,91,0,0,0,0,0,364,0,164
mb_cap,1,5434,91,0,0,1,0,-1,363,0,164
mb_cap,1,5435,91,0,0,1,0,-1,362,0,164
mb_cap,1,5436,91,2,0,1,0,1,363,0,164
mb_cap,1,5437,91,1,0,0,0,1,364,0,164
mb_cap,1,5438,91,0,0,0,0,0,364,0,164
mb_cap,1,5439,91,0,0,0,0,0,364,0,164
mb_cap,1,5440,91,0,0,0,0,0,364,0,164
mb_cap,1,5441,91,2,0,1,0,1,365,0,164
mb_cap,1,5442,91,0,0,0,0,0,365,0,164
mb_cap,1,5443,91,0,0,1,0,-1,364,0,164
mb_cap,1,5444,91,0,3,0,3,0,364,0,164
mb_cap,1,5445,91,3,0,1,0,2,366,0,164
mb_cap,1,5446,91,0,0,1,0,-1,365,0,164
mb_cap,1,5447,91,0,0,1,0,-1,364,0,164
mb_cap,1,5448,91,2,0,1,0,1,365,0,164
mb_cap,1,5449,91,2,0,1,0,1,366,0,164
mb_cap,1,5450,91,1,2,0,2,1,367,0,164
mb_cap,1,5451,91,0,0,2,0,-2,365,0,164
mb_cap,1,5452,91,0,0,0,0,0,365,0,164
mb_cap,1,5453,91,4,0,2,0,2,367,0,164
mb_cap,1,5454,91,3,7,4,8,-1,366,-1,163
mb_cap,1,5455,91,1,0,2,0,-1,365,0,163
mb_cap,1,5456,91,0,0,0,0,0,365,0,163
mb_cap,1,5457,91,3,0,2,0,1,366,0,163
mb_cap,1,5458,91,0,0,0,0,0,366,0,163
mb_cap,1,5459,91,0,5,7,6,-7,359,-1,162
mb_cap,1,5460,91,0,0,0,1,0,359,-1,161
mb_cap,1,5461,92,1,1,2,0,-1,358,1,162
mb_cap,1,5462,92,0,0,0,0,0,358,0,162
mb_cap,1,5463,92,0,0,1,0,-1,357,0,162
mb_cap,1,5464,92,0,0,0,0,0,357,0,162
mb_cap,1,5465,92,1,0,1,0,0,357,0,162
mb_cap,1,5466,92,0,3,0,3,0,357,0,162
mb_cap,1,5467,92,1,2,1,2,0,357,0,162
mb_cap,1,5468,92,0,0,0,0,0,357,0,162
mb_cap,1,5469,92,3,0,3,0,0,357,0,162
mb_cap,1,5470,92,1,0,0,0,1,358,0,162
mb_cap,1,5471,92,0,0,1,0,-1,357,0,162
mb_cap,1,5472,92,0,0,0,0,0,357,0,162
mb_cap,1,5473,92,2,0,2,0,0,357,0,162
mb_cap,1,5474,92,0,3,0,3,0,357,0,162
mb_cap,1,5475,92,0,3,1,4,-1,356,-1,161
mb_cap,1,5476,92,0,0,0,1,0,356,-1,160
mb_cap,1,5477,92,2,0,1,0,1,357,0,160
mb_cap,1,5478,92,0,0,0,0,0,357,0,160
mb_cap,1,5479,92,0,0,2,0,-2,355,0,160
mb_cap,1,5480,92,1,0,1,0,0,355,0,160
mb_cap,1,5481,92,5,0,2,0,3,358,0,160
mb_cap,1,5482,92,0,0,0,0,0,358,0,160
mb_cap,1,5483,92,0,0,0,0,0,358,0,160
mb_cap,1,5484,92,0,0,1,0,-1,357,0,160
mb_cap,1,5485,92,0,0,0,0,0,357,0,160
mb_cap,1,5486,92,0,0,1,0,-1,356,0,160
mb_cap,1,5487,92,0,0,0,0,0,356,0,160
mb_cap,1,5488,92,0,7,1,6,-1,355,1,161
mb_cap,1,5489,92,3,7,0,9,3,358,-2,159
mb_cap,1,5490,92,1,13,1,12,0,358,1,160
mb_cap,1,5491,92,0,0,0,3,0,358,-3,157
mb_cap,1,5492,92,0,2,1,3,-1,357,-1,156
mb_cap,1,5493,92,5,11,1,11,4,361,0,156
mb_cap,1,5494,92,0,0,2,1,-2,359,-1,155
mb_cap,1,5495,92,0,0,0,0,0,359,0,155
mb_cap,1,5496,92,0,0,1,0,-1,358,0,155
mb_cap,1,5497,92,3,0,0,0,3,361,0,155
mb_cap,1,5498,92,0,0,1,0,-1,360,0,155
mb_cap,1,5499,92,0,0,0,0,0,360,0,155
mb_cap,1,5500,92,1,1,3,1,-2,358,0,155
mb_cap,1,5501,92,1,0,0,0,1,359,0,155
mb_cap,1,5502,92,0,0,1,0,-1,358,0,155
mb_cap,1,5503,92,0,0,0,0,0,358,0,155
mb_cap,1,5504,92,1,0,2,0,-1,357,0,155
mb_cap,1,5505,92,3,0,0,0,3,360,0,155
mb_cap,1,5506,92,0,0,1,0,-1,359,0,155
mb_cap,1,5507,92,0,0,0,0,0,359,0,155
mb_cap,1,5508,92,0,0,1,0,-1,358,0,155
mb_cap,1,5509,92,1,0,0,0,1,359,0,155
mb_cap,1,5510,92,0,0,2,0,-2,357,0,155
mb_cap,1,5511,92,0,0,0,0,0,357,0,155
mb_cap,1,5512,92,2,0,1,0,1,358,0,155
mb_cap,1,5513,92,1,2,0,3,1,359,-1,154
mb_cap,1,5514,92,2,0,0,0,2,361,0,154
mb_cap,1,5515,92,0,0,1,0,-1,360,0,154
mb_cap,1,5516,92,0,0,1,0,-1,359,0,154
mb_cap,1,5517,92,3,0,1,0,2,361,0,154
mb_cap,1,5518,92,0,0,0,0,0,361,0,154
mb_cap,1,5519,92,0,5,0,6,0,361,-1,153
mb_cap,1,5520,92,3,10,2,11,1,362,-1,152
mb_cap,1,5521,93,0,2,3,3,-3,359,-1,151
mb_cap,1,5522,93,0,0,1,1,-1,358,-1,150
mb_cap,1,5523,93,1,0,0,0,1,359,0,150
mb_cap,1,5524,93,0,0,1,0,-1,358,0,150
mb_cap,1,5525,93,3,0,0,0,3,361,0,150
mb_cap,1,5526,93,0,0,1,0,-1,360,0,150
mb_cap,1,5527,93,0,0,1,0,-1,359,0,150
mb_cap,1,5528,93,0,1,1,1,-1,358,0,150
mb_cap,1,5529,93,1,0,0,0,1,359,0,150
mb_cap,1,5530,93,1,0,1,0,0,359,0,150
mb_cap,1,5531,93,0,0,0,0,0,359,0,150
mb_cap,1,5532,93,0,0,1,0,-1,358,0,150
mb_cap,1,5533,93,2,0,1,0,1,359,0,150
mb_cap,1,5534,93,0,0,1,0,-1,358,0,150
mb_cap,1,5535,93,0,0,1,0,-1,357,0,150
mb_cap,1,5536,93,0,0,1,0,-1,356,0,150
mb_cap,1,5537,93,2,0,0,0,2,358,0,150
mb_cap,1,5538,93,1,0,2,0,-1,357,0,150
mb_cap,1,5539,93,0,0,1,0,-1,356,0,150
mb_cap,1,5540,93,0,0,1,0,-1,355,0,150
mb_cap,1,5541,93,4,0,1,0,3,358,0,150
mb_cap,1,5542,93,0,0,1,0,-1,357,0,150
mb_cap,1,5543,93,0,0,0,0,0,357,0,150
mb_cap,1,5544,93,0,0,3,0,-3,354,0,150
mb_cap,1,5545,93,2,2,0,2,2,356,0,150
mb_cap,1,5546,93,0,3,1,3,-1,355,0,150
mb_cap,1,5547,93,0,0,0,0,0,355,0,150
mb_cap,1,5548,93,0,0,1,0,-1,354,0,150
mb_cap,1,5549,93,3,3,1,4,2,356,-1,149
mb_cap,1,5550,93,1,2,1,2,0,356,0,149
mb_cap,1,5551,93,0,0,0,0,0,356,0,149
mb_cap,1,5552,93,0,0,1,0,-1,355,0,149
mb_cap,1,5553,93,2,0,1,0,1,356,0,149
mb_cap,1,5554,93,2,5,3,3,-1,355,2,151
mb_cap,1,5555,93,1,2,0,4,1,356,-2,149
mb_cap,1,5556,93,1,0,2,0,-1,355,0,149
mb_cap,1,5557,93,2,3,0,3,2,357,0,149
mb_cap,1,5558,93,0,0,1,0,-1,356,0,149
mb_cap,1,5559,93,0,3,0,2,0,356,1,150
mb_cap,1,5560,93,0,0,1,0,-1,355,0,150
mb_cap,1,5561,93,3,0,1,0,2,357,0,150
mb_cap,1,5562,93,0,0,2,0,-2,355,0,150
mb_cap,1,5563,93,0,0,0,0,0,355,0,150
mb_cap,1,5564,93,0,0,1,0,-1,354,0,150
mb_cap,1,5565,93,2,0,0,0,2,356,0,150
mb_cap,1,5566,93,1,0,1,0,0,356,0,150
mb_cap,1,5567,93,0,0,0,0,0,356,0,150
mb_cap,1,5568,93,0,3,1,4,-1,355,-1,149
mb_cap,1,5569,93,8,5,2,5,6,361,0,149
mb_cap,1,5570,93,0,4,2,4,-2,359,0,149
mb_cap,1,5571,93,0,0,0,0,0,359,0,149
mb_cap,1,5572,93,0,0,1,0,-1,358,0,149
mb_cap,1,5573,93,4,0,2,0,2,360,0,149
mb_cap,1,5574,93,0,0,1,0,-1,359,0,149
mb_cap,1,5575,93,0,0,0,0,0,359,0,149
mb_cap,1,5576,93,1,0,4,0,-3,356,0,149
mb_cap,1,5577,93,2,5,1,6,1,357,-1,148
mb_cap,1,5578,93,0,0,1,0,-1,356,0,148
mb_cap,1,5579,93,0,0,0,0,0,356,0,148
mb_cap,1,5580,93,0,0,1,0,-1,355,0,148
mb_cap,1,5581,94,2,0,0,0,2,357,0,148
mb_cap,1,5582,94,0,0,2,0,-2,355,0,148
mb_cap,1,5583,94,0,0,0,0,0,355,0,148
mb_cap,1,5584,94,0,0,1,1,-1,354,-1,147
mb_cap,1,5585,94,2,0,1,0,1,355,0,147
mb_cap,1,5586,94,0,0,1,0,-1,354,0,147
mb_cap,1,5587,94,0,0,0,0,0,354,0,147
mb_cap,1,5588,94,0,0,1,0,-1,353,0,147
mb_cap,1,5589,94,1,0,0,0,1,354,0,147
mb_cap,1,5590,94,1,3,2,3,-1,353,0,147
mb_cap,1,5591,94,1,0,0,0,1,354,0,147
mb_cap,1,5592,94,0,0,1,0,-1,353,0,147
mb_cap,1,5593,94,2,0,1,0,1,354,0,147
mb_cap,1,5594,94,0,2,1,1,-1,353,1,148
mb_cap,1,5595,94,1,0,0,0,1,354,0,148
mb_cap,1,5596,94,1,0,1,0,0,354,0,148
mb_cap,1,5597,94,3,0,0,0,3,357,0,148
mb_cap,1,5598,94,0,0,1,0,-1,356,0,148
mb_cap,1,5599,94,0,0,0,0,0,356,0,148
mb_cap,1,5600,94,0,0,1,0,-1,355,0,148
mb_cap,1,5601,94,2,0,3,0,-1,354,0,148
mb_cap,1,5602,94,1,0,1,1,0,354,-1,147
mb_cap,1,5603,94,0,0,0,0,0,354,0,147
mb_cap,1,5604,94,1,0,2,0,-1,353,0,147
mb_cap,1,5605,94,2,0,0,0,2,355,0,147
mb_cap,1,5606,94,0,0,1,0,-1,354,0,147
mb_cap,1,5607,94,0,0,0,0,0,354,0,147
mb_cap,1,5608,94,0,0,1,0,-1,353,0,147
mb_cap,1,5609,94,3,0,1,0,2,355,0,147
mb_cap,1,5610,94,0,0,1,0,-1,354,0,147
mb_cap,1,5611,94,0,0,1,0,-1,353,0,147
mb_cap,1,5612,94,0,0,1,0,-1,352,0,147
mb_cap,1,5613,94,2,0,0,0,2,354,0,147
mb_cap,1,5614,94,0,0,1,0,-1,353,0,147
mb_cap,1,5615,94,0,0,0,0,0,353,0,147
mb_cap,1,5616,94,0,0,2,0,-2,351,0,147
mb_cap,1,5617,94,1,1,0,2,1,352,-1,146
mb_cap,1,5618,94,4,0,2,0,2,354,0,146
mb_cap,1,5619,94,0,0,0,0,0,354,0,146
mb_cap,1,5620,94,1,4,0,4,1,355,0,146
mb_cap,1,5621,94,1,1,2,0,-1,354,1,147
mb_cap,1,5622,94,3,0,1,0,2,356,0,147
mb_cap,1,5623,94,1,4,1,3,0,356,1,148
mb_cap,1,5624,94,0,0,0,0,0,356,0,148
mb_cap,1,5625,94,0,0,1,0,-1,355,0,148
mb_cap,1,5626,94,3,1,0,0,3,358,1,149
mb_cap,1,5627,94,0,0,1,0,-1,357,0,149
mb_cap,1,5628,94,0,0,0,0,0,357,0,149
mb_cap,1,5629,94,0,1,2,2,-2,355,-1,148
mb_cap,1,5630,94,2,2,1,2,1,356,0,148
mb_cap,1,5631,94,1,0,1,0,0,356,0,148
mb_cap,1,5632,94,1,4,1,3,0,356,1,149
mb_cap,1,5633,94,2,0,1,0,1,357,0,149
mb_cap,1,5634,94,1,0,0,0,1,358,0,149
mb_cap,1,5635,94,0,0,1,0,-1,357,0,149
mb_cap,1,5636,94,1,2,1,3,0,357,-1,148
mb_cap,1,5637,94,0,0,0,0,0,357,0,148
mb_cap,1,5638,94,4,0,2,0,2,359,0,148
mb_cap,1,5639,94,0,0,0,0,0,359,0,148
mb_cap,1,5640,94,0,0,0,0,0,359,0,148
mb_cap,1,5641,95,0,0,1,0,-1,358,0,148
mb_cap,1,5642,95,1,1,0,2,1,359,-1,147
mb_cap,1,5643,95,0,3,2,3,-2,357,0,147
mb_cap,1,5644,95,0,0,0,0,0,357,0,147
mb_cap,1,5645,95,2,0,1,0,1,358,0,147
mb_cap,1,5646,95,1,0,0,0,1,359,0,147
mb_cap,1,5647,95,0,0,0,1,0,359,-1,146
mb_cap,1,5648,95,0,0,2,0,-2,357,0,146
mb_cap,1,5649,95,0,0,0,0,0,357,0,146
mb_cap,1,5650,95,3,0,1,0,2,359,0,146
mb_cap,1,5651,95,0,0,0,0,0,359,0,146
mb_cap,1,5652,95,0,0,2,0,-2,357,0,146
mb_cap,1,5653,95,0,0,1,0,-1,356,0,146
mb_cap,1,5654,95,3,0,2,0,1,357,0,146
mb_cap,1,5655,95,0,0,0,0,0,357,0,146
mb_cap,1,5656,95,0,2,1,2,-1,356,0,146
mb_cap,1,5657,95,1,0,1,0,0,356,0,146
mb_cap,1,5658,95,2,0,1,0,1,357,0,146
mb_cap,1,5659,95,0,0,0,0,0,357,0,146
mb_cap,1,5660,95,1,0,1,0,0,357,0,146
mb_cap,1,5661,95,0,0,0,0,0,357,0,146
mb_cap,1,5662,95,2,0,1,0,1,358,0,146
mb_cap,1,5663,95,0,0,0,0,0,358,0,146
mb_cap,1,5664,95,0,0,1,0,-1,357,0,146
mb_cap,1,5665,95,0,0,0,0,0,357,0,146
mb_cap,1,5666,95,4,0,3,0,1,358,0,146
mb_cap,1,5667,95,0,0,0,0,0,358,0,146
mb_cap,1,5668,95,0,0,0,1,0,358,-1,145
mb_cap,1,5669,95,0,0,1,0,-1,357,0,145
mb_cap,1,5670,95,1,0,0,0,1,358,0,145
mb_cap,1,5671,95,0,0,1,0,-1,357,0,145
mb_cap,1,5672,95,0,0,0,0,0,357,0,145
mb_cap,1,5673,95,0,0,1,0,-1,356,0,145
mb_cap,1,5674,95,3,0,0,0,3,359,0,145
mb_cap,1,5675,95,0,0,1,0,-1,358,0,145
mb_cap,1,5676,95,0,0,0,0,0,358,0,145
mb_cap,1,5677,95,0,0,1,0,-1,357,0,145
mb_cap,1,5678,95,1,0,1,0,0,357,0,145
mb_cap,1,5679,95,1,1,1,2,0,357,-1,144
mb_cap,1,5680,95,0,0,0,0,0,357,0,144
mb_cap,1,5681,95,0,0,1,0,-1,356,0,144
mb_cap,1,5682,95,2,0,1,0,1,357,0,144
mb_cap,1,5683,95,0,3,1,4,-1,356,-1,143
mb_cap,1,5684,95,0,0,0,0,0,356,0,143
mb_cap,1,5685,95,0,0,1,0,-1,355,0,143
mb_cap,1,5686,95,2,0,0,0,2,357,0,143
mb_cap,1,5687,95,0,0,1,0,-1,356,0,143
mb_cap,1,5688,95,0,0,0,0,0,356,0,143
mb_cap,1,5689,95,1,0,2,0,-1,355,0,143
mb_cap,1,5690,95,2,0,0,0,2,357,0,143
mb_cap,1,5691,95,0,0,1,0,-1,356,0,143
mb_cap,1,5692,95,0,0,0,0,0,356,0,143
mb_cap,1,5693,95,0,0,2,0,-2,354,0,143
mb_cap,1,5694,95,1,0,0,0,1,355,0,143
mb_cap,1,5695,95,0,0,1,0,-1,354,0,143
mb_cap,1,5696,95,0,0,0,0,0,354,0,143
mb_cap,1,5697,95,1,0,2,0,-1,353,0,143
mb_cap,1,5698,95,2,1,1,0,1,354,1,144
mb_cap,1,5699,95,0,0,0,1,0,354,-1,143
mb_cap,1,5700,95,0,0,1,0,-1,353,0,143
mb_cap,1,5701,96,0,0,1,0,-1,352,0,143
mb_cap,1,5702,96,3,0,1,0,2,354,0,143
mb_cap,1,5703,96,0,0,0,0,0,354,0,143
mb_cap,1,5704,96,0,0,0,0,0,354,0,143
mb_cap,1,5705,96,0,0,2,0,-2,352,0,143
mb_cap,1,5706,96,0,0,0,0,0,352,0,143
mb_cap,1,5707,96,1,0,1,0,0,352,0,143
mb_cap,1,5708,96,1,4,0,5,1,353,-1,142
mb_cap,1,5709,96,2,11,2,11,0,353,0,142
mb_cap,1,5710,96,4,3,0,3,4,357,0,142
mb_cap,1,5711,96,0,0,3,0,-3,354,0,142
mb_cap,1,5712,96,0,0,1,0,-1,353,0,142
mb_cap,1,5713,96,2,3,2,3,0,353,0,142
mb_cap,1,5714,96,0,0,0,0,0,353,0,142
mb_cap,1,5715,96,0,0,0,0,0,353,0,142
mb_cap,1,5716,96,0,0,1,0,-1,352,0,142
mb_cap,1,5717,96,0,0,0,0,0,352,0,142
mb_cap,1,5718,96,3,0,1,0,2,354,0,142
mb_cap,1,5719,96,1,11,0,10,1,355,1,143
mb_cap,1,5720,96,0,0,0,1,0,355,-1,142
mb_cap,1,5721,96,0,0,2,0,-2,353,0,142
mb_cap,1,5722,96,0,0,0,0,0,353,0,142
mb_cap,1,5723,96,2,0,2,0,0,353,0,142
mb_cap,1,5724,96,0,0,0,1,0,353,-1,141
mb_cap,1,5725,96,0,0,1,0,-1,352,0,141
mb_cap,1,5726,96,2,0,0,0,2,354,0,141
mb_cap,1,5727,96,0,0,1,0,-1,353,0,141
mb_cap,1,5728,96,0,0,1,0,-1,352,0,141
mb_cap,1,5729,96,2,0,1,0,1,353,0,141
mb_cap,1,5730,96,0,0,0,0,0,353,0,141
mb_cap,1,5731,96,0,0,0,0,0,353,0,141
mb_cap,1,5732,96,0,0,1,0,-1,352,0,141
mb_cap,1,5733,96,0,0,1,0,-1,351,0,141
mb_cap,1,5734,96,3,0,1,0,2,353,0,141
mb_cap,1,5735,96,1,9,2,8,-1,352,1,142
mb_cap,1,5736,96,1,0,0,1,1,353,-1,141
mb_cap,1,5737,96,0,0,1,0,-1,352,0,141
mb_cap,1,5738,96,2,0,0,0,2,354,0,141
mb_cap,1,5739,96,0,0,1,0,-1,353,0,141
mb_cap,1,5740,96,1,2,0,2,1,354,0,141
mb_cap,1,5741,96,0,0,2,1,-2,352,-1,140
mb_cap,1,5742,96,2,0,0,0,2,354,0,140
mb_cap,1,5743,96,0,2,1,4,-1,353,-2,138
mb_cap,1,5744,96,1,0,0,0,1,354,0,138
mb_cap,1,5745,96,0,0,1,0,-1,353,0,138
mb_cap,1,5746,96,2,0,2,0,0,353,0,138
mb_cap,1,5747,96,0,0,1,0,-1,352,0,138
mb_cap,1,5748,96,0,0,0,0,0,352,0,138
mb_cap,1,5749,96,0,1,1,0,-1,351,1,139
mb_cap,1,5750,96,2,1,0,0,2,353,1,140
mb_cap,1,5751,96,0,0,1,0,-1,352,0,140
mb_cap,1,5752,96,0,0,0,0,0,352,0,140
mb_cap,1,5753,96,2,0,2,0,0,352,0,140
mb_cap,1,5754,96,6,1,5,2,1,353,-1,139
mb_cap,1,5755,96,0,0,1,0,-1,352,0,139
mb_cap,1,5756,96,0,0,0,0,0,352,0,139
mb_cap,1,5757,96,0,0,1,0,-1,351,0,139
mb_cap,1,5758,96,3,0,1,0,2,353,0,139
mb_cap,1,5759,96,1,0,3,0,-2,351,0,139
mb_cap,1,5760,96,0,0,1,0,-1,350,0,139
mb_cap,1,5761,97,0,0,1,0,-1,349,0,139
mb_cap,1,5762,97,2,0,0,0,2,351,0,139
mb_cap,1,5763,97,0,4,1,3,-1,350,1,140
mb_cap,1,5764,97,0,0,0,1,0,350,-1,139
mb_cap,1,5765,97,0,0,1,0,-1,349,0,139
mb_cap,1,5766,97,2,4,0,3,2,351,1,140
mb_cap,1,5767,97,1,2,1,2,0,351,0,140
mb_cap,1,5768,97,0,0,0,0,0,351,0,140
mb_cap,1,5769,97,0,0,1,0,-1,350,0,140
mb_cap,1,5770,97,4,0,3,0,1,351,0,140
mb_cap,1,5771,97,0,0,1,0,-1,350,0,140
mb_cap,1,5772,97,0,0,0,0,0,350,0,140
mb_cap,1,5773,97,0,0,2,0,-2,348,0,140
mb_cap,1,5774,97,2,0,0,0,2,350,0,140
mb_cap,1,5775,97,0,0,2,0,-2,348,0,140
mb_cap,1,5776,97,0,0,0,0,0,348,0,140
mb_cap,1,5777,97,0,0,1,0,-1,347,0,140
mb_cap,1,5778,97,2,1,0,1,2,349,0,140
mb_cap,1,5779,97,0,1,1,0,-1,348,1,141
mb_cap,1,5780,97,2,5,0,6,2,350,-1,140
mb_cap,1,5781,97,0,3,1,4,-1,349,-1,139
mb_cap,1,5782,97,3,0,1,0,2,351,0,139
mb_cap,1,5783,97,0,0,1,0,-1,350,0,139
mb_cap,1,5784,97,0,0,0,0,0,350,0,139
mb_cap,1,5785,97,0,0,2,0,-2,348,0,139
mb_cap,1,5786,97,0,0,0,0,0,348,0,139
mb_cap,1,5787,97,2,0,1,0,1,349,0,139
mb_cap,1,5788,97,0,0,0,0,0,349,0,139
mb_cap,1,5789,97,0,0,0,0,0,349,0,139
mb_cap,1,5790,97,0,0,2,0,-2,347,0,139
mb_cap,1,5791,97,0,0,1,1,-1,346,-1,138
mb_cap,1,5792,97,1,0,1,0,0,346,0,138
mb_cap,1,5793,97,0,0,0,0,0,346,0,138
mb_cap,1,5794,97,1,0,2,0,-1,345,0,138
mb_cap,1,5795,97,2,0,0,0,2,347,0,138
mb_cap,1,5796,97,0,0,1,0,-1,346,0,138
mb_cap,1,5797,97,0,0,0,0,0,346,0,138
mb_cap,1,5798,97,0,0,1,0,-1,345,0,138
mb_cap,1,5799,97,2,1,2,0,0,345,1,139
mb_cap,1,5800,97,0,0,1,0,-1,344,0,139
mb_cap,1,5801,97,0,0,0,0,0,344,0,139
mb_cap,1,5802,97,0,0,1,0,-1,343,0,139
mb_cap,1,5803,97,1,0,0,0,1,344,0,139
mb_cap,1,5804,97,0,0,1,0,-1,343,0,139
mb_cap,1,5805,97,0,0,0,0,0,343,0,139
mb_cap,1,5806,97,1,0,2,0,-1,342,0,139
mb_cap,1,5807,97,2,0,0,0,2,344,0,139
mb_cap,1,5808,97,0,0,1,0,-1,343,0,139
mb_cap,1,5809,97,0,2,0,2,0,343,0,139
mb_cap,1,5810,97,1,0,1,0,0,343,0,139
mb_cap,1,5811,97,2,0,0,0,2,345,0,139
mb_cap,1,5812,97,0,0,1,0,-1,344,0,139
mb_cap,1,5813,97,0,0,0,0,0,344,0,139
mb_cap,1,5814,97,0,0,1,0,-1,343,0,139
mb_cap,1,5815,97,2,0,0,0,2,345,0,139
mb_cap,1,5816,97,0,0,1,0,-1,344,0,139
mb_cap,1,5817,97,0,0,0,0,0,344,0,139
mb_cap,1,5818,97,1,0,2,0,-1,343,0,139
mb_cap,1,5819,97,2,0,0,0,2,345,0,139
mb_cap,1,5820,97,0,0,1,0,-1,344,0,139
mb_cap,1,5821,98,0,1,1,1,-1,343,0,139
mb_cap,1,5822,98,1,0,1,0,0,343,0,139
mb_cap,1,5823,98,0,0,0,0,0,343,0,139
mb_cap,1,5824,98,0,0,0,0,0,343,0,139
mb_cap,1,5825,98,0,0,1,0,-1,342,0,139
mb_cap,1,5826,98,0,0,0,0,0,342,0,139
mb_cap,1,5827,98,3,0,1,0,2,344,0,139
mb_cap,1,5828,98,0,0,0,0,0,344,0,139
mb_cap,1,5829,98,0,0,0,0,0,344,0,139
mb_cap,1,5830,98,1,0,2,0,-1,343,0,139
mb_cap,1,5831,98,2,0,0,0,2,345,0,139
mb_cap,1,5832,98,0,0,1,0,-1,344,0,139
mb_cap,1,5833,98,0,0,1,0,-1,343,0,139
mb_cap,1,5834,98,0,0,1,0,-1,342,0,139
mb_cap,1,5835,98,2,0,0,0,2,344,0,139
mb_cap,1,5836,98,0,0,2,0,-2,342,0,139
mb_cap,1,5837,98,0,0,0,0,0,342,0,139
mb_cap,1,5838,98,0,0,1,0,-1,341,0,139
mb_cap,1,5839,98,2,0,0,0,2,343,0,139
mb_cap,1,5840,98,0,0,1,0,-1,342,0,139
mb_cap,1,5841,98,0,0,1,0,-1,341,0,139
mb_cap,1,5842,98,2,0,1,0,1,342,0,139
mb_cap,1,5843,98,0,7,0,9,0,342,-2,137
mb_cap,1,5844,98,1,2,0,3,1,343,-1,136
mb_cap,1,5845,98,1,1,1,2,0,343,-1,135
mb_cap,1,5846,98,1,0,0,1,1,344,-1,134
mb_cap,1,5847,98,4,1,1,2,3,347,-1,133
mb_cap,1,5848,98,0,0,0,0,0,347,0,133
mb_cap,1,5849,98,0,0,0,0,0,347,0,133
mb_cap,1,5850,98,8,0,2,0,6,353,0,133
mb_cap,1,5851,98,0,0,0,0,0,353,0,133
mb_cap,1,5852,98,3,0,3,0,0,353,0,133
mb_cap,1,5853,98,0,0,0,0,0,353,0,133
mb_cap,1,5854,98,0,0,0,0,0,353,0,133
mb_cap,1,5855,98,1,0,1,0,0,353,0,133
mb_cap,1,5856,98,0,0,0,0,0,353,0,133
mb_cap,1,5857,98,0,0,1,0,-1,352,0,133
mb_cap,1,5858,98,3,3,0,4,3,355,-1,132
mb_cap,1,5859,98,4,2,1,2,3,358,0,132
mb_cap,1,5860,98,0,0,0,0,0,358,0,132
mb_cap,1,5861,98,0,0,0,0,0,358,0,132
mb_cap,1,5862,98,0,0,1,0,-1,357,0,132
mb_cap,1,5863,98,0,2,0,1,0,357,1,133
mb_cap,1,5864,98,3,0,3,0,0,357,0,133
mb_cap,1,5865,98,0,0,0,0,0,357,0,133
mb_cap,1,5866,98,0,0,1,0,-1,356,0,133
mb_cap,1,5867,98,2,0,0,0,2,358,0,133
mb_cap,1,5868,98,0,0,1,0,-1,357,0,133
mb_cap,1,5869,98,3,5,3,5,0,357,0,133
mb_cap,1,5870,98,0,3,1,3,-1,356,0,133
mb_cap,1,5871,98,2,12,0,12,2,358,0,133
mb_cap,1,5872,98,0,3,1,4,-1,357,-1,132
mb_cap,1,5873,98,0,14,0,12,0,357,2,134
mb_cap,1,5874,98,0,4,1,5,-1,356,-1,133
mb_cap,1,5875,98,3,2,0,5,3,359,-3,130
mb_cap,1,5876,98,1,4,2,3,-1,358,1,131
mb_cap,1,5877,98,0,8,0,11,0,358,-3,128
mb_cap,1,5878,98,0,1,1,1,-1,357,0,128
mb_cap,1,5879,98,2,0,0,0,2,359,0,128
mb_cap,1,5880,98,0,0,1,0,-1,358,0,128
mb_cap,1,5881,99,0,0,0,0,0,358,0,128
mb_cap,1,5882,99,0,0,1,0,-1,357,0,128
mb_cap,1,5883,99,3,0,1,0,2,359,0,128
mb_cap,1,5884,99,0,0,1,0,-1,358,0,128
mb_cap,1,5885,99,0,4,0,2,0,358,2,130
mb_cap,1,5886,99,0,0,1,0,-1,357,0,130
mb_cap,1,5887,99,3,0,1,0,2,359,0,130
mb_cap,1,5888,99,0,19,1,20,-1,358,-1,129
mb_cap,1,5889,99,3,3,0,3,3,361,0,129
mb_cap,1,5890,99,8,11,1,10,7,368,1,130
mb_cap,1,5891,99,3,1,1,2,2,370,-1,129
mb_cap,1,5892,99,0,0,1,0,-1,369,0,129
mb_cap,1,5893,99,0,1,1,0,-1,368,1,130
mb_cap,1,5894,99,0,0,1,2,-1,367,-2,128
mb_cap,1,5895,99,2,0,0,0,2,369,0,128
mb_cap,1,5896,99,0,0,1,0,-1,368,0,128
mb_cap,1,5897,99,0,0,0,0,0,368,0,128
mb_cap,1,5898,99,1,2,2,4,-1,367,-2,126
mb_cap,1,5899,99,5,0,2,1,3,370,-1,125
mb_cap,1,5900,99,1,2,1,3,0,370,-1,124
mb_cap,1,5901,99,0,0,0,0,0,370,0,124
mb_cap,1,5902,99,0,0,1,0,-1,369,0,124
mb_cap,1,5903,99,2,1,0,0,2,371,1,125
mb_cap,1,5904,99,0,0,1,1,-1,370,-1,124
mb_cap,1,5905,99,0,0,0,1,0,370,-1,123
mb_cap,1,5906,99,0,0,3,0,-3,367,0,123
mb_cap,1,5907,99,2,0,1,0,1,368,0,123
mb_cap,1,5908,99,0,0,1,0,-1,367,0,123
mb_cap,1,5909,99,0,0,0,0,0,367,0,123
mb_cap,1,5910,99,0,0,1,0,-1,366,0,123
mb_cap,1,5911,99,3,0,1,0,2,368,0,123
mb_cap,1,5912,99,0,0,2,0,-2,366,0,123
mb_cap,1,5913,99,1,0,0,1,1,367,-1,122
mb_cap,1,5914,99,1,0,2,0,-1,366,0,122
mb_cap,1,5915,99,2,0,0,0,2,368,0,122
mb_cap,1,5916,99,0,0,1,0,-1,367,0,122
mb_cap,1,5917,99,0,0,0,0,0,367,0,122
mb_cap,1,5918,99,0,0,1,0,-1,366,0,122
mb_cap,1,5919,99,2,0,0,0,2,368,0,122
mb_cap,1,5920,99,0,0,1,0,-1,367,0,122
mb_cap,1,5921,99,0,0,0,0,0,367,0,122
mb_cap,1,5922,99,0,0,1,0,-1,366,0,122
mb_cap,1,5923,99,3,0,1,0,2,368,0,122
mb_cap,1,5924,99,0,0,3,0,-3,365,0,122
mb_cap,1,5925,99,0,0,0,0,0,365,0,122
mb_cap,1,5926,99,0,0,1,0,-1,364,0,122
mb_cap,1,5927,99,2,0,0,0,2,366,0,122
mb_cap,1,5928,99,0,0,1,0,-1,365,0,122
mb_cap,1,5929,99,0,0,0,0,0,365,0,122
mb_cap,1,5930,99,0,0,1,0,-1,364,0,122
mb_cap,1,5931,99,1,0,0,0,1,365,0,122
mb_cap,1,5932,99,0,0,1,0,-1,364,0,122
mb_cap,1,5933,99,0,0,0,0,0,364,0,122
mb_cap,1,5934,99,0,0,1,0,-1,363,0,122
mb_cap,1,5935,99,3,0,1,0,2,365,0,122
mb_cap,1,5936,99,0,0,2,0,-2,363,0,122
mb_cap,1,5937,99,0,0,0,0,0,363,0,122
mb_cap,1,5938,99,0,0,1,0,-1,362,0,122
mb_cap,1,5939,99,2,0,0,0,2,364,0,122
mb_cap,1,5940,99,0,0,5,0,-5,359,0,122
mb_cap,1,5941,100,0,0,0,0,0,359,0,122
mb_cap,1,5942,100,0,0,1,0,-1,358,0,122
mb_cap,1,5943,100,2,4,0,3,2,360,1,123
mb_cap,1,5944,100,0,0,1,0,-1,359,0,123
mb_cap,1,5945,100,0,0,0,0,0,359,0,123
mb_cap,1,5946,100,1,0,2,0,-1,358,0,123
mb_cap,1,5947,100,3,0,1,0,2,360,0,123
mb_cap,1,5948,100,0,0,0,0,0,360,0,123
mb_cap,1,5949,100,0,0,1,0,-1,359,0,123
mb_cap,1,5950,100,1,0,1,0,0,359,0,123
mb_cap,1,5951,100,1,0,1,0,0,359,0,123
mb_cap,1,5952,100,0,0,1,0,-1,358,0,123
mb_cap,1,5953,100,0,0,2,0,-2,356,0,123
mb_cap,1,5954,100,0,0,0,0,0,356,0,123
mb_cap,1,5955,100,3,0,1,0,2,358,0,123
mb_cap,1,5956,100,0,0,1,0,-1,357,0,123
mb_cap,1,5957,100,0,0,0,0,0,357,0,123
mb_cap,1,5958,100,0,0,1,0,-1,356,0,123
mb_cap,1,5959,100,1,0,1,0,0,356,0,123
mb_cap,1,5960,100,1,0,1,0,0,356,0,123
mb_cap,1,5961,100,0,0,0,0,0,356,0,123
mb_cap,1,5962,100,0,0,1,0,-1,355,0,123
mb_cap,1,5963,100,2,0,0,0,2,357,0,123
mb_cap,1,5964,100,0,0,1,0,-1,356,0,123
mb_cap,1,5965,100,0,0,2,0,-2,354,0,123
mb_cap,1,5966,100,0,0,1,0,-1,353,0,123
mb_cap,1,5967,100,2,0,0,0,2,355,0,123
mb_cap,1,5968,100,0,0,1,1,-1,354,-1,122
mb_cap,1,5969,100,0,0,0,0,0,354,0,122
mb_cap,1,5970,100,1,0,2,0,-1,353,0,122
mb_cap,1,5971,100,2,0,0,0,2,355,0,122
mb_cap,1,5972,100,0,0,1,0,-1,354,0,122
mb_cap,1,5973,100,0,0,0,0,0,354,0,122
mb_cap,1,5974,100,0,0,1,0,-1,353,0,122
mb_cap,1,5975,100,4,2,0,2,4,357,0,122
mb_cap,1,5976,100,0,0,1,0,-1,356,0,122
mb_cap,1,5977,100,0,0,1,0,-1,355,0,122
mb_cap,1,5978,100,2,0,1,0,1,356,0,122
mb_cap,1,5979,100,0,0,8,0,-8,348,0,122
mb_cap,1,5980,100,0,0,0,0,0,348,0,122
mb_cap,1,5981,100,0,0,1,0,-1,347,0,122
mb_cap,1,5982,100,1,0,1,0,0,347,0,122
mb_cap,1,5983,100,1,0,1,0,0,347,0,122
mb_cap,1,5984,100,0,0,0,0,0,347,0,122
mb_cap,1,5985,100,0,0,1,0,-1,346,0,122
mb_cap,1,5986,100,1,1,0,2,1,347,-1,121
mb_cap,1,5987,100,3,0,2,0,1,348,0,121
mb_cap,1,5988,100,0,0,0,0,0,348,0,121
mb_cap,1,5989,100,0,0,0,0,0,348,0,121
mb_cap,1,5990,100,0,0,1,0,-1,347,0,121
mb_cap,1,5991,100,0,0,0,0,0,347,0,121
mb_cap,1,5992,100,1,0,1,0,0,347,0,121
mb_cap,1,5993,100,0,0,0,0,0,347,0,121
mb_cap,1,5994,100,1,0,2,0,-1,346,0,121
mb_cap,1,5995,100,2,0,0,0,2,348,0,121
mb_cap,1,5996,100,0,0,1,0,-1,347,0,121
mb_cap,1,5997,100,0,0,0,0,0,347,0,121
mb_cap,1,5998,100,0,1,1,0,-1,346,1,122
mb_cap,1,5999,100,2,0,0,1,2,348,-1,121
mb_cap,1,6000,100,0,0,1,0,-1,347,0,121
mb_cap,1,6001,101,0,0,0,0,0,347,0,121
mb_cap,1,6002,101,0,0,1,0,-1,346,0,121
mb_cap,1,6003,101,2,0,0,0,2,348,0,121
mb_cap,1,6004,101,0,0,1,0,-1,347,0,121
mb_cap,1,6005,101,0,0,0,0,0,347,0,121
mb_cap,1,6006,101,1,0,2,0,-1,346,0,121
mb_cap,1,6007,101,2,0,0,0,2,348,0,121
mb_cap,1,6008,101,1,0,2,0,-1,347,0,121
mb_cap,1,6009,101,0,0,0,0,0,347,0,121
mb_cap,1,6010,101,1,0,1,0,0,347,0,121
mb_cap,1,6011,101,2,0,0,0,2,349,0,121
mb_cap,1,6012,101,0,0,1,0,-1,348,0,121
mb_cap,1,6013,101,1,3,1,2,0,348,1,122
mb_cap,1,6014,101,0,0,1,0,-1,347,0,122
mb_cap,1,6015,101,2,3,0,3,2,349,0,122
mb_cap,1,6016,101,0,0,1,0,-1,348,0,122
mb_cap,1,6017,101,0,0,0,0,0,348,0,122
mb_cap,1,6018,101,1,0,2,0,-1,347,0,122
mb_cap,1,6019,101,2,0,0,0,2,349,0,122
mb_cap,1,6020,101,0,0,1,0,-1,348,0,122
mb_cap,1,6021,101,0,0,0,0,0,348,0,122
mb_cap,1,6022,101,0,0,1,0,-1,347,0,122
mb_cap,1,6023,101,2,0,0,0,2,349,0,122
mb_cap,1,6024,101,0,0,1,0,-1,348,0,122
mb_cap,1,6025,101,0,0,0,0,0,348,0,122
mb_cap,1,6026,101,0,0,1,0,-1,347,0,122
mb_cap,1,6027,101,1,0,0,0,1,348,0,122
mb_cap,1,6028,101,0,0,1,0,-1,347,0,122
mb_cap,1,6029,101,0,0,0,0,0,347,0,122
mb_cap,1,6030,101,0,0,2,0,-2,345,0,122
mb_cap,1,6031,101,2,0,0,0,2,347,0,122
mb_cap,1,6032,101,0,0,1,0,-1,346,0,122
mb_cap,1,6033,101,0,0,0,0,0,346,0,122
mb_cap,1,6034,101,0,0,1,0,-1,345,0,122
mb_cap,1,6035,101,2,0,0,0,2,347,0,122
mb_cap,1,6036,101,0,0,1,0,-1,346,0,122
mb_cap,1,6037,101,0,0,0,0,0,346,0,122
mb_cap,1,6038,101,0,0,1,0,-1,345,0,122
mb_cap,1,6039,101,3,0,1,0,2,347,0,122
mb_cap,1,6040,101,0,0,1,0,-1,346,0,122
mb_cap,1,6041,101,0,0,0,0,0,346,0,122
mb_cap,1,6042,101,1,0,2,0,-1,345,0,122
mb_cap,1,6043,101,2,0,0,1,2,347,-1,121
mb_cap,1,6044,101,0,0,1,0,-1,346,0,121
mb_cap,1,6045,101,0,0,0,0,0,346,0,121
mb_cap,1,6046,101,0,0,1,0,-1,345,0,121
mb_cap,1,6047,101,2,0,0,0,2,347,0,121
mb_cap,1,6048,101,0,0,1,0,-1,346,0,121
mb_cap,1,6049,101,0,0,0,0,0,346,0,121
mb_cap,1,6050,101,0,0,1,0,-1,345,0,121
mb_cap,1,6051,101,2,0,0,0,2,347,0,121
mb_cap,1,6052,101,0,0,1,0,-1,346,0,121
mb_cap,1,6053,101,4,3,2,4,2,348,-1,120
mb_cap,1,6054,101,5,6,7,7,-2,346,-1,119
mb_cap,1,6055,101,3,1,1,1,2,348,0,119
mb_cap,1,6056,101,0,0,1,0,-1,347,0,119
mb_cap,1,6057,101,0,0,0,0,0,347,0,119
mb_cap,1,6058,101,0,0,1,0,-1,346,0,119
mb_cap,1,6059,101,2,0,0,0,2,348,0,119
mb_cap,1,6060,101,0,0,1,0,-1,347,0,119
mb_cap,1,6061,102,0,0,0,0,0,347,0,119
mb_cap,1,6062,102,0,0,2,0,-2,345,0,119
mb_cap,1,6063,102,2,0,0,0,2,347,0,119
mb_cap,1,6064,102,1,2,1,2,0,347,0,119
mb_cap,1,6065,102,1,2,0,2,1,348,0,119
mb_cap,1,6066,102,1,4,2,3,-1,347,1,120
mb_cap,1,6067,102,2,4,0,4,2,349,0,120
mb_cap,1,6068,102,3,0,3,0,0,349,0,120
mb_cap,1,6069,102,1,0,0,0,1,350,0,120
mb_cap,1,6070,102,10,4,4,3,6,356,1,121
mb_cap,1,6071,102,0,0,0,0,0,356,0,121
mb_cap,1,6072,102,0,0,0,0,0,356,0,121
mb_cap,1,6073,102,0,0,2,0,-2,354,0,121
mb_cap,1,6074,102,0,0,0,0,0,354,0,121
mb_cap,1,6075,102,0,0,1,0,-1,353,0,121
mb_cap,1,6076,102,0,0,0,0,0,353,0,121
mb_cap,1,6077,102,0,0,1,0,-1,352,0,121
mb_cap,1,6078,102,0,0,1,0,-1,351,0,121
mb_cap,1,6079,102,4,0,1,0,3,354,0,121
mb_cap,1,6080,102,0,0,0,0,0,354,0,121
mb_cap,1,6081,102,0,0,0,0,0,354,0,121
mb_cap,1,6082,102,0,0,1,0,-1,353,0,121
mb_cap,1,6083,102,0,0,0,0,0,353,0,121
mb_cap,1,6084,102,0,0,1,0,-1,352,0,121
mb_cap,1,6085,102,0,0,0,0,0,352,0,121
mb_cap,1,6086,102,0,0,1,0,-1,351,0,121
mb_cap,1,6087,102,3,0,0,0,3,354,0,121
mb_cap,1,6088,102,0,0,1,0,-1,353,0,121
mb_cap,1,6089,102,0,0,1,0,-1,352,0,121
mb_cap,1,6090,102,0,0,1,0,-1,351,0,121
mb_cap,1,6091,102,3,0,0,0,3,354,0,121
mb_cap,1,6092,102,0,0,1,0,-1,353,0,121
mb_cap,1,6093,102,0,0,0,0,0,353,0,121
mb_cap,1,6094,102,0,0,1,0,-1,352,0,121
mb_cap,1,6095,102,0,1,0,4,0,352,-3,118
mb_cap,1,6096,102,1,0,1,0,0,352,0,118
mb_cap,1,6097,102,0,0,0,0,0,352,0,118
mb_cap,1,6098,102,0,0,1,0,-1,351,0,118
mb_cap,1,6099,102,2,0,0,0,2,353,0,118
mb_cap,1,6100,102,1,0,2,0,-1,352,0,118
mb_cap,1,6101,102,0,0,1,0,-1,351,0,118
mb_cap,1,6102,102,2,0,1,0,1,352,0,118
mb_cap,1,6103,102,0,0,0,0,0,352,0,118
mb_cap,1,6104,102,0,0,0,0,0,352,0,118
mb_cap,1,6105,102,0,0,1,0,-1,351,0,118
mb_cap,1,6106,102,0,0,0,0,0,351,0,118
mb_cap,1,6107,102,3,0,1,0,2,353,0,118
mb_cap,1,6108,102,0,0,0,0,0,353,0,118
mb_cap,1,6109,102,1,1,0,2,1,354,-1,117
mb_cap,1,6110,102,0,0,2,0,-2,352,0,117
mb_cap,1,6111,102,1,0,1,0,0,352,0,117
mb_cap,1,6112,102,1,0,1,0,0,352,0,117
mb_cap,1,6113,102,0,0,0,0,0,352,0,117
mb_cap,1,6114,102,1,1,2,0,-1,351,1,118
mb_cap,1,6115,102,1,0,0,0,1,352,0,118
mb_cap,1,6116,102,0,0,1,0,-1,351,0,118
mb_cap,1,6117,102,0,0,0,0,0,351,0,118
mb_cap,1,6118,102,0,0,1,0,-1,350,0,118
mb_cap,1,6119,102,2,0,0,0,2,352,0,118
mb_cap,1,6120,102,0,0,1,0,-1,351,0,118
mb_cap,1,6121,103,0,0,0,0,0,351,0,118
mb_cap,1,6122,103,1,0,2,0,-1,350,0,118
mb_cap,1,6123,103,2,0,0,0,2,352,0,118
mb_cap,1,6124,103,0,0,1,0,-1,351,0,118
mb_cap,1,6125,103,0,1,0,0,0,351,1,119
mb_cap,1,6126,103,0,0,1,1,-1,350,-1,118
mb_cap,1,6127,103,2,0,0,0,2,352,0,118
mb_cap,1,6128,103,0,0,1,0,-1,351,0,118
mb_cap,1,6129,103,0,0,0,0,0,351,0,118
mb_cap,1,6130,103,1,0,1,0,0,351,0,118
mb_cap,1,6131,103,2,0,0,0,2,353,0,118
mb_cap,1,6132,103,1,0,2,0,-1,352,0,118
mb_cap,1,6133,103,0,0,2,0,-2,350,0,118
mb_cap,1,6134,103,1,0,2,0,-1,349,0,118
mb_cap,1,6135,103,1,0,0,0,1,350,0,118
mb_cap,1,6136,103,0,0,2,0,-2,348,0,118
mb_cap,1,6137,103,0,0,0,0,0,348,0,118
mb_cap,1,6138,103,0,0,2,0,-2,346,0,118
mb_cap,1,6139,103,2,0,0,0,2,348,0,118
mb_cap,1,6140,103,0,0,1,0,-1,347,0,118
mb_cap,1,6141,103,0,0,0,0,0,347,0,118
mb_cap,1,6142,103,0,0,1,0,-1,346,0,118
mb_cap,1,6143,103,2,0,0,0,2,348,0,118
mb_cap,1,6144,103,0,0,1,0,-1,347,0,118
mb_cap,1,6145,103,0,0,0,0,0,347,0,118
mb_cap,1,6146,103,1,1,2,2,-1,346,-1,117
mb_cap,1,6147,103,1,1,0,2,1,347,-1,116
mb_cap,1,6148,103,0,0,1,0,-1,346,0,116
mb_cap,1,6149,103,1,0,0,0,1,347,0,116
mb_cap,1,6150,103,2,0,1,0,1,348,0,116
mb_cap,1,6151,103,2,0,0,0,2,350,0,116
mb_cap,1,6152,103,0,0,1,0,-1,349,0,116
mb_cap,1,6153,103,0,0,1,0,-1,348,0,116
mb_cap,1,6154,103,0,0,1,0,-1,347,0,116
mb_cap,1,6155,103,2,0,0,0,2,349,0,116
mb_cap,1,6156,103,0,0,1,0,-1,348,0,116
mb_cap,1,6157,103,0,0,0,0,0,348,0,116
mb_cap,1,6158,103,1,0,2,0,-1,347,0,116
mb_cap,1,6159,103,2,0,0,0,2,349,0,116
mb_cap,1,6160,103,0,0,1,0,-1,348,0,116
mb_cap,1,6161,103,0,0,0,0,0,348,0,116
mb_cap,1,6162,103,0,0,1,0,-1,347,0,116
mb_cap,1,6163,103,3,10,1,9,2,349,1,117
mb_cap,1,6164,103,0,0,2,1,-2,347,-1,116
mb_cap,1,6165,103,0,0,0,0,0,347,0,116
mb_cap,1,6166,103,0,0,1,0,-1,346,0,116
mb_cap,1,6167,103,2,0,0,0,2,348,0,116
mb_cap,1,6168,103,0,0,1,0,-1,347,0,116
mb_cap,1,6169,103,2,4,2,6,0,347,-2,114
mb_cap,1,6170,103,2,0,3,0,-1,346,0,114
mb_cap,1,6171,103,1,0,0,0,1,347,0,114
mb_cap,1,6172,103,2,2,1,2,1,348,0,114
mb_cap,1,6173,103,1,0,0,0,1,349,0,114
mb_cap,1,6174,103,1,2,1,2,0,349,0,114
mb_cap,1,6175,103,2,0,0,0,2,351,0,114
mb_cap,1,6176,103,0,0,1,0,-1,350,0,114
mb_cap,1,6177,103,0,0,0,0,0,350,0,114
mb_cap,1,6178,103,0,4,1,3,-1,349,1,115
mb_cap,1,6179,103,2,0,0,1,2,351,-1,114
mb_cap,1,6180,103,1,0,1,0,0,351,0,114
mb_cap,1,6181,104,0,0,0,0,0,351,0,114
mb_cap,1,6182,104,1,0,2,0,-1,350,0,114
mb_cap,1,6183,104,2,0,0,0,2,352,0,114
mb_cap,1,6184,104,0,0,1,0,-1,351,0,114
mb_cap,1,6185,104,1,0,0,0,1,352,0,114
mb_cap,1,6186,104,7,0,1,0,6,358,0,114
mb_cap,1,6187,104,9,0,0,0,9,367,0,114
mb_cap,1,6188,104,0,0,1,0,-1,366,0,114
mb_cap,1,6189,104,0,0,0,1,0,366,-1,113
mb_cap,1,6190,104,1,0,1,0,0,366,0,113
mb_cap,1,6191,104,2,0,0,0,2,368,0,113
mb_cap,1,6192,104,0,0,1,0,-1,367,0,113
mb_cap,1,6193,104,0,0,1,0,-1,366,0,113
mb_cap,1,6194,104,2,0,3,0,-1,365,0,113
mb_cap,1,6195,104,2,0,0,0,2,367,0,113
mb_cap,1,6196,104,0,0,1,0,-1,366,0,113
mb_cap,1,6197,104,0,0,0,0,0,366,0,113
mb_cap,1,6198,104,0,0,1,1,-1,365,-1,112
mb_cap,1,6199,104,2,0,1,0,1,366,0,112
mb_cap,1,6200,104,0,0,1,0,-1,365,0,112
mb_cap,1,6201,104,0,0,0,0,0,365,0,112
mb_cap,1,6202,104,0,0,1,0,-1,364,0,112
mb_cap,1,6203,104,2,0,0,0,2,366,0,112
mb_cap,1,6204,104,0,0,2,0,-2,364,0,112
mb_cap,1,6205,104,0,0,0,0,0,364,0,112
mb_cap,1,6206,104,1,0,2,0,-1,363,0,112
mb_cap,1,6207,104,2,0,0,0,2,365,0,112
mb_cap,1,6208,104,0,0,1,0,-1,364,0,112
mb_cap,1,6209,104,0,0,0,0,0,364,0,112
mb_cap,1,6210,104,0,0,1,0,-1,363,0,112
mb_cap,1,6211,104,2,0,0,0,2,365,0,112
mb_cap,1,6212,104,0,0,1,0,-1,364,0,112
mb_cap,1,6213,104,0,0,0,0,0,364,0,112
mb_cap,1,6214,104,0,0,1,0,-1,363,0,112
mb_cap,1,6215,104,2,4,0,2,2,365,2,114
mb_cap,1,6216,104,2,14,1,13,1,366,1,115
mb_cap,1,6217,104,1,2,0,3,1,367,-1,114
mb_cap,1,6218,104,1,0,2,0,-1,366,0,114
mb_cap,1,6219,104,2,0,0,0,2,368,0,114
mb_cap,1,6220,104,0,0,2,0,-2,366,0,114
mb_cap,1,6221,104,0,0,0,0,0,366,0,114
mb_cap,1,6222,104,1,5,2,5,-1,365,0,114
mb_cap,1,6223,104,5,6,0,7,5,370,-1,113
mb_cap,1,6224,104,1,2,1,4,0,370,-2,111
mb_cap,1,6225,104,0,0,0,0,0,370,0,111
mb_cap,1,6226,104,2,7,2,7,0,370,0,111
mb_cap,1,6227,104,4,0,0,0,4,374,0,111
mb_cap,1,6228,104,0,0,0,0,0,374,0,111
mb_cap,1,6229,104,0,0,1,0,-1,373,0,111
mb_cap,1,6230,104,1,0,1,2,0,373,-2,109
mb_cap,1,6231,104,2,1,1,3,1,374,-2,107
mb_cap,1,6232,104,2,6,0,7,2,376,-1,106
mb_cap,1,6233,104,6,2,1,2,5,381,0,106
mb_cap,1,6234,104,0,0,1,0,-1,380,0,106
mb_cap,1,6235,104,0,0,0,0,0,380,0,106
mb_cap,1,6236,104,1,0,2,0,-1,379,0,106
mb_cap,1,6237,104,0,0,0,0,0,379,0,106
mb_cap,1,6238,104,1,0,1,0,0,379,0,106
mb_cap,1,6239,104,2,0,0,0,2,381,0,106
mb_cap,1,6240,104,0,0,1,0,-1,380,0,106
mb_cap,1,6241,105,0,0,1,0,-1,379,0,106
mb_cap,1,6242,105,2,0,1,0,1,380,0,106
mb_cap,1,6243,105,0,2,0,3,0,380,-1,105
mb_cap,1,6244,105,0,0,1,0,-1,379,0,105
mb_cap,1,6245,105,0,0,1,0,-1,378,0,105
mb_cap,1,6246,105,0,0,0,0,0,378,0,105
mb_cap,1,6247,105,3,0,1,0,2,380,0,105
mb_cap,1,6248,105,0,0,0,0,0,380,0,105
mb_cap,1,6249,105,0,0,0,0,0,380,0,105
mb_cap,1,6250,105,2,3,1,4,1,381,-1,104
mb_cap,1,6251,105,0,0,1,0,-1,380,0,104
mb_cap,1,6252,105,2,0,2,0,0,380,0,104
mb_cap,1,6253,105,0,0,1,0,-1,379,0,104
mb_cap,1,6254,105,0,0,2,0,-2,377,0,104
mb_cap,1,6255,105,4,2,4,3,0,377,-1,103
mb_cap,1,6256,105,0,0,1,0,-1,376,0,103
mb_cap,1,6257,105,0,0,1,0,-1,375,0,103
mb_cap,1,6258,105,2,0,1,0,1,376,0,103
mb_cap,1,6259,105,0,0,0,0,0,376,0,103
mb_cap,1,6260,105,0,0,0,0,0,376,0,103
mb_cap,1,6261,105,0,0,1,0,-1,375,0,103
mb_cap,1,6262,105,1,1,0,1,1,376,0,103
mb_cap,1,6263,105,3,0,1,0,2,378,0,103
mb_cap,1,6264,105,0,0,1,0,-1,377,0,103
mb_cap,1,6265,105,0,3,0,3,0,377,0,103
mb_cap,1,6266,105,2,0,1,0,1,378,0,103
mb_cap,1,6267,105,2,0,0,0,2,380,0,103
mb_cap,1,6268,105,0,0,1,0,-1,379,0,103
mb_cap,1,6269,105,0,0,0,1,0,379,-1,102
mb_cap,1,6270,105,0,0,3,0,-3,376,0,102
mb_cap,1,6271,105,2,0,0,0,2,378,0,102
mb_cap,1,6272,105,0,0,1,0,-1,377,0,102
mb_cap,1,6273,105,0,0,0,0,0,377,0,102
mb_cap,1,6274,105,1,0,1,0,0,377,0,102
mb_cap,1,6275,105,3,0,1,0,2,379,0,102
mb_cap,1,6276,105,0,0,1,0,-1,378,0,102
mb_cap,1,6277,105,0,0,0,0,0,378,0,102
mb_cap,1,6278,105,0,0,1,1,-1,377,-1,101
mb_cap,1,6279,105,2,0,0,0,2,379,0,101
mb_cap,1,6280,105,0,0,2,0,-2,377,0,101
mb_cap,1,6281,105,0,0,0,0,0,377,0,101
mb_cap,1,6282,105,0,0,1,0,-1,376,0,101
mb_cap,1,6283,105,2,0,0,0,2,378,0,101
mb_cap,1,6284,105,0,0,4,0,-4,374,0,101
mb_cap,1,6285,105,0,0,0,0,0,374,0,101
mb_cap,1,6286,105,0,0,1,0,-1,373,0,101
mb_cap,1,6287,105,3,0,1,0,2,375,0,101
mb_cap,1,6288,105,1,0,3,0,-2,373,0,101
mb_cap,1,6289,105,0,0,0,0,0,373,0,101
mb_cap,1,6290,105,0,0,3,0,-3,370,0,101
mb_cap,1,6291,105,2,0,1,0,1,371,0,101
mb_cap,1,6292,105,0,2,1,3,-1,370,-1,100
mb_cap,1,6293,105,0,0,0,0,0,370,0,100
mb_cap,1,6294,105,0,0,1,0,-1,369,0,100
mb_cap,1,6295,105,3,1,0,1,3,372,0,100
mb_cap,1,6296,105,0,0,1,0,-1,371,0,100
mb_cap,1,6297,105,0,0,0,0,0,371,0,100
mb_cap,1,6298,105,0,0,1,0,-1,370,0,100
mb_cap,1,6299,105,3,1,1,1,2,372,0,100
mb_cap,1,6300,105,0,0,1,0,-1,371,0,100
mb_cap,1,6301,106,0,0,0,0,0,371,0,100
mb_cap,1,6302,106,0,0,1,0,-1,370,0,100
mb_cap,1,6303,106,2,0,0,0,2,372,0,100
mb_cap,1,6304,106,0,2,1,2,-1,371,0,100
mb_cap,1,6305,106,1,0,0,0,1,372,0,100
mb_cap,1,6306,106,0,0,2,0,-2,370,0,100
mb_cap,1,6307,106,2,0,0,0,2,372,0,100
mb_cap,1,6308,106,0,0,1,0,-1,371,0,100
mb_cap,1,6309,106,0,0,15,0,-15,356,0,100
mb_cap,1,6310,106,1,0,1,0,0,356,0,100
mb_cap,1,6311,106,3,0,1,0,2,358,0,100
mb_cap,1,6312,106,0,0,1,0,-1,357,0,100
mb_cap,1,6313,106,0,0,1,0,-1,356,0,100
mb_cap,1,6314,106,0,0,3,0,-3,353,0,100
mb_cap,1,6315,106,2,0,0,0,2,355,0,100
mb_cap,1,6316,106,0,0,2,0,-2,353,0,100
mb_cap,1,6317,106,0,0,0,0,0,353,0,100
mb_cap,1,6318,106,0,0,1,0,-1,352,0,100
mb_cap,1,6319,106,2,0,2,0,0,352,0,100
mb_cap,1,6320,106,0,0,1,0,-1,351,0,100
mb_cap,1,6321,106,0,0,0,0,0,351,0,100
mb_cap,1,6322,106,0,0,1,0,-1,350,0,100
mb_cap,1,6323,106,3,0,2,0,1,351,0,100
mb_cap,1,6324,106,0,0,1,0,-1,350,0,100
mb_cap,1,6325,106,0,0,0,0,0,350,0,100
mb_cap,1,6326,106,0,0,1,0,-1,349,0,100
mb_cap,1,6327,106,2,0,1,0,1,350,0,100
mb_cap,1,6328,106,0,0,1,0,-1,349,0,100
mb_cap,1,6329,106,0,0,0,0,0,349,0,100
mb_cap,1,6330,106,0,0,1,0,-1,348,0,100
mb_cap,1,6331,106,2,0,0,0,2,350,0,100
mb_cap,1,6332,106,0,3,1,3,-1,349,0,100
mb_cap,1,6333,106,0,0,0,0,0,349,0,100
mb_cap,1,6334,106,0,0,1,0,-1,348,0,100
mb_cap,1,6335,106,3,0,2,0,1,349,0,100
mb_cap,1,6336,106,0,0,1,0,-1,348,0,100
mb_cap,1,6337,106,0,3,0,3,0,348,0,100
mb_cap,1,6338,106,0,0,1,0,-1,347,0,100
mb_cap,1,6339,106,2,0,0,0,2,349,0,100
mb_cap,1,6340,106,0,0,1,0,-1,348,0,100
mb_cap,1,6341,106,0,0,0,0,0,348,0,100
mb_cap,1,6342,106,0,0,1,0,-1,347,0,100
mb_cap,1,6343,106,2,0,0,0,2,349,0,100
mb_cap,1,6344,106,2,11,1,8,1,350,3,103
mb_cap,1,6345,106,5,4,0,3,5,355,1,104
mb_cap,1,6346,106,0,0,1,0,-1,354,0,104
mb_cap,1,6347,106,3,0,1,0,2,356,0,104
mb_cap,1,6348,106,0,0,1,0,-1,355,0,104
mb_cap,1,6349,106,0,0,0,0,0,355,0,104
mb_cap,1,6350,106,0,0,1,0,-1,354,0,104
mb_cap,1,6351,106,3,0,2,0,1,355,0,104
mb_cap,1,6352,106,0,0,1,0,-1,354,0,104
mb_cap,1,6353,106,2,0,1,0,1,355,0,104
mb_cap,1,6354,106,4,4,6,5,-2,353,-1,103
mb_cap,1,6355,106,2,0,0,0,2,355,0,103
mb_cap,1,6356,106,1,2,1,2,0,355,0,103
mb_cap,1,6357,106,0,0,1,0,-1,354,0,103
mb_cap,1,6358,106,0,0,1,0,-1,353,0,103
mb_cap,1,6359,106,4,5,1,5,3,356,0,103
mb_cap,1,6360,106,3,4,1,4,2,358,0,103
mb_cap,1,6361,107,0,8,0,8,0,358,0,103
mb_cap,1,6362,107,0,0,1,1,-1,357,-1,102
mb_cap,1,6363,107,2,0,0,0,2,359,0,102
mb_cap,1,6364,107,0,0,1,0,-1,358,0,102
mb_cap,1,6365,107,0,0,0,0,0,358,0,102
mb_cap,1,6366,107,0,4,2,4,-2,356,0,102
mb_cap,1,6367,107,2,0,0,0,2,358,0,102
mb_cap,1,6368,107,0,0,1,0,-1,357,0,102
mb_cap,1,6369,107,0,0,0,0,0,357,0,102
mb_cap,1,6370,107,3,5,1,6,2,359,-1,101
mb_cap,1,6371,107,3,4,1,5,2,361,-1,100
mb_cap,1,6372,107,1,0,1,0,0,361,0,100
mb_cap,1,6373,107,2,2,1,3,1,362,-1,99
mb_cap,1,6374,107,2,3,1,3,1,363,0,99
mb_cap,1,6375,107,2,0,0,0,2,365,0,99
mb_cap,1,6376,107,0,0,2,0,-2,363,0,99
mb_cap,1,6377,107,0,0,0,0,0,363,0,99
mb_cap,1,6378,107,0,0,1,0,-1,362,0,99
mb_cap,1,6379,107,2,0,0,0,2,364,0,99
mb_cap,1,6380,107,0,0,1,0,-1,363,0,99
mb_cap,1,6381,107,0,0,0,0,0,363,0,99
mb_cap,1,6382,107,1,0,2,0,-1,362,0,99
mb_cap,1,6383,107,4,4,1,6,3,365,-2,97
mb_cap,1,6384,107,2,3,1,3,1,366,0,97
mb_cap,1,6385,107,2,0,0,0,2,368,0,97
mb_cap,1,6386,107,0,0,1,0,-1,367,0,97
mb_cap,1,6387,107,2,0,0,0,2,369,0,97
mb_cap,1,6388,107,0,1,1,0,-1,368,1,98
mb_cap,1,6389,107,0,0,0,1,0,368,-1,97
mb_cap,1,6390,107,1,0,2,0,-1,367,0,97
mb_cap,1,6391,107,4,0,0,0,4,371,0,97
mb_cap,1,6392,107,0,0,1,1,-1,370,-1,96
mb_cap,1,6393,107,0,0,0,0,0,370,0,96
mb_cap,1,6394,107,0,0,2,0,-2,368,0,96
mb_cap,1,6395,107,3,0,1,0,2,370,0,96
mb_cap,1,6396,107,0,0,1,0,-1,369,0,96
mb_cap,1,6397,107,0,0,0,0,0,369,0,96
mb_cap,1,6398,107,0,0,1,0,-1,368,0,96
mb_cap,1,6399,107,2,0,0,0,2,370,0,96
mb_cap,1,6400,107,0,0,1,0,-1,369,0,96
mb_cap,1,6401,107,0,0,0,0,0,369,0,96
mb_cap,1,6402,107,0,0,1,0,-1,368,0,96
mb_cap,1,6403,107,2,0,0,0,2,370,0,96
mb_cap,1,6404,107,0,0,1,0,-1,369,0,96
mb_cap,1,6405,107,0,0,0,0,0,369,0,96
mb_cap,1,6406,107,0,0,8,0,-8,361,0,96
mb_cap,1,6407,107,2,0,1,0,1,362,0,96
mb_cap,1,6408,107,0,0,1,0,-1,361,0,96
mb_cap,1,6409,107,0,0,0,0,0,361,0,96
mb_cap,1,6410,107,0,0,1,0,-1,360,0,96
mb_cap,1,6411,107,2,0,1,0,1,361,0,96
mb_cap,1,6412,107,0,0,1,0,-1,360,0,96
mb_cap,1,6413,107,0,4,1,3,-1,359,1,97
mb_cap,1,6414,107,2,0,1,0,1,360,0,97
mb_cap,1,6415,107,0,0,0,0,0,360,0,97
mb_cap,1,6416,107,0,0,0,0,0,360,0,97
mb_cap,1,6417,107,0,0,1,0,-1,359,0,97
mb_cap,1,6418,107,0,0,0,0,0,359,0,97
mb_cap,1,6419,107,3,0,2,0,1,360,0,97
mb_cap,1,6420,107,0,0,0,0,0,360,0,97
mb_cap,1,6421,108,0,4,1,3,-1,359,1,98
mb_cap,1,6422,108,0,1,1,3,-1,358,-2,96
mb_cap,1,6423,108,0,0,0,0,0,358,0,96
mb_cap,1,6424,108,1,0,1,0,0,358,0,96
mb_cap,1,6425,108,0,0,0,1,0,358,-1,95
mb_cap,1,6426,108,0,0,1,0,-1,357,0,95
mb_cap,1,6427,108,2,0,0,0,2,359,0,95
mb_cap,1,6428,108,0,0,1,0,-1,358,0,95
mb_cap,1,6429,108,0,0,0,0,0,358,0,95
mb_cap,1,6430,108,1,0,1,0,0,358,0,95
mb_cap,1,6431,108,3,0,1,0,2,360,0,95
mb_cap,1,6432,108,0,0,1,0,-1,359,0,95
mb_cap,1,6433,108,0,0,1,0,-1,358,0,95
mb_cap,1,6434,108,0,0,1,0,-1,357,0,95
mb_cap,1,6435,108,0,0,0,0,0,357,0,95
mb_cap,1,6436,108,4,0,3,0,1,358,0,95
mb_cap,1,6437,108,0,0,0,0,0,358,0,95
mb_cap,1,6438,108,0,0,0,0,0,358,0,95
mb_cap,1,6439,108,0,0,1,0,-1,357,0,95
mb_cap,1,6440,108,0,0,0,0,0,357,0,95
mb_cap,1,6441,108,0,0,1,0,-1,356,0,95
mb_cap,1,6442,108,0,0,0,0,0,356,0,95
mb_cap,1,6443,108,1,3,2,3,-1,355,0,95
mb_cap,1,6444,108,4,0,1,0,3,358,0,95
mb_cap,1,6445,108,0,0,1,0,-1,357,0,95
mb_cap,1,6446,108,0,0,0,0,0,357,0,95
mb_cap,1,6447,108,0,0,1,0,-1,356,0,95
mb_cap,1,6448,108,0,0,2,0,-2,354,0,95
mb_cap,1,6449,108,0,0,1,0,-1,353,0,95
mb_cap,1,6450,108,0,0,0,0,0,353,0,95
mb_cap,1,6451,108,0,0,1,0,-1,352,0,95
mb_cap,1,6452,108,2,0,1,0,1,353,0,95
mb_cap,1,6453,108,0,0,1,0,-1,352,0,95
mb_cap,1,6454,108,1,0,0,0,1,353,0,95
mb_cap,1,6455,108,1,0,2,0,-1,352,0,95
mb_cap,1,6456,108,2,0,0,0,2,354,0,95
mb_cap,1,6457,108,0,0,2,0,-2,352,0,95
mb_cap,1,6458,108,0,0,0,0,0,352,0,95
mb_cap,1,6459,108,0,0,1,0,-1,351,0,95
mb_cap,1,6460,108,2,0,0,0,2,353,0,95
mb_cap,1,6461,108,0,1,1,0,-1,352,1,96
mb_cap,1,6462,108,0,0,0,1,0,352,-1,95
mb_cap,1,6463,108,0,0,1,0,-1,351,0,95
mb_cap,1,6464,108,0,0,0,0,0,351,0,95
mb_cap,1,6465,108,4,0,1,0,3,354,0,95
mb_cap,1,6466,108,0,0,0,0,0,354,0,95
mb_cap,1,6467,108,0,0,2,0,-2,352,0,95
mb_cap,1,6468,108,0,0,1,0,-1,351,0,95
mb_cap,1,6469,108,2,2,2,6,0,351,-4,91
mb_cap,1,6470,108,2,0,2,0,0,351,0,91
mb_cap,1,6471,108,0,0,0,0,0,351,0,91
mb_cap,1,6472,108,1,0,1,0,0,351,0,91
mb_cap,1,6473,108,2,2,0,3,2,353,-1,90
mb_cap,1,6474,108,0,0,1,0,-1,352,0,90
mb_cap,1,6475,108,0,0,0,0,0,352,0,90
mb_cap,1,6476,108,1,0,2,0,-1,351,0,90
mb_cap,1,6477,108,1,0,0,0,1,352,0,90
mb_cap,1,6478,108,0,0,1,0,-1,351,0,90
mb_cap,1,6479,108,1,1,1,2,0,351,-1,89
mb_cap,1,6480,108,0,0,1,0,-1,350,0,89
mb_cap,1,6481,109,3,0,2,0,1,351,0,89
mb_cap,1,6482,109,0,0,0,0,0,351,0,89
mb_cap,1,6483,109,0,0,0,0,0,351,0,89
mb_cap,1,6484,109,0,0,1,0,-1,350,0,89
mb_cap,1,6485,109,0,0,0,0,0,350,0,89
mb_cap,1,6486,109,0,0,1,0,-1,349,0,89
mb_cap,1,6487,109,0,0,0,0,0,349,0,89
mb_cap,1,6488,109,0,1,1,2,-1,348,-1,88
mb_cap,1,6489,109,4,0,1,0,3,351,0,88
mb_cap,1,6490,109,2,0,2,0,0,351,0,88
mb_cap,1,6491,109,0,0,0,0,0,351,0,88
mb_cap,1,6492,109,0,0,1,0,-1,350,0,88
mb_cap,1,6493,109,6,13,1,17,5,355,-4,84
mb_cap,1,6494,109,0,0,2,0,-2,353,0,84
mb_cap,1,6495,109,0,0,0,0,0,353,0,84
mb_cap,1,6496,109,0,0,1,0,-1,352,0,84
mb_cap,1,6497,109,2,0,0,0,2,354,0,84
mb_cap,1,6498,109,0,0,1,0,-1,353,0,84
mb_cap,1,6499,109,0,1,0,2,0,353,-1,83
mb_cap,1,6500,109,0,0,1,0,-1,352,0,83
mb_cap,1,6501,109,3,0,1,0,2,354,0,83
mb_cap,1,6502,109,0,0,1,0,-1,353,0,83
mb_cap,1,6503,109,0,3,0,3,0,353,0,83
mb_cap,1,6504,109,1,0,1,0,0,353,0,83
mb_cap,1,6505,109,2,1,0,1,2,355,0,83
mb_cap,1,6506,109,0,0,1,0,-1,354,0,83
mb_cap,1,6507,109,1,1,1,0,0,354,1,84
mb_cap,1,6508,109,5,2,1,2,4,358,0,84
mb_cap,1,6509,109,0,0,0,0,0,358,0,84
mb_cap,1,6510,109,1,4,1,6,0,358,-2,82
mb_cap,1,6511,109,1,0,1,0,0,358,0,82
mb_cap,1,6512,109,0,0,0,0,0,358,0,82
mb_cap,1,6513,109,4,0,2,0,2,360,0,82
mb_cap,1,6514,109,0,0,0,0,0,360,0,82
mb_cap,1,6515,109,0,0,0,0,0,360,0,82
mb_cap,1,6516,109,0,0,1,0,-1,359,0,82
mb_cap,1,6517,109,0,0,0,0,0,359,0,82
mb_cap,1,6518,109,1,0,1,0,0,359,0,82
mb_cap,1,6519,109,0,0,0,0,0,359,0,82
mb_cap,1,6520,109,0,0,1,0,-1,358,0,82
mb_cap,1,6521,109,2,0,0,0,2,360,0,82
mb_cap,1,6522,109,0,3,1,3,-1,359,0,82
mb_cap,1,6523,109,0,0,1,1,-1,358,-1,81
mb_cap,1,6524,109,1,2,2,2,-1,357,0,81
mb_cap,1,6525,109,3,0,1,0,2,359,0,81
mb_cap,1,6526,109,1,2,1,2,0,359,0,81
mb_cap,1,6527,109,0,0,0,0,0,359,0,81
mb_cap,1,6528,109,0,0,1,0,-1,358,0,81
mb_cap,1,6529,109,2,0,0,0,2,360,0,81
mb_cap,1,6530,109,0,0,1,0,-1,359,0,81
mb_cap,1,6531,109,0,0,0,0,0,359,0,81
mb_cap,1,6532,109,0,0,1,0,-1,358,0,81
mb_cap,1,6533,109,2,0,1,0,1,359,0,81
mb_cap,1,6534,109,0,0,1,0,-1,358,0,81
mb_cap,1,6535,109,0,0,0,0,0,358,0,81
mb_cap,1,6536,109,0,0,1,0,-1,357,0,81
mb_cap,1,6537,109,2,0,1,0,1,358,0,81
mb_cap,1,6538,109,1,0,2,0,-1,357,0,81
mb_cap,1,6539,109,0,0,0,0,0,357,0,81
mb_cap,1,6540,109,0,0,1,0,-1,356,0,81
mb_cap,1,6541,110,2,0,0,0,2,358,0,81
mb_cap,1,6542,110,0,0,1,0,-1,357,0,81
mb_cap,1,6543,110,0,4,0,4,0,357,0,81
mb_cap,1,6544,110,0,0,1,0,-1,356,0,81
mb_cap,1,6545,110,2,0,1,0,1,357,0,81
mb_cap,1,6546,110,0,0,1,0,-1,356,0,81
mb_cap,1,6547,110,0,0,0,0,0,356,0,81
mb_cap,1,6548,110,0,0,1,0,-1,355,0,81
mb_cap,1,6549,110,3,0,1,0,2,357,0,81
mb_cap,1,6550,110,1,3,1,3,0,357,0,81
mb_cap,1,6551,110,0,0,0,0,0,357,0,81
mb_cap,1,6552,110,0,0,1,0,-1,356,0,81
mb_cap,1,6553,110,2,0,1,0,1,357,0,81
mb_cap,1,6554,110,0,0,1,0,-1,356,0,81
mb_cap,1,6555,110,0,0,0,0,0,356,0,81
mb_cap,1,6556,110,0,0,1,0,-1,355,0,81
mb_cap,1,6557,110,2,0,0,0,2,357,0,81
mb_cap,1,6558,110,0,0,1,0,-1,356,0,81
mb_cap,1,6559,110,0,0,0,0,0,356,0,81
mb_cap,1,6560,110,0,0,1,0,-1,355,0,81
mb_cap,1,6561,110,3,0,1,0,2,357,0,81
mb_cap,1,6562,110,0,0,1,0,-1,356,0,81
mb_cap,1,6563,110,0,0,0,0,0,356,0,81
mb_cap,1,6564,110,1,1,1,2,0,356,-1,80
mb_cap,1,6565,110,2,0,0,0,2,358,0,80
mb_cap,1,6566,110,0,0,1,0,-1,357,0,80
mb_cap,1,6567,110,0,0,1,0,-1,356,0,80
mb_cap,1,6568,110,0,0,1,0,-1,355,0,80
mb_cap,1,6569,110,2,0,1,1,1,356,-1,79
mb_cap,1,6570,110,1,1,1,1,0,356,0,79
mb_cap,1,6571,110,1,1,0,2,1,357,-1,78
mb_cap,1,6572,110,0,0,1,0,-1,356,0,78
mb_cap,1,6573,110,3,0,1,0,2,358,0,78
mb_cap,1,6574,110,0,0,1,0,-1,357,0,78
mb_cap,1,6575,110,0,0,0,0,0,357,0,78
mb_cap,1,6576,110,1,0,2,0,-1,356,0,78
mb_cap,1,6577,110,2,0,0,0,2,358,0,78
mb_cap,1,6578,110,0,0,2,0,-2,356,0,78
mb_cap,1,6579,110,0,0,0,0,0,356,0,78
mb_cap,1,6580,110,0,0,1,0,-1,355,0,78
mb_cap,1,6581,110,2,0,0,0,2,357,0,78
mb_cap,1,6582,110,0,0,1,0,-1,356,0,78
mb_cap,1,6583,110,0,0,0,0,0,356,0,78
mb_cap,1,6584,110,1,0,1,1,0,356,-1,77
mb_cap,1,6585,110,3,0,1,0,2,358,0,77
mb_cap,1,6586,110,0,0,1,0,-1,357,0,77
mb_cap,1,6587,110,0,0,0,0,0,357,0,77
mb_cap,1,6588,110,0,0,1,0,-1,356,0,77
mb_cap,1,6589,110,2,0,0,0,2,358,0,77
mb_cap,1,6590,110,0,0,1,0,-1,357,0,77
mb_cap,1,6591,110,0,0,0,0,0,357,0,77
mb_cap,1,6592,110,0,0,1,0,-1,356,0,77
mb_cap,1,6593,110,2,0,0,0,2,358,0,77
mb_cap,1,6594,110,0,0,1,0,-1,357,0,77
mb_cap,1,6595,110,0,0,0,0,0,357,0,77
mb_cap,1,6596,110,0,0,1,0,-1,356,0,77
mb_cap,1,6597,110,3,0,1,0,2,358,0,77
mb_cap,1,6598,110,0,4,1,4,-1,357,0,77
mb_cap,1,6599,110,0,1,0,0,0,357,1,78
mb_cap,1,6600,110,1,0,4,1,-3,354,-1,77
mb_cap,1,6601,111,2,0,0,0,2,356,0,77
mb_cap,1,6602,111,0,0,1,0,-1,355,0,77
mb_cap,1,6603,111,0,0,0,2,0,355,-2,75
mb_cap,1,6604,111,1,0,2,0,-1,354,0,75
mb_cap,1,6605,111,2,0,0,0,2,356,0,75
mb_cap,1,6606,111,0,0,1,0,-1,355,0,75
mb_cap,1,6607,111,0,0,0,0,0,355,0,75
mb_cap,1,6608,111,0,0,1,0,-1,354,0,75
mb_cap,1,6609,111,3,0,1,0,2,356,0,75
mb_cap,1,6610,111,1,0,1,0,0,356,0,75
mb_cap,1,6611,111,0,0,0,0,0,356,0,75
mb_cap,1,6612,111,0,0,1,0,-1,355,0,75
mb_cap,1,6613,111,2,0,1,0,1,356,0,75
mb_cap,1,6614,111,0,0,1,0,-1,355,0,75
mb_cap,1,6615,111,0,0,0,0,0,355,0,75
mb_cap,1,6616,111,0,0,4,0,-4,351,0,75
mb_cap,1,6617,111,2,0,0,0,2,353,0,75
mb_cap,1,6618,111,0,0,1,0,-1,352,0,75
mb_cap,1,6619,111,0,0,0,0,0,352,0,75
mb_cap,1,6620,111,0,0,3,0,-3,349,0,75
mb_cap,1,6621,111,3,0,1,0,2,351,0,75
mb_cap,1,6622,111,0,0,1,0,-1,350,0,75
mb_cap,1,6623,111,0,0,0,0,0,350,0,75
mb_cap,1,6624,111,0,0,1,0,-1,349,0,75
mb_cap,1,6625,111,2,0,0,0,2,351,0,75
mb_cap,1,6626,111,0,0,1,0,-1,350,0,75
mb_cap,1,6627,111,0,0,0,0,0,350,0,75
mb_cap,1,6628,111,0,0,1,0,-1,349,0,75
mb_cap,1,6629,111,2,9,0,7,2,351,2,77
mb_cap,1,6630,111,0,9,1,10,-1,350,-1,76
mb_cap,1,6631,111,0,0,2,1,-2,348,-1,75
mb_cap,1,6632,111,2,0,1,0,1,349,0,75
mb_cap,1,6633,111,1,3,2,3,-1,348,0,75
mb_cap,1,6634,111,0,8,0,8,0,348,0,75
mb_cap,1,6635,111,0,0,1,0,-1,347,0,75
mb_cap,1,6636,111,0,0,0,0,0,347,0,75
mb_cap,1,6637,111,3,0,1,0,2,349,0,75
mb_cap,1,6638,111,0,0,0,0,0,349,0,75
mb_cap,1,6639,111,3,12,2,11,1,350,1,76
mb_cap,1,6640,111,0,0,1,0,-1,349,0,76
mb_cap,1,6641,111,0,0,0,1,0,349,-1,75
mb_cap,1,6642,111,14,0,8,0,6,355,0,75
mb_cap,1,6643,111,0,4,0,8,0,355,-4,71
mb_cap,1,6644,111,4,0,3,0,1,356,0,71
mb_cap,1,6645,111,1,0,0,0,1,357,0,71
mb_cap,1,6646,111,0,0,1,0,-1,356,0,71
mb_cap,1,6647,111,0,0,0,0,0,356,0,71
mb_cap,1,6648,111,0,0,1,0,-1,355,0,71
mb_cap,1,6649,111,3,4,20,4,-17,338,0,71
mb_cap,1,6650,111,4,0,2,1,2,340,-1,70
mb_cap,1,6651,111,0,0,0,0,0,340,0,70
mb_cap,1,6652,111,0,0,0,0,0,340,0,70
mb_cap,1,6653,111,3,3,2,3,1,341,0,70
mb_cap,1,6654,111,3,2,3,1,0,341,1,71
mb_cap,1,6655,111,2,0,4,0,-2,339,0,71
mb_cap,1,6656,111,0,0,1,1,-1,338,-1,70
mb_cap,1,6657,111,3,0,1,0,2,340,0,70
mb_cap,1,6658,111,0,0,0,0,0,340,0,70
mb_cap,1,6659,111,0,3,0,4,0,340,-1,69
mb_cap,1,6660,111,1,0,1,0,0,340,0,69
mb_cap,1,6661,112,0,1,0,0,0,340,1,70
mb_cap,1,6662,112,3,0,2,0,1,341,0,70
mb_cap,1,6663,112,1,0,0,0,1,342,0,70
mb_cap,1,6664,112,0,0,0,0,0,342,0,70
mb_cap,1,6665,112,0,0,1,0,-1,341,0,70
mb_cap,1,6666,112,0,2,0,3,0,341,-1,69
mb_cap,1,6667,112,4,4,3,4,1,342,0,69
mb_cap,1,6668,112,13,2,8,3,5,347,-1,68
mb_cap,1,6669,112,1,2,1,0,0,347,2,70
mb_cap,1,6670,112,2,2,0,7,2,349,-5,65
mb_cap,1,6671,112,2,0,1,0,1,350,0,65
mb_cap,1,6672,112,2,1,0,2,2,352,-1,64
mb_cap,1,6673,112,1,0,2,0,-1,351,0,64
mb_cap,1,6674,112,0,0,1,0,-1,350,0,64
mb_cap,1,6675,112,1,0,2,0,-1,349,0,64
mb_cap,1,6676,112,0,0,0,0,0,349,0,64
mb_cap,1,6677,112,1,0,1,0,0,349,0,64
mb_cap,1,6678,112,0,0,0,0,0,349,0,64
mb_cap,1,6679,112,2,4,2,6,0,349,-2,62
mb_cap,1,6680,112,1,3,0,5,1,350,-2,60
mb_cap,1,6681,112,3,1,1,0,2,352,1,61
mb_cap,1,6682,112,0,0,0,1,0,352,-1,60
mb_cap,1,6683,112,2,2,1,2,1,353,0,60
mb_cap,1,6684,112,0,2,0,5,0,353,-3,57
mb_cap,1,6685,112,1,1,1,1,0,353,0,57
mb_cap,1,6686,112,0,0,0,0,0,353,0,57
mb_cap,1,6687,112,0,0,1,0,-1,352,0,57
mb_cap,1,6688,112,2,0,0,0,2,354,0,57
mb_cap,1,6689,112,0,0,1,0,-1,353,0,57
mb_cap,1,6690,112,0,0,0,0,0,353,0,57
mb_cap,1,6691,112,1,3,2,3,-1,352,0,57
mb_cap,1,6692,112,4,0,0,1,4,356,-1,56
mb_cap,1,6693,112,1,0,2,0,-1,355,0,56
mb_cap,1,6694,112,0,0,0,1,0,355,-1,55
mb_cap,1,6695,112,1,0,1,0,0,355,0,55
mb_cap,1,6696,112,2,0,0,0,2,357,0,55
mb_cap,1,6697,112,0,0,1,0,-1,356,0,55
mb_cap,1,6698,112,2,2,0,4,2,358,-2,53
mb_cap,1,6699,112,0,0,1,0,-1,357,0,53
mb_cap,1,6700,112,3,0,0,0,3,360,0,53
mb_cap,1,6701,112,0,0,1,0,-1,359,0,53
mb_cap,1,6702,112,0,0,0,0,0,359,0,53
mb_cap,1,6703,112,1,0,3,0,-2,357,0,53
mb_cap,1,6704,112,2,0,0,0,2,359,0,53
mb_cap,1,6705,112,1,2,1,2,0,359,0,53
mb_cap,1,6706,112,1,1,0,1,1,360,0,53
mb_cap,1,6707,112,3,8,2,7,1,361,1,54
mb_cap,1,6708,112,2,1,0,2,2,363,-1,53
mb_cap,1,6709,112,1,2,1,2,0,363,0,53
mb_cap,1,6710,112,1,2,0,2,1,364,0,53
mb_cap,1,6711,112,1,0,1,0,0,364,0,53
mb_cap,1,6712,112,2,0,0,0,2,366,0,53
mb_cap,1,6713,112,1,1,2,1,-1,365,0,53
mb_cap,1,6714,112,0,0,0,0,0,365,0,53
mb_cap,1,6715,112,1,0,2,1,-1,364,-1,52
mb_cap,1,6716,112,1,0,0,0,1,365,0,52
mb_cap,1,6717,112,0,0,1,0,-1,364,0,52
mb_cap,1,6718,112,0,0,0,0,0,364,0,52
mb_cap,1,6719,112,0,0,1,0,-1,363,0,52
mb_cap,1,6720,112,2,0,0,0,2,365,0,52
mb_cap,1,6721,113,0,0,1,0,-1,364,0,52
mb_cap,1,6722,113,1,3,0,2,1,365,1,53
mb_cap,1,6723,113,0,0,3,1,-3,362,-1,52
mb_cap,1,6724,113,2,0,1,0,1,363,0,52
mb_cap,1,6725,113,2,0,1,0,1,364,0,52
mb_cap,1,6726,113,0,0,0,0,0,364,0,52
mb_cap,1,6727,113,1,2,3,1,-2,362,1,53
mb_cap,1,6728,113,0,0,0,0,0,362,0,53
mb_cap,1,6729,113,4,0,1,0,3,365,0,53
mb_cap,1,6730,113,1,0,0,0,1,366,0,53
mb_cap,1,6731,113,0,0,0,0,0,366,0,53
mb_cap,1,6732,113,0,0,1,0,-1,365,0,53
mb_cap,1,6733,113,1,2,1,3,0,365,-1,52
mb_cap,1,6734,113,0,0,1,0,-1,364,0,52
mb_cap,1,6735,113,0,0,0,0,0,364,0,52
mb_cap,1,6736,113,0,0,2,0,-2,362,0,52
mb_cap,1,6737,113,3,0,0,0,3,365,0,52
mb_cap,1,6738,113,0,0,2,0,-2,363,0,52
mb_cap,1,6739,113,0,0,0,0,0,363,0,52
mb_cap,1,6740,113,0,0,1,0,-1,362,0,52
mb_cap,1,6741,113,2,0,1,0,1,363,0,52
mb_cap,1,6742,113,0,0,1,0,-1,362,0,52
mb_cap,1,6743,113,0,0,0,0,0,362,0,52
mb_cap,1,6744,113,0,0,1,0,-1,361,0,52
mb_cap,1,6745,113,2,0,0,0,2,363,0,52
mb_cap,1,6746,113,0,0,1,0,-1,362,0,52
mb_cap,1,6747,113,0,2,0,2,0,362,0,52
mb_cap,1,6748,113,1,2,1,2,0,362,0,52
mb_cap,1,6749,113,3,0,1,0,2,364,0,52
mb_cap,1,6750,113,0,0,1,0,-1,363,0,52
mb_cap,1,6751,113,0,0,0,0,0,363,0,52
mb_cap,1,6752,113,0,1,1,1,-1,362,0,52
mb_cap,1,6753,113,2,0,0,0,2,364,0,52
mb_cap,1,6754,113,0,0,2,0,-2,362,0,52
mb_cap,1,6755,113,0,0,0,0,0,362,0,52
mb_cap,1,6756,113,0,0,2,0,-2,360,0,52
mb_cap,1,6757,113,2,0,0,0,2,362,0,52
mb_cap,1,6758,113,0,0,0,0,0,362,0,52
mb_cap,1,6759,113,0,0,1,0,-1,361,0,52
mb_cap,1,6760,113,1,0,0,0,1,362,0,52
mb_cap,1,6761,113,3,2,2,2,1,363,0,52
mb_cap,1,6762,113,0,0,0,0,0,363,0,52
mb_cap,1,6763,113,0,0,2,0,-2,361,0,52
mb_cap,1,6764,113,0,0,0,0,0,361,0,52
mb_cap,1,6765,113,3,0,1,0,2,363,0,52
mb_cap,1,6766,113,0,0,0,0,0,363,0,52
mb_cap,1,6767,113,0,0,0,0,0,363,0,52
mb_cap,1,6768,113,0,0,1,0,-1,362,0,52
mb_cap,1,6769,113,1,3,1,4,0,362,-1,51
mb_cap,1,6770,113,4,3,2,4,2,364,-1,50
mb_cap,1,6771,113,0,0,0,0,0,364,0,50
mb_cap,1,6772,113,0,0,1,0,-1,363,0,50
mb_cap,1,6773,113,4,0,7,0,-3,360,0,50
mb_cap,1,6774,113,0,0,1,0,-1,359,0,50
mb_cap,1,6775,113,0,0,0,0,0,359,0,50
mb_cap,1,6776,113,0,0,2,0,-2,357,0,50
mb_cap,1,6777,113,3,1,1,1,2,359,0,50
mb_cap,1,6778,113,0,0,1,0,-1,358,0,50
mb_cap,1,6779,113,1,2,0,2,1,359,0,50
mb_cap,1,6780,113,0,0,1,0,-1,358,0,50
mb_cap,1,6781,114,2,0,0,0,2,360,0,50
mb_cap,1,6782,114,0,0,3,0,-3,357,0,50
mb_cap,1,6783,114,0,0,0,0,0,357,0,50
mb_cap,1,6784,114,0,0,1,0,-1,356,0,50
mb_cap,1,6785,114,3,0,1,0,2,358,0,50
mb_cap,1,6786,114,0,0,2,0,-2,356,0,50
mb_cap,1,6787,114,0,0,1,0,-1,355,0,50
mb_cap,1,6788,114,2,0,1,0,1,356,0,50
mb_cap,1,6789,114,0,0,0,0,0,356,0,50
mb_cap,1,6790,114,2,3,0,3,2,358,0,50
mb_cap,1,6791,114,0,0,2,0,-2,356,0,50
mb_cap,1,6792,114,0,0,0,0,0,356,0,50
mb_cap,1,6793,114,3,0,2,0,1,357,0,50
mb_cap,1,6794,114,1,0,0,0,1,358,0,50
mb_cap,1,6795,114,0,0,0,0,0,358,0,50
mb_cap,1,6796,114,0,0,1,0,-1,357,0,50
mb_cap,1,6797,114,0,0,1,1,-1,356,-1,49
mb_cap,1,6798,114,0,0,1,0,-1,355,0,49
mb_cap,1,6799,114,0,0,0,0,0,355,0,49
mb_cap,1,6800,114,0,0,1,0,-1,354,0,49
mb_cap,1,6801,114,2,0,0,0,2,356,0,49
mb_cap,1,6802,114,0,0,1,0,-1,355,0,49
mb_cap,1,6803,114,0,0,0,0,0,355,0,49
mb_cap,1,6804,114,0,0,1,0,-1,354,0,49
mb_cap,1,6805,114,2,0,2,0,0,354,0,49
mb_cap,1,6806,114,0,0,1,0,-1,353,0,49
mb_cap,1,6807,114,0,0,0,0,0,353,0,49
mb_cap,1,6808,114,1,0,2,0,-1,352,0,49
mb_cap,1,6809,114,2,0,0,0,2,354,0,49
mb_cap,1,6810,114,0,0,2,0,-2,352,0,49
mb_cap,1,6811,114,0,0,0,0,0,352,0,49
mb_cap,1,6812,114,2,2,2,2,0,352,0,49
mb_cap,1,6813,114,2,0,1,0,1,353,0,49
mb_cap,1,6814,114,0,0,1,0,-1,352,0,49
mb_cap,1,6815,114,0,0,0,0,0,352,0,49
mb_cap,1,6816,114,0,0,1,0,-1,351,0,49
mb_cap,1,6817,114,2,0,0,0,2,353,0,49
mb_cap,1,6818,114,1,0,2,0,-1,352,0,49
mb_cap,1,6819,114,0,0,0,0,0,352,0,49
mb_cap,1,6820,114,1,0,5,0,-4,348,0,49
mb_cap,1,6821,114,2,0,0,0,2,350,0,49
mb_cap,1,6822,114,0,0,2,0,-2,348,0,49
mb_cap,1,6823,114,0,0,0,0,0,348,0,49
mb_cap,1,6824,114,3,6,1,6,2,350,0,49
mb_cap,1,6825,114,2,0,0,0,2,352,0,49
mb_cap,1,6826,114,2,3,1,3,1,353,0,49
mb_cap,1,6827,114,0,0,0,0,0,353,0,49
mb_cap,1,6828,114,0,0,1,0,-1,352,0,49
mb_cap,1,6829,114,0,0,0,0,0,352,0,49
mb_cap,1,6830,114,6,1,1,2,5,357,-1,48
mb_cap,1,6831,114,1,0,1,0,0,357,0,48
mb_cap,1,6832,114,0,0,1,0,-1,356,0,48
mb_cap,1,6833,114,0,0,1,0,-1,355,0,48
mb_cap,1,6834,114,0,7,0,7,0,355,0,48
mb_cap,1,6835,114,3,0,1,0,2,357,0,48
mb_cap,1,6836,114,2,0,0,0,2,359,0,48
mb_cap,1,6837,114,0,0,1,1,-1,358,-1,47
mb_cap,1,6838,114,2,0,0,0,2,360,0,47
mb_cap,1,6839,114,0,0,1,0,-1,359,0,47
mb_cap,1,6840,114,0,0,0,0,0,359,0,47
mb_cap,1,6841,115,0,0,1,0,-1,358,0,47
mb_cap,1,6842,115,2,0,0,0,2,360,0,47
mb_cap,1,6843,115,0,8,2,8,-2,358,0,47
mb_cap,1,6844,115,0,3,0,4,0,358,-1,46
mb_cap,1,6845,115,0,2,1,3,-1,357,-1,45
mb_cap,1,6846,115,1,0,0,1,1,358,-1,44
mb_cap,1,6847,115,0,0,1,0,-1,357,0,44
mb_cap,1,6848,115,0,0,0,0,0,357,0,44
mb_cap,1,6849,115,1,2,2,2,-1,356,0,44
mb_cap,1,6850,115,4,0,0,0,4,360,0,44
mb_cap,1,6851,115,0,0,1,0,-1,359,0,44
mb_cap,1,6852,115,0,0,1,0,-1,358,0,44
mb_cap,1,6853,115,0,0,1,0,-1,357,0,44
mb_cap,1,6854,115,2,0,2,0,0,357,0,44
mb_cap,1,6855,115,0,3,0,3,0,357,0,44
mb_cap,1,6856,115,2,0,1,0,1,358,0,44
mb_cap,1,6857,115,0,0,0,0,0,358,0,44
mb_cap,1,6858,115,3,0,1,0,2,360,0,44
mb_cap,1,6859,115,0,0,1,1,-1,359,-1,43
mb_cap,1,6860,115,0,0,0,0,0,359,0,43
mb_cap,1,6861,115,0,0,1,0,-1,358,0,43
mb_cap,1,6862,115,0,0,0,0,0,358,0,43
mb_cap,1,6863,115,1,0,1,0,0,358,0,43
mb_cap,1,6864,115,0,0,0,0,0,358,0,43
mb_cap,1,6865,115,0,0,1,0,-1,357,0,43
mb_cap,1,6866,115,3,0,1,0,2,359,0,43
mb_cap,1,6867,115,0,0,1,0,-1,358,0,43
mb_cap,1,6868,115,0,0,1,0,-1,357,0,43
mb_cap,1,6869,115,0,0,1,1,-1,356,-1,42
mb_cap,1,6870,115,3,2,0,2,3,359,0,42
mb_cap,1,6871,115,1,2,2,2,-1,358,0,42
mb_cap,1,6872,115,1,2,1,2,0,358,0,42
mb_cap,1,6873,115,1,2,2,2,-1,357,0,42
mb_cap,1,6874,115,1,2,0,2,1,358,0,42
mb_cap,1,6875,115,2,2,3,2,-1,357,0,42
mb_cap,1,6876,115,1,0,1,0,0,357,0,42
mb_cap,1,6877,115,1,0,2,2,-1,356,-2,40
mb_cap,1,6878,115,4,1,2,2,2,358,-1,39
mb_cap,1,6879,115,0,1,1,2,-1,357,-1,38
mb_cap,1,6880,115,2,2,3,2,-1,356,0,38
mb_cap,1,6881,115,3,2,2,2,1,357,0,38
mb_cap,1,6882,115,0,2,0,2,0,357,0,38
mb_cap,1,6883,115,1,0,1,0,0,357,0,38
mb_cap,1,6884,115,1,2,2,2,-1,356,0,38
mb_cap,1,6885,115,2,3,2,4,0,356,-1,37
mb_cap,1,6886,115,4,1,2,2,2,358,-1,36
mb_cap,1,6887,115,1,2,1,2,0,358,0,36
mb_cap,1,6888,115,1,0,0,1,1,359,-1,35
mb_cap,1,6889,115,1,3,2,4,-1,358,-1,34
mb_cap,1,6890,115,2,4,2,5,0,358,-1,33
mb_cap,1,6891,115,4,4,2,4,2,360,0,33
mb_cap,1,6892,115,1,1,1,3,0,360,-2,31
mb_cap,1,6893,115,0,0,1,0,-1,359,0,31
mb_cap,1,6894,115,2,0,0,0,2,361,0,31
mb_cap,1,6895,115,0,0,1,0,-1,360,0,31
mb_cap,1,6896,115,0,0,0,1,0,360,-1,30
mb_cap,1,6897,115,0,0,1,0,-1,359,0,30
mb_cap,1,6898,115,2,0,0,0,2,361,0,30
mb_cap,1,6899,115,0,1,1,1,-1,360,0,30
mb_cap,1,6900,115,0,0,0,0,0,360,0,30
mb_cap,1,6901,116,1,0,2,0,-1,359,0,30
mb_cap,1,6902,116,2,4,0,4,2,361,0,30
mb_cap,1,6903,116,0,0,1,0,-1,360,0,30
mb_cap,1,6904,116,0,4,0,3,0,360,1,31
mb_cap,1,6905,116,0,4,1,4,-1,359,0,31
mb_cap,1,6906,116,2,0,0,1,2,361,-1,30
mb_cap,1,6907,116,0,0,2,0,-2,359,0,30
mb_cap,1,6908,116,0,0,0,0,0,359,0,30
mb_cap,1,6909,116,0,0,1,0,-1,358,0,30
mb_cap,1,6910,116,3,0,0,0,3,361,0,30
mb_cap,1,6911,116,1,0,2,0,-1,360,0,30
mb_cap,1,6912,116,0,0,0,0,0,360,0,30
mb_cap,1,6913,116,2,2,3,3,-1,359,-1,29
mb_cap,1,6914,116,2,3,0,4,2,361,-1,28
mb_cap,1,6915,116,0,0,0,0,0,361,0,28
mb_cap,1,6916,116,0,0,1,0,-1,360,0,28
mb_cap,1,6917,116,0,0,0,0,0,360,0,28
mb_cap,1,6918,116,1,0,1,0,0,360,0,28
mb_cap,1,6919,116,0,0,0,0,0,360,0,28
mb_cap,1,6920,116,0,0,1,0,-1,359,0,28
mb_cap,1,6921,116,0,0,0,0,0,359,0,28
mb_cap,1,6922,116,3,0,1,0,2,361,0,28
mb_cap,1,6923,116,0,0,0,0,0,361,0,28
mb_cap,1,6924,116,0,0,1,0,-1,360,0,28
mb_cap,1,6925,116,3,3,1,4,2,362,-1,27
mb_cap,1,6926,116,1,0,1,0,0,362,0,27
mb_cap,1,6927,116,0,0,1,0,-1,361,0,27
mb_cap,1,6928,116,0,0,0,0,0,361,0,27
mb_cap,1,6929,116,0,0,1,0,-1,360,0,27
mb_cap,1,6930,116,2,0,3,0,-1,359,0,27
mb_cap,1,6931,116,0,0,1,0,-1,358,0,27
mb_cap,1,6932,116,0,0,0,0,0,358,0,27
mb_cap,1,6933,116,0,0,1,0,-1,357,0,27
mb_cap,1,6934,116,2,0,0,0,2,359,0,27
mb_cap,1,6935,116,1,0,2,0,-1,358,0,27
mb_cap,1,6936,116,0,0,0,0,0,358,0,27
mb_cap,1,6937,116,0,0,1,0,-1,357,0,27
mb_cap,1,6938,116,2,0,0,0,2,359,0,27
mb_cap,1,6939,116,0,0,1,0,-1,358,0,27
mb_cap,1,6940,116,0,2,1,2,-1,357,0,27
mb_cap,1,6941,116,0,0,1,0,-1,356,0,27
mb_cap,1,6942,116,2,0,1,0,1,357,0,27
mb_cap,1,6943,116,0,0,1,0,-1,356,0,27
mb_cap,1,6944,116,0,0,0,0,0,356,0,27
mb_cap,1,6945,116,0,0,1,0,-1,355,0,27
mb_cap,1,6946,116,3,0,1,0,2,357,0,27
mb_cap,1,6947,116,0,0,1,0,-1,356,0,27
mb_cap,1,6948,116,0,0,0,0,0,356,0,27
mb_cap,1,6949,116,1,0,3,1,-2,354,-1,26
mb_cap,1,6950,116,2,0,0,0,2,356,0,26
mb_cap,1,6951,116,0,0,1,0,-1,355,0,26
mb_cap,1,6952,116,0,0,3,0,-3,352,0,26
mb_cap,1,6953,116,2,0,2,0,0,352,0,26
mb_cap,1,6954,116,5,1,3,2,2,354,-1,25
mb_cap,1,6955,116,1,0,3,0,-2,352,0,25
mb_cap,1,6956,116,0,0,0,0,0,352,0,25
mb_cap,1,6957,116,0,0,2,0,-2,350,0,25
mb_cap,1,6958,116,3,0,1,0,2,352,0,25
mb_cap,1,6959,116,0,0,1,0,-1,351,0,25
mb_cap,1,6960,116,0,0,0,0,0,351,0,25
mb_cap,1,6961,117,0,0,1,0,-1,350,0,25
mb_cap,1,6962,117,2,0,0,0,2,352,0,25
mb_cap,1,6963,117,0,0,1,0,-1,351,0,25
mb_cap,1,6964,117,0,0,0,0,0,351,0,25
mb_cap,1,6965,117,0,0,1,0,-1,350,0,25
mb_cap,1,6966,117,2,0,0,0,2,352,0,25
mb_cap,1,6967,117,0,6,1,6,-1,351,0,25
mb_cap,1,6968,117,0,0,0,1,0,351,-1,24
mb_cap,1,6969,117,0,3,1,3,-1,350,0,24
mb_cap,1,6970,117,6,3,2,3,4,354,0,24
mb_cap,1,6971,117,0,0,1,1,-1,353,-1,23
mb_cap,1,6972,117,0,0,0,0,0,353,0,23
mb_cap,1,6973,117,3,3,4,4,-1,352,-1,22
mb_cap,1,6974,117,2,0,0,0,2,354,0,22
mb_cap,1,6975,117,0,0,1,0,-1,353,0,22
mb_cap,1,6976,117,0,0,0,0,0,353,0,22
mb_cap,1,6977,117,0,0,1,0,-1,352,0,22
mb_cap,1,6978,117,3,3,1,4,2,354,-1,21
mb_cap,1,6979,117,0,0,1,0,-1,353,0,21
mb_cap,1,6980,117,1,2,1,2,0,353,0,21
mb_cap,1,6981,117,0,0,1,0,-1,352,0,21
mb_cap,1,6982,117,3,0,1,0,2,354,0,21
mb_cap,1,6983,117,0,0,1,0,-1,353,0,21
mb_cap,1,6984,117,0,0,0,0,0,353,0,21
mb_cap,1,6985,117,0,0,1,0,-1,352,0,21
mb_cap,1,6986,117,2,4,0,4,2,354,0,21
mb_cap,1,6987,117,2,0,1,0,1,355,0,21
mb_cap,1,6988,117,0,0,0,0,0,355,0,21
mb_cap,1,6989,117,0,0,1,0,-1,354,0,21
mb_cap,1,6990,117,2,0,0,0,2,356,0,21
mb_cap,1,6991,117,0,0,1,0,-1,355,0,21
mb_cap,1,6992,117,0,0,0,1,0,355,-1,20
mb_cap,1,6993,117,0,0,1,0,-1,354,0,20
mb_cap,1,6994,117,3,0,1,0,2,356,0,20
mb_cap,1,6995,117,0,0,1,0,-1,355,0,20
mb_cap,1,6996,117,0,0,0,0,0,355,0,20
mb_cap,1,6997,117,0,0,1,0,-1,354,0,20
mb_cap,1,6998,117,1,0,0,0,1,355,0,20
mb_cap,1,6999,117,0,0,1,0,-1,354,0,20
mb_cap,1,7000,117,0,0,0,0,0,354,0,20
mb_cap,1,7001,117,0,0,1,0,-1,353,0,20
mb_cap,1,7002,117,2,0,0,0,2,355,0,20
mb_cap,1,7003,117,0,0,1,0,-1,354,0,20
mb_cap,1,7004,117,0,0,0,0,0,354,0,20
mb_cap,1,7005,117,1,0,2,0,-1,353,0,20
mb_cap,1,7006,117,3,0,1,0,2,355,0,20
mb_cap,1,7007,117,0,0,0,0,0,355,0,20
mb_cap,1,7008,117,0,0,1,0,-1,354,0,20
mb_cap,1,7009,117,0,0,0,0,0,354,0,20
mb_cap,1,7010,117,1,0,1,0,0,354,0,20
mb_cap,1,7011,117,0,0,0,0,0,354,0,20
mb_cap,1,7012,117,0,0,1,0,-1,353,0,20
mb_cap,1,7013,117,0,0,0,0,0,353,0,20
mb_cap,1,7014,117,3,0,1,0,2,355,0,20
mb_cap,1,7015,117,0,0,0,0,0,355,0,20
mb_cap,1,7016,117,0,0,0,0,0,355,0,20
mb_cap,1,7017,117,0,0,1,0,-1,354,0,20
mb_cap,1,7018,117,1,0,1,0,0,354,0,20
mb_cap,1,7019,117,1,0,1,0,0,354,0,20
mb_cap,1,7020,117,0,0,0,0,0,354,0,20
mb_cap,1,7021,118,0,0,1,0,-1,353,0,20
mb_cap,1,7022,118,2,1,0,0,2,355,1,21
mb_cap,1,7023,118,0,0,1,1,-1,354,-1,20
mb_cap,1,7024,118,0,0,0,0,0,354,0,20
mb_cap,1,7025,118,0,0,1,0,-1,353,0,20
mb_cap,1,7026,118,2,0,0,0,2,355,0,20
mb_cap,1,7027,118,0,4,1,5,-1,354,-1,19
mb_cap,1,7028,118,0,0,0,0,0,354,0,19
mb_cap,1,7029,118,1,0,2,0,-1,353,0,19
mb_cap,1,7030,118,8,0,2,0,6,359,0,19
mb_cap,1,7031,118,0,0,1,0,-1,358,0,19
mb_cap,1,7032,118,0,0,0,0,0,358,0,19
mb_cap,1,7033,118,0,0,2,0,-2,356,0,19
mb_cap,1,7034,118,0,0,0,0,0,356,0,19
mb_cap,1,7035,118,2,2,1,2,1,357,0,19
mb_cap,1,7036,118,0,0,4,0,-4,353,0,19
mb_cap,1,7037,118,2,0,1,0,1,354,0,19
mb_cap,1,7038,118,0,0,0,0,0,354,0,19
mb_cap,1,7039,118,0,2,1,3,-1,353,-1,18
mb_cap,1,7040,118,2,0,1,0,1,354,0,18
mb_cap,1,7041,118,2,0,1,0,1,355,0,18
mb_cap,1,7042,118,0,0,1,0,-1,354,0,18
mb_cap,1,7043,118,0,0,0,0,0,354,0,18
mb_cap,1,7044,118,0,0,1,0,-1,353,0,18
mb_cap,1,7045,118,0,0,0,0,0,353,0,18
mb_cap,1,7046,118,3,0,1,0,2,355,0,18
mb_cap,1,7047,118,0,0,0,0,0,355,0,18
mb_cap,1,7048,118,0,0,0,0,0,355,0,18
mb_cap,1,7049,118,1,0,1,2,0,355,-2,16
mb_cap,1,7050,118,1,2,0,2,1,356,0,16
mb_cap,1,7051,118,1,3,1,4,0,356,-1,15
mb_cap,1,7052,118,0,0,0,0,0,356,0,15
mb_cap,1,7053,118,1,0,2,0,-1,355,0,15
mb_cap,1,7054,118,2,0,0,0,2,357,0,15
mb_cap,1,7055,118,0,0,1,0,-1,356,0,15
mb_cap,1,7056,118,0,0,0,0,0,356,0,15
mb_cap,1,7057,118,0,0,1,0,-1,355,0,15
mb_cap,1,7058,118,2,0,0,0,2,357,0,15
mb_cap,1,7059,118,1,0,1,0,0,357,0,15
mb_cap,1,7060,118,0,0,0,0,0,357,0,15
mb_cap,1,7061,118,0,0,1,0,-1,356,0,15
mb_cap,1,7062,118,2,0,0,0,2,358,0,15
mb_cap,1,7063,118,1,0,1,0,0,358,0,15
mb_cap,1,7064,118,0,0,0,0,0,358,0,15
mb_cap,1,7065,118,1,0,2,0,-1,357,0,15
mb_cap,1,7066,118,2,0,1,0,1,358,0,15
mb_cap,1,7067,118,1,2,2,3,-1,357,-1,14
mb_cap,1,7068,118,0,0,0,0,0,357,0,14
mb_cap,1,7069,118,1,5,1,4,0,357,1,15
mb_cap,1,7070,118,4,1,2,2,2,359,-1,14
mb_cap,1,7071,118,0,0,1,0,-1,358,0,14
mb_cap,1,7072,118,0,0,0,1,0,358,-1,13
mb_cap,1,7073,118,0,0,1,0,-1,357,0,13
mb_cap,1,7074,118,2,0,0,0,2,359,0,13
mb_cap,1,7075,118,0,0,1,0,-1,358,0,13
mb_cap,1,7076,118,0,0,1,0,-1,357,0,13
mb_cap,1,7077,118,1,3,2,4,-1,356,-1,12
mb_cap,1,7078,118,2,0,0,0,2,358,0,12
mb_cap,1,7079,118,0,0,2,0,-2,356,0,12
mb_cap,1,7080,118,0,0,0,0,0,356,0,12
mb_cap,1,7081,119,0,0,1,0,-1,355,0,12
mb_cap,1,7082,119,2,0,0,0,2,357,0,12
mb_cap,1,7083,119,0,0,1,0,-1,356,0,12
mb_cap,1,7084,119,0,0,0,0,0,356,0,12
mb_cap,1,7085,119,0,0,1,0,-1,355,0,12
mb_cap,1,7086,119,2,0,0,0,2,357,0,12
mb_cap,1,7087,119,0,0,1,0,-1,356,0,12
mb_cap,1,7088,119,0,0,0,0,0,356,0,12
mb_cap,1,7089,119,1,0,2,0,-1,355,0,12
mb_cap,1,7090,119,3,0,1,0,2,357,0,12
mb_cap,1,7091,119,0,0,1,0,-1,356,0,12
mb_cap,1,7092,119,0,0,0,0,0,356,0,12
mb_cap,1,7093,119,0,0,2,0,-2,354,0,12
mb_cap,1,7094,119,2,0,0,0,2,356,0,12
mb_cap,1,7095,119,0,0,1,0,-1,355,0,12
mb_cap,1,7096,119,0,0,0,0,0,355,0,12
mb_cap,1,7097,119,1,1,2,2,-1,354,-1,11
mb_cap,1,7098,119,3,0,1,0,2,356,0,11
mb_cap,1,7099,119,0,2,1,3,-1,355,-1,10
mb_cap,1,7100,119,0,0,0,0,0,355,0,10
mb_cap,1,7101,119,1,0,2,0,-1,354,0,10
mb_cap,1,7102,119,2,0,0,0,2,356,0,10
mb_cap,1,7103,119,0,0,0,0,0,356,0,10
mb_cap,1,7104,119,0,0,1,0,-1,355,0,10
mb_cap,1,7105,119,0,0,0,0,0,355,0,10
mb_cap,1,7106,119,0,0,1,0,-1,354,0,10
mb_cap,1,7107,119,0,0,0,0,0,354,0,10
mb_cap,1,7108,119,0,0,1,0,-1,353,0,10
mb_cap,1,7109,119,0,0,0,0,0,353,0,10
mb_cap,1,7110,119,2,0,1,0,1,354,0,10
mb_cap,1,7111,119,0,0,0,0,0,354,0,10
mb_cap,1,7112,119,0,0,1,0,-1,353,0,10
mb_cap,1,7113,119,0,0,1,0,-1,352,0,10
mb_cap,1,7114,119,1,0,0,0,1,353,0,10
mb_cap,1,7115,119,0,0,1,0,-1,352,0,10
mb_cap,1,7116,119,0,0,0,0,0,352,0,10
mb_cap,1,7117,119,0,0,1,0,-1,351,0,10
mb_cap,1,7118,119,1,0,0,0,1,352,0,10
mb_cap,1,7119,119,0,0,1,0,-1,351,0,10
mb_cap,1,7120,119,0,0,0,0,0,351,0,10
mb_cap,1,7121,119,0,0,1,0,-1,350,0,10
mb_cap,1,7122,119,1,0,0,0,1,351,0,10
mb_cap,1,7123,119,2,0,2,0,0,351,0,10
mb_cap,1,7124,119,0,0,0,0,0,351,0,10
mb_cap,1,7125,119,0,0,1,0,-1,350,0,10
mb_cap,1,7126,119,2,0,0,0,2,352,0,10
mb_cap,1,7127,119,0,0,1,0,-1,351,0,10
mb_cap,1,7128,119,0,0,0,0,0,351,0,10
mb_cap,1,7129,119,0,0,1,0,-1,350,0,10
mb_cap,1,7130,119,4,1,1,2,3,353,-1,9
mb_cap,1,7131,119,0,0,1,0,-1,352,0,9
mb_cap,1,7132,119,0,0,0,0,0,352,0,9
mb_cap,1,7133,119,1,0,2,0,-1,351,0,9
mb_cap,1,7134,119,2,0,1,0,1,352,0,9
mb_cap,1,7135,119,0,0,1,0,-1,351,0,9
mb_cap,1,7136,119,0,0,0,0,0,351,0,9
mb_cap,1,7137,119,0,0,1,0,-1,350,0,9
mb_cap,1,7138,119,2,0,0,0,2,352,0,9
mb_cap,1,7139,119,0,0,1,0,-1,351,0,9
mb_cap,1,7140,119,0,0,1,0,-1,350,0,9
mb_cap,1,7141,120,0,0,1,0,-1,349,0,9
mb_cap,1,7142,120,2,0,0,0,2,351,0,9
mb_cap,1,7143,120,1,3,1,3,0,351,0,9
mb_cap,1,7144,120,0,2,0,3,0,351,-1,8
mb_cap,1,7145,120,0,0,2,0,-2,349,0,8
mb_cap,1,7146,120,3,1,1,0,2,351,1,9
mb_cap,1,7147,120,0,0,1,2,-1,350,-2,7
mb_cap,1,7148,120,0,0,0,0,0,350,0,7
mb_cap,1,7149,120,0,0,1,0,-1,349,0,7
mb_cap,1,7150,120,4,2,0,3,4,353,-1,6
mb_cap,1,7151,120,0,0,2,0,-2,351,0,6
mb_cap,1,7152,120,0,2,0,3,0,351,-1,5
mb_cap,1,7153,120,2,0,2,0,0,351,0,5
mb_cap,1,7154,120,2,0,0,0,2,353,0,5
mb_cap,1,7155,120,0,0,1,0,-1,352,0,5
mb_cap,1,7156,120,0,0,0,0,0,352,0,5
mb_cap,1,7157,120,0,0,1,0,-1,351,0,5
mb_cap,1,7158,120,3,0,1,0,2,353,0,5
mb_cap,1,7159,120,0,0,1,0,-1,352,0,5
mb_cap,1,7160,120,0,0,0,0,0,352,0,5
mb_cap,1,7161,120,0,0,1,0,-1,351,0,5
mb_cap,1,7162,120,2,0,1,0,1,352,0,5
mb_cap,1,7163,120,0,0,2,0,-2,350,0,5
mb_cap,1,7164,120,0,3,0,4,0,350,-1,4
mb_cap,1,7165,120,0,0,1,0,-1,349,0,4
mb_cap,1,7166,120,2,0,0,0,2,351,0,4
mb_cap,1,7167,120,0,0,1,0,-1,350,0,4
mb_cap,1,7168,120,0,0,0,0,0,350,0,4
mb_cap,1,7169,120,0,0,1,1,-1,349,-1,3
mb_cap,1,7170,120,2,0,1,0,1,350,0,3
mb_cap,1,7171,120,0,0,1,0,-1,349,0,3
mb_cap,1,7172,120,0,0,0,0,0,349,0,3
mb_cap,1,7173,120,0,0,1,0,-1,348,0,3
mb_cap,1,7174,120,2,0,0,0,2,350,0,3
mb_cap,1,7175,120,0,0,1,0,-1,349,0,3
mb_cap,1,7176,120,1,0,0,0,1,350,0,3
mb_cap,1,7177,120,0,0,1,0,-1,349,0,3
mb_cap,1,7178,120,2,0,0,0,2,351,0,3
mb_cap,1,7179,120,0,0,1,0,-1,350,0,3
mb_cap,1,7180,120,0,0,0,0,0,350,0,3
mb_cap,1,7181,120,0,0,1,0,-1,349,0,3
mb_cap,1,7182,120,3,0,1,0,2,351,0,3
mb_cap,1,7183,120,0,0,1,0,-1,350,0,3
mb_cap,1,7184,120,0,0,0,0,0,350,0,3
mb_cap,1,7185,120,0,0,1,0,-1,349,0,3
mb_cap,1,7186,120,2,0,0,0,2,351,0,3
mb_cap,1,7187,120,1,0,1,0,0,351,0,3
mb_cap,1,7188,120,0,4,0,4,0,351,0,3
mb_cap,1,7189,120,0,0,1,0,-1,350,0,3
mb_cap,1,7190,120,2,0,0,0,2,352,0,3
mb_cap,1,7191,120,0,0,1,0,-1,351,0,3
mb_cap,1,7192,120,0,0,0,1,0,351,-1,2
mb_cap,1,7193,120,0,0,1,0,-1,350,0,2
mb_cap,1,7194,120,4,0,2,1,2,352,-1,1
mb_cap,1,7195,120,1,1,1,2,0,352,-1,0
mb_cap,1,7196,120,0,0,0,0,0,352,0,0
mb_cap,1,7197,120,0,0,1,0,-1,351,0,0
mb_cap,1,7198,120,2,0,0,0,2,353,0,0
mb_cap,1,7199,120,0,1,1,1,-1,352,0,0
mb_cap,1,7200,120,0,0,0,0,0,352,0,0
